2026-02-12 01:49:31,089 - DEBUG - Using selector: EpollSelector
2026-02-12 01:49:38,960 - INFO - Initiating SSH connection to 192.168.1.5:22
2026-02-12 01:49:38,960 - INFO - Attempting login for user: kevin
2026-02-12 01:49:38,963 - DEBUG - starting thread (client mode): 0xd3f3ea50
2026-02-12 01:49:38,964 - DEBUG - Local version/idstring: SSH-2.0-paramiko_4.0.0
2026-02-12 01:49:38,977 - DEBUG - Remote version/idstring: SSH-2.0-OpenSSH_9.6p1 Ubuntu-3ubuntu13.11
2026-02-12 01:49:38,977 - INFO - Connected (version 2.0, client OpenSSH_9.6p1)
2026-02-12 01:49:38,979 - DEBUG - === Key exchange possibilities ===
2026-02-12 01:49:38,979 - DEBUG - kex algos: sntrup761x25519-sha512@openssh.com, curve25519-sha256, curve25519-sha256@libssh.org, ecdh-sha2-nistp256, ecdh-sha2-nistp384, ecdh-sha2-nistp521, diffie-hellman-group-exchange-sha256, diffie-hellman-group16-sha512, diffie-hellman-group18-sha512, diffie-hellman-group14-sha256, ext-info-s, kex-strict-s-v00@openssh.com
2026-02-12 01:49:38,979 - DEBUG - server key: rsa-sha2-512, rsa-sha2-256, ecdsa-sha2-nistp256, ssh-ed25519
2026-02-12 01:49:38,979 - DEBUG - client encrypt: chacha20-poly1305@openssh.com, aes128-ctr, aes192-ctr, aes256-ctr, aes128-gcm@openssh.com, aes256-gcm@openssh.com
2026-02-12 01:49:38,980 - DEBUG - server encrypt: chacha20-poly1305@openssh.com, aes128-ctr, aes192-ctr, aes256-ctr, aes128-gcm@openssh.com, aes256-gcm@openssh.com
2026-02-12 01:49:38,980 - DEBUG - client mac: umac-64-etm@openssh.com, umac-128-etm@openssh.com, hmac-sha2-256-etm@openssh.com, hmac-sha2-512-etm@openssh.com, hmac-sha1-etm@openssh.com, umac-64@openssh.com, umac-128@openssh.com, hmac-sha2-256, hmac-sha2-512, hmac-sha1
2026-02-12 01:49:38,980 - DEBUG - server mac: umac-64-etm@openssh.com, umac-128-etm@openssh.com, hmac-sha2-256-etm@openssh.com, hmac-sha2-512-etm@openssh.com, hmac-sha1-etm@openssh.com, umac-64@openssh.com, umac-128@openssh.com, hmac-sha2-256, hmac-sha2-512, hmac-sha1
2026-02-12 01:49:38,980 - DEBUG - client compress: none, zlib@openssh.com
2026-02-12 01:49:38,980 - DEBUG - server compress: none, zlib@openssh.com
2026-02-12 01:49:38,980 - DEBUG - client lang: <none>
2026-02-12 01:49:38,980 - DEBUG - server lang: <none>
2026-02-12 01:49:38,980 - DEBUG - kex follows: False
2026-02-12 01:49:38,980 - DEBUG - === Key exchange agreements ===
2026-02-12 01:49:38,980 - DEBUG - Strict kex mode: True
2026-02-12 01:49:38,980 - DEBUG - Kex: curve25519-sha256@libssh.org
2026-02-12 01:49:38,981 - DEBUG - HostKey: ssh-ed25519
2026-02-12 01:49:38,981 - DEBUG - Cipher: aes128-ctr
2026-02-12 01:49:38,981 - DEBUG - MAC: hmac-sha2-256
2026-02-12 01:49:38,981 - DEBUG - Compression: none
2026-02-12 01:49:38,981 - DEBUG - === End of kex handshake ===
2026-02-12 01:49:38,991 - DEBUG - Resetting outbound seqno after NEWKEYS due to strict mode
2026-02-12 01:49:38,991 - DEBUG - kex engine KexCurve25519 specified hash_algo <built-in function openssl_sha256>
2026-02-12 01:49:38,992 - DEBUG - Switch to new keys ...
2026-02-12 01:49:38,993 - DEBUG - Resetting inbound seqno after NEWKEYS due to strict mode
2026-02-12 01:49:38,993 - DEBUG - Got EXT_INFO: {'server-sig-algs': b'ssh-ed25519,ecdsa-sha2-nistp256,ecdsa-sha2-nistp384,ecdsa-sha2-nistp521,sk-ssh-ed25519@openssh.com,sk-ecdsa-sha2-nistp256@openssh.com,rsa-sha2-512,rsa-sha2-256', 'publickey-hostbound@openssh.com': b'0', 'ping@openssh.com': b'0'}
2026-02-12 01:49:38,993 - DEBUG - Adding ssh-ed25519 host key for 192.168.1.5: b'05b4c881009e843d53172fd7a680af53'
2026-02-12 01:49:39,032 - DEBUG - userauth is OK
2026-02-12 01:49:39,054 - INFO - Authentication (password) successful!
2026-02-12 01:49:39,054 - INFO - SSH connection established. Opening SFTP session...
2026-02-12 01:49:39,054 - DEBUG - [chan 0] Max packet in: 32768 bytes
2026-02-12 01:49:39,499 - DEBUG - Received global request "hostkeys-00@openssh.com"
2026-02-12 01:49:39,499 - DEBUG - Rejecting "hostkeys-00@openssh.com" global request from server.
2026-02-12 01:49:39,539 - DEBUG - [chan 0] Max packet out: 32768 bytes
2026-02-12 01:49:39,539 - DEBUG - Secsh channel 0 opened.
2026-02-12 01:49:39,541 - DEBUG - [chan 0] Sesch channel 0 request ok
2026-02-12 01:49:39,546 - INFO - [chan 0] Opened sftp connection (server version 3)
2026-02-12 01:49:39,546 - INFO - SFTP session opened successfully.
2026-02-12 01:49:39,546 - DEBUG - [chan 0] mkdir(b'/home/kevin/test', 511)
2026-02-12 01:49:39,547 - INFO - Closing SFTP and SSH connections.
2026-02-12 01:49:39,547 - INFO - [chan 0] sftp session closed.
2026-02-12 01:49:39,547 - DEBUG - [chan 0] EOF sent (0)
2026-02-12 01:52:54,416 - DEBUG - Using selector: EpollSelector
2026-02-12 01:53:03,985 - DEBUG - Using selector: EpollSelector
2026-02-12 01:53:08,286 - INFO - Initiating SSH connection to 192.168.1.5:22
2026-02-12 01:53:08,286 - INFO - Attempting login for user: kevin
2026-02-12 01:53:08,288 - DEBUG - starting thread (client mode): 0x66c1a900
2026-02-12 01:53:08,289 - DEBUG - Local version/idstring: SSH-2.0-paramiko_4.0.0
2026-02-12 01:53:08,303 - DEBUG - Remote version/idstring: SSH-2.0-OpenSSH_9.6p1 Ubuntu-3ubuntu13.11
2026-02-12 01:53:08,303 - INFO - Connected (version 2.0, client OpenSSH_9.6p1)
2026-02-12 01:53:08,305 - DEBUG - === Key exchange possibilities ===
2026-02-12 01:53:08,305 - DEBUG - kex algos: sntrup761x25519-sha512@openssh.com, curve25519-sha256, curve25519-sha256@libssh.org, ecdh-sha2-nistp256, ecdh-sha2-nistp384, ecdh-sha2-nistp521, diffie-hellman-group-exchange-sha256, diffie-hellman-group16-sha512, diffie-hellman-group18-sha512, diffie-hellman-group14-sha256, ext-info-s, kex-strict-s-v00@openssh.com
2026-02-12 01:53:08,305 - DEBUG - server key: rsa-sha2-512, rsa-sha2-256, ecdsa-sha2-nistp256, ssh-ed25519
2026-02-12 01:53:08,305 - DEBUG - client encrypt: chacha20-poly1305@openssh.com, aes128-ctr, aes192-ctr, aes256-ctr, aes128-gcm@openssh.com, aes256-gcm@openssh.com
2026-02-12 01:53:08,305 - DEBUG - server encrypt: chacha20-poly1305@openssh.com, aes128-ctr, aes192-ctr, aes256-ctr, aes128-gcm@openssh.com, aes256-gcm@openssh.com
2026-02-12 01:53:08,305 - DEBUG - client mac: umac-64-etm@openssh.com, umac-128-etm@openssh.com, hmac-sha2-256-etm@openssh.com, hmac-sha2-512-etm@openssh.com, hmac-sha1-etm@openssh.com, umac-64@openssh.com, umac-128@openssh.com, hmac-sha2-256, hmac-sha2-512, hmac-sha1
2026-02-12 01:53:08,305 - DEBUG - server mac: umac-64-etm@openssh.com, umac-128-etm@openssh.com, hmac-sha2-256-etm@openssh.com, hmac-sha2-512-etm@openssh.com, hmac-sha1-etm@openssh.com, umac-64@openssh.com, umac-128@openssh.com, hmac-sha2-256, hmac-sha2-512, hmac-sha1
2026-02-12 01:53:08,305 - DEBUG - client compress: none, zlib@openssh.com
2026-02-12 01:53:08,305 - DEBUG - server compress: none, zlib@openssh.com
2026-02-12 01:53:08,306 - DEBUG - client lang: <none>
2026-02-12 01:53:08,306 - DEBUG - server lang: <none>
2026-02-12 01:53:08,306 - DEBUG - kex follows: False
2026-02-12 01:53:08,306 - DEBUG - === Key exchange agreements ===
2026-02-12 01:53:08,306 - DEBUG - Strict kex mode: True
2026-02-12 01:53:08,306 - DEBUG - Kex: curve25519-sha256@libssh.org
2026-02-12 01:53:08,306 - DEBUG - HostKey: ssh-ed25519
2026-02-12 01:53:08,306 - DEBUG - Cipher: aes128-ctr
2026-02-12 01:53:08,306 - DEBUG - MAC: hmac-sha2-256
2026-02-12 01:53:08,306 - DEBUG - Compression: none
2026-02-12 01:53:08,307 - DEBUG - === End of kex handshake ===
2026-02-12 01:53:08,316 - DEBUG - Resetting outbound seqno after NEWKEYS due to strict mode
2026-02-12 01:53:08,316 - DEBUG - kex engine KexCurve25519 specified hash_algo <built-in function openssl_sha256>
2026-02-12 01:53:08,317 - DEBUG - Switch to new keys ...
2026-02-12 01:53:08,317 - DEBUG - Resetting inbound seqno after NEWKEYS due to strict mode
2026-02-12 01:53:08,317 - DEBUG - Adding ssh-ed25519 host key for 192.168.1.5: b'05b4c881009e843d53172fd7a680af53'
2026-02-12 01:53:08,317 - DEBUG - Got EXT_INFO: {'server-sig-algs': b'ssh-ed25519,ecdsa-sha2-nistp256,ecdsa-sha2-nistp384,ecdsa-sha2-nistp521,sk-ssh-ed25519@openssh.com,sk-ecdsa-sha2-nistp256@openssh.com,rsa-sha2-512,rsa-sha2-256', 'publickey-hostbound@openssh.com': b'0', 'ping@openssh.com': b'0'}
2026-02-12 01:53:08,358 - DEBUG - userauth is OK
2026-02-12 01:53:08,379 - INFO - Authentication (password) successful!
2026-02-12 01:53:08,380 - INFO - SSH connection established. Opening SFTP session...
2026-02-12 01:53:08,381 - DEBUG - [chan 0] Max packet in: 32768 bytes
2026-02-12 01:53:08,821 - DEBUG - Received global request "hostkeys-00@openssh.com"
2026-02-12 01:53:08,821 - DEBUG - Rejecting "hostkeys-00@openssh.com" global request from server.
2026-02-12 01:53:08,862 - DEBUG - [chan 0] Max packet out: 32768 bytes
2026-02-12 01:53:08,862 - DEBUG - Secsh channel 0 opened.
2026-02-12 01:53:08,864 - DEBUG - [chan 0] Sesch channel 0 request ok
2026-02-12 01:53:08,868 - INFO - [chan 0] Opened sftp connection (server version 3)
2026-02-12 01:53:08,868 - INFO - SFTP session opened successfully.
2026-02-12 01:53:08,868 - INFO - Scanning directory: core
2026-02-12 01:53:08,869 - DEBUG - [chan 0] mkdir(b'/home/kevin/test/core', 511)
2026-02-12 01:53:08,870 - INFO - Created remote folder: /home/kevin/test/core
2026-02-12 01:53:08,870 - INFO - Closing SFTP and SSH connections.
2026-02-12 01:53:08,870 - INFO - [chan 0] sftp session closed.
2026-02-12 01:53:08,870 - DEBUG - [chan 0] EOF sent (0)
2026-02-12 01:53:23,851 - DEBUG - Using selector: EpollSelector
2026-02-12 01:53:31,597 - INFO - Initiating SSH connection to 192.168.1.5:22
2026-02-12 01:53:31,597 - INFO - Attempting login for user: kevin
2026-02-12 01:53:31,602 - DEBUG - starting thread (client mode): 0x4be1acf0
2026-02-12 01:53:31,602 - DEBUG - Local version/idstring: SSH-2.0-paramiko_4.0.0
2026-02-12 01:53:31,616 - DEBUG - Remote version/idstring: SSH-2.0-OpenSSH_9.6p1 Ubuntu-3ubuntu13.11
2026-02-12 01:53:31,616 - INFO - Connected (version 2.0, client OpenSSH_9.6p1)
2026-02-12 01:53:31,618 - DEBUG - === Key exchange possibilities ===
2026-02-12 01:53:31,618 - DEBUG - kex algos: sntrup761x25519-sha512@openssh.com, curve25519-sha256, curve25519-sha256@libssh.org, ecdh-sha2-nistp256, ecdh-sha2-nistp384, ecdh-sha2-nistp521, diffie-hellman-group-exchange-sha256, diffie-hellman-group16-sha512, diffie-hellman-group18-sha512, diffie-hellman-group14-sha256, ext-info-s, kex-strict-s-v00@openssh.com
2026-02-12 01:53:31,618 - DEBUG - server key: rsa-sha2-512, rsa-sha2-256, ecdsa-sha2-nistp256, ssh-ed25519
2026-02-12 01:53:31,618 - DEBUG - client encrypt: chacha20-poly1305@openssh.com, aes128-ctr, aes192-ctr, aes256-ctr, aes128-gcm@openssh.com, aes256-gcm@openssh.com
2026-02-12 01:53:31,618 - DEBUG - server encrypt: chacha20-poly1305@openssh.com, aes128-ctr, aes192-ctr, aes256-ctr, aes128-gcm@openssh.com, aes256-gcm@openssh.com
2026-02-12 01:53:31,619 - DEBUG - client mac: umac-64-etm@openssh.com, umac-128-etm@openssh.com, hmac-sha2-256-etm@openssh.com, hmac-sha2-512-etm@openssh.com, hmac-sha1-etm@openssh.com, umac-64@openssh.com, umac-128@openssh.com, hmac-sha2-256, hmac-sha2-512, hmac-sha1
2026-02-12 01:53:31,619 - DEBUG - server mac: umac-64-etm@openssh.com, umac-128-etm@openssh.com, hmac-sha2-256-etm@openssh.com, hmac-sha2-512-etm@openssh.com, hmac-sha1-etm@openssh.com, umac-64@openssh.com, umac-128@openssh.com, hmac-sha2-256, hmac-sha2-512, hmac-sha1
2026-02-12 01:53:31,619 - DEBUG - client compress: none, zlib@openssh.com
2026-02-12 01:53:31,619 - DEBUG - server compress: none, zlib@openssh.com
2026-02-12 01:53:31,619 - DEBUG - client lang: <none>
2026-02-12 01:53:31,619 - DEBUG - server lang: <none>
2026-02-12 01:53:31,619 - DEBUG - kex follows: False
2026-02-12 01:53:31,619 - DEBUG - === Key exchange agreements ===
2026-02-12 01:53:31,620 - DEBUG - Strict kex mode: True
2026-02-12 01:53:31,620 - DEBUG - Kex: curve25519-sha256@libssh.org
2026-02-12 01:53:31,620 - DEBUG - HostKey: ssh-ed25519
2026-02-12 01:53:31,620 - DEBUG - Cipher: aes128-ctr
2026-02-12 01:53:31,620 - DEBUG - MAC: hmac-sha2-256
2026-02-12 01:53:31,620 - DEBUG - Compression: none
2026-02-12 01:53:31,620 - DEBUG - === End of kex handshake ===
2026-02-12 01:53:31,630 - DEBUG - Resetting outbound seqno after NEWKEYS due to strict mode
2026-02-12 01:53:31,630 - DEBUG - kex engine KexCurve25519 specified hash_algo <built-in function openssl_sha256>
2026-02-12 01:53:31,630 - DEBUG - Switch to new keys ...
2026-02-12 01:53:31,630 - DEBUG - Resetting inbound seqno after NEWKEYS due to strict mode
2026-02-12 01:53:31,631 - DEBUG - Got EXT_INFO: {'server-sig-algs': b'ssh-ed25519,ecdsa-sha2-nistp256,ecdsa-sha2-nistp384,ecdsa-sha2-nistp521,sk-ssh-ed25519@openssh.com,sk-ecdsa-sha2-nistp256@openssh.com,rsa-sha2-512,rsa-sha2-256', 'publickey-hostbound@openssh.com': b'0', 'ping@openssh.com': b'0'}
2026-02-12 01:53:31,631 - DEBUG - Adding ssh-ed25519 host key for 192.168.1.5: b'05b4c881009e843d53172fd7a680af53'
2026-02-12 01:53:31,671 - DEBUG - userauth is OK
2026-02-12 01:53:31,692 - INFO - Authentication (password) successful!
2026-02-12 01:53:31,693 - INFO - SSH connection established. Opening SFTP session...
2026-02-12 01:53:31,693 - DEBUG - [chan 0] Max packet in: 32768 bytes
2026-02-12 01:53:31,761 - DEBUG - Received global request "hostkeys-00@openssh.com"
2026-02-12 01:53:31,761 - DEBUG - Rejecting "hostkeys-00@openssh.com" global request from server.
2026-02-12 01:53:31,801 - DEBUG - [chan 0] Max packet out: 32768 bytes
2026-02-12 01:53:31,801 - DEBUG - Secsh channel 0 opened.
2026-02-12 01:53:31,803 - DEBUG - [chan 0] Sesch channel 0 request ok
2026-02-12 01:53:31,807 - INFO - [chan 0] Opened sftp connection (server version 3)
2026-02-12 01:53:31,807 - INFO - SFTP session opened successfully.
2026-02-12 01:53:31,807 - INFO - Scanning directory: lib
2026-02-12 01:53:31,807 - DEBUG - [chan 0] mkdir(b'/home/kevin/test/lib', 511)
2026-02-12 01:53:31,808 - INFO - Created remote folder: /home/kevin/test/lib
2026-02-12 01:53:31,809 - INFO - Starting upload: lib/_cffi_backend.cpython-314-x86_64-linux-gnu.so -> /home/kevin/test/lib/_cffi_backend.cpython-314-x86_64-linux-gnu.so (344664 bytes)
2026-02-12 01:53:31,814 - DEBUG - [chan 0] open(b'/home/kevin/test/lib/_cffi_backend.cpython-314-x86_64-linux-gnu.so', 'wb')
2026-02-12 01:53:31,815 - DEBUG - [chan 0] open(b'/home/kevin/test/lib/_cffi_backend.cpython-314-x86_64-linux-gnu.so', 'wb') -> 00000000
2026-02-12 01:53:31,837 - DEBUG - Progress: 262144/344664 bytes
2026-02-12 01:53:31,841 - DEBUG - [chan 0] close(00000000)
2026-02-12 01:53:31,864 - DEBUG - [chan 0] stat(b'/home/kevin/test/lib/_cffi_backend.cpython-314-x86_64-linux-gnu.so')
2026-02-12 01:53:31,867 - INFO - Upload completed successfully: _cffi_backend.cpython-314-x86_64-linux-gnu.so
2026-02-12 01:53:31,867 - INFO - Starting upload: lib/ftp.py -> /home/kevin/test/lib/ftp.py (7041 bytes)
2026-02-12 01:53:31,871 - DEBUG - [chan 0] open(b'/home/kevin/test/lib/ftp.py', 'wb')
2026-02-12 01:53:31,872 - DEBUG - [chan 0] open(b'/home/kevin/test/lib/ftp.py', 'wb') -> 00000000
2026-02-12 01:53:31,872 - DEBUG - Progress: 7041/7041 bytes
2026-02-12 01:53:31,872 - DEBUG - [chan 0] close(00000000)
2026-02-12 01:53:31,874 - DEBUG - [chan 0] stat(b'/home/kevin/test/lib/ftp.py')
2026-02-12 01:53:31,878 - INFO - Upload completed successfully: ftp.py
2026-02-12 01:53:31,878 - DEBUG - [chan 0] mkdir(b'/home/kevin/test/lib/questionary-2.1.1.dist-info', 511)
2026-02-12 01:53:31,879 - INFO - Created remote folder: /home/kevin/test/lib/questionary-2.1.1.dist-info
2026-02-12 01:53:31,879 - INFO - Starting upload: lib/questionary-2.1.1.dist-info/RECORD -> /home/kevin/test/lib/questionary-2.1.1.dist-info/RECORD (3363 bytes)
2026-02-12 01:53:31,883 - DEBUG - [chan 0] open(b'/home/kevin/test/lib/questionary-2.1.1.dist-info/RECORD', 'wb')
2026-02-12 01:53:31,884 - DEBUG - [chan 0] open(b'/home/kevin/test/lib/questionary-2.1.1.dist-info/RECORD', 'wb') -> 00000000
2026-02-12 01:53:31,884 - DEBUG - Progress: 3363/3363 bytes
2026-02-12 01:53:31,884 - DEBUG - [chan 0] close(00000000)
2026-02-12 01:53:31,885 - DEBUG - [chan 0] stat(b'/home/kevin/test/lib/questionary-2.1.1.dist-info/RECORD')
2026-02-12 01:53:31,889 - INFO - Upload completed successfully: RECORD
2026-02-12 01:53:31,889 - INFO - Starting upload: lib/questionary-2.1.1.dist-info/REQUESTED -> /home/kevin/test/lib/questionary-2.1.1.dist-info/REQUESTED (0 bytes)
2026-02-12 01:53:31,893 - DEBUG - [chan 0] open(b'/home/kevin/test/lib/questionary-2.1.1.dist-info/REQUESTED', 'wb')
2026-02-12 01:53:31,894 - DEBUG - [chan 0] open(b'/home/kevin/test/lib/questionary-2.1.1.dist-info/REQUESTED', 'wb') -> 00000000
2026-02-12 01:53:31,894 - DEBUG - [chan 0] close(00000000)
2026-02-12 01:53:31,895 - DEBUG - [chan 0] stat(b'/home/kevin/test/lib/questionary-2.1.1.dist-info/REQUESTED')
2026-02-12 01:53:31,898 - INFO - Upload completed successfully: REQUESTED
2026-02-12 01:53:31,899 - INFO - Starting upload: lib/questionary-2.1.1.dist-info/INSTALLER -> /home/kevin/test/lib/questionary-2.1.1.dist-info/INSTALLER (4 bytes)
2026-02-12 01:53:31,903 - DEBUG - [chan 0] open(b'/home/kevin/test/lib/questionary-2.1.1.dist-info/INSTALLER', 'wb')
2026-02-12 01:53:31,904 - DEBUG - [chan 0] open(b'/home/kevin/test/lib/questionary-2.1.1.dist-info/INSTALLER', 'wb') -> 00000000
2026-02-12 01:53:31,904 - DEBUG - Progress: 4/4 bytes
2026-02-12 01:53:31,904 - DEBUG - [chan 0] close(00000000)
2026-02-12 01:53:31,905 - DEBUG - [chan 0] stat(b'/home/kevin/test/lib/questionary-2.1.1.dist-info/INSTALLER')
2026-02-12 01:53:31,908 - INFO - Upload completed successfully: INSTALLER
2026-02-12 01:53:31,908 - INFO - Starting upload: lib/questionary-2.1.1.dist-info/WHEEL -> /home/kevin/test/lib/questionary-2.1.1.dist-info/WHEEL (88 bytes)
2026-02-12 01:53:31,912 - DEBUG - [chan 0] open(b'/home/kevin/test/lib/questionary-2.1.1.dist-info/WHEEL', 'wb')
2026-02-12 01:53:31,913 - DEBUG - [chan 0] open(b'/home/kevin/test/lib/questionary-2.1.1.dist-info/WHEEL', 'wb') -> 00000000
2026-02-12 01:53:31,913 - DEBUG - Progress: 88/88 bytes
2026-02-12 01:53:31,913 - DEBUG - [chan 0] close(00000000)
2026-02-12 01:53:31,914 - DEBUG - [chan 0] stat(b'/home/kevin/test/lib/questionary-2.1.1.dist-info/WHEEL')
2026-02-12 01:53:31,918 - INFO - Upload completed successfully: WHEEL
2026-02-12 01:53:31,918 - INFO - Starting upload: lib/questionary-2.1.1.dist-info/NOTICE -> /home/kevin/test/lib/questionary-2.1.1.dist-info/NOTICE (2419 bytes)
2026-02-12 01:53:31,922 - DEBUG - [chan 0] open(b'/home/kevin/test/lib/questionary-2.1.1.dist-info/NOTICE', 'wb')
2026-02-12 01:53:31,923 - DEBUG - [chan 0] open(b'/home/kevin/test/lib/questionary-2.1.1.dist-info/NOTICE', 'wb') -> 00000000
2026-02-12 01:53:31,923 - DEBUG - Progress: 2419/2419 bytes
2026-02-12 01:53:31,924 - DEBUG - [chan 0] close(00000000)
2026-02-12 01:53:31,925 - DEBUG - [chan 0] stat(b'/home/kevin/test/lib/questionary-2.1.1.dist-info/NOTICE')
2026-02-12 01:53:31,928 - INFO - Upload completed successfully: NOTICE
2026-02-12 01:53:31,928 - INFO - Starting upload: lib/questionary-2.1.1.dist-info/METADATA -> /home/kevin/test/lib/questionary-2.1.1.dist-info/METADATA (5402 bytes)
2026-02-12 01:53:31,931 - DEBUG - [chan 0] open(b'/home/kevin/test/lib/questionary-2.1.1.dist-info/METADATA', 'wb')
2026-02-12 01:53:31,932 - DEBUG - [chan 0] open(b'/home/kevin/test/lib/questionary-2.1.1.dist-info/METADATA', 'wb') -> 00000000
2026-02-12 01:53:31,932 - DEBUG - Progress: 5402/5402 bytes
2026-02-12 01:53:31,932 - DEBUG - [chan 0] close(00000000)
2026-02-12 01:53:31,934 - DEBUG - [chan 0] stat(b'/home/kevin/test/lib/questionary-2.1.1.dist-info/METADATA')
2026-02-12 01:53:31,935 - INFO - Upload completed successfully: METADATA
2026-02-12 01:53:31,935 - INFO - Starting upload: lib/questionary-2.1.1.dist-info/LICENSE -> /home/kevin/test/lib/questionary-2.1.1.dist-info/LICENSE (1070 bytes)
2026-02-12 01:53:31,936 - DEBUG - [chan 0] open(b'/home/kevin/test/lib/questionary-2.1.1.dist-info/LICENSE', 'wb')
2026-02-12 01:53:31,937 - DEBUG - [chan 0] open(b'/home/kevin/test/lib/questionary-2.1.1.dist-info/LICENSE', 'wb') -> 00000000
2026-02-12 01:53:31,937 - DEBUG - Progress: 1070/1070 bytes
2026-02-12 01:53:31,937 - DEBUG - [chan 0] close(00000000)
2026-02-12 01:53:31,938 - DEBUG - [chan 0] stat(b'/home/kevin/test/lib/questionary-2.1.1.dist-info/LICENSE')
2026-02-12 01:53:31,940 - INFO - Upload completed successfully: LICENSE
2026-02-12 01:53:31,940 - DEBUG - [chan 0] mkdir(b'/home/kevin/test/lib/questionary', 511)
2026-02-12 01:53:31,940 - INFO - Created remote folder: /home/kevin/test/lib/questionary
2026-02-12 01:53:31,940 - INFO - Starting upload: lib/questionary/version.py -> /home/kevin/test/lib/questionary/version.py (22 bytes)
2026-02-12 01:53:31,942 - DEBUG - [chan 0] open(b'/home/kevin/test/lib/questionary/version.py', 'wb')
2026-02-12 01:53:31,942 - DEBUG - [chan 0] open(b'/home/kevin/test/lib/questionary/version.py', 'wb') -> 00000000
2026-02-12 01:53:31,943 - DEBUG - Progress: 22/22 bytes
2026-02-12 01:53:31,943 - DEBUG - [chan 0] close(00000000)
2026-02-12 01:53:31,943 - DEBUG - [chan 0] stat(b'/home/kevin/test/lib/questionary/version.py')
2026-02-12 01:53:31,945 - INFO - Upload completed successfully: version.py
2026-02-12 01:53:31,945 - INFO - Starting upload: lib/questionary/utils.py -> /home/kevin/test/lib/questionary/utils.py (2300 bytes)
2026-02-12 01:53:31,946 - DEBUG - [chan 0] open(b'/home/kevin/test/lib/questionary/utils.py', 'wb')
2026-02-12 01:53:31,947 - DEBUG - [chan 0] open(b'/home/kevin/test/lib/questionary/utils.py', 'wb') -> 00000000
2026-02-12 01:53:31,947 - DEBUG - Progress: 2300/2300 bytes
2026-02-12 01:53:31,947 - DEBUG - [chan 0] close(00000000)
2026-02-12 01:53:31,948 - DEBUG - [chan 0] stat(b'/home/kevin/test/lib/questionary/utils.py')
2026-02-12 01:53:31,950 - INFO - Upload completed successfully: utils.py
2026-02-12 01:53:31,950 - INFO - Starting upload: lib/questionary/styles.py -> /home/kevin/test/lib/questionary/styles.py (595 bytes)
2026-02-12 01:53:31,951 - DEBUG - [chan 0] open(b'/home/kevin/test/lib/questionary/styles.py', 'wb')
2026-02-12 01:53:31,952 - DEBUG - [chan 0] open(b'/home/kevin/test/lib/questionary/styles.py', 'wb') -> 00000000
2026-02-12 01:53:31,952 - DEBUG - Progress: 595/595 bytes
2026-02-12 01:53:31,952 - DEBUG - [chan 0] close(00000000)
2026-02-12 01:53:31,952 - DEBUG - [chan 0] stat(b'/home/kevin/test/lib/questionary/styles.py')
2026-02-12 01:53:31,954 - INFO - Upload completed successfully: styles.py
2026-02-12 01:53:31,954 - INFO - Starting upload: lib/questionary/question.py -> /home/kevin/test/lib/questionary/question.py (3998 bytes)
2026-02-12 01:53:31,956 - DEBUG - [chan 0] open(b'/home/kevin/test/lib/questionary/question.py', 'wb')
2026-02-12 01:53:31,956 - DEBUG - [chan 0] open(b'/home/kevin/test/lib/questionary/question.py', 'wb') -> 00000000
2026-02-12 01:53:31,956 - DEBUG - Progress: 3998/3998 bytes
2026-02-12 01:53:31,956 - DEBUG - [chan 0] close(00000000)
2026-02-12 01:53:31,957 - DEBUG - [chan 0] stat(b'/home/kevin/test/lib/questionary/question.py')
2026-02-12 01:53:31,959 - INFO - Upload completed successfully: question.py
2026-02-12 01:53:31,959 - INFO - Starting upload: lib/questionary/py.typed -> /home/kevin/test/lib/questionary/py.typed (0 bytes)
2026-02-12 01:53:31,960 - DEBUG - [chan 0] open(b'/home/kevin/test/lib/questionary/py.typed', 'wb')
2026-02-12 01:53:31,961 - DEBUG - [chan 0] open(b'/home/kevin/test/lib/questionary/py.typed', 'wb') -> 00000000
2026-02-12 01:53:31,961 - DEBUG - [chan 0] close(00000000)
2026-02-12 01:53:31,961 - DEBUG - [chan 0] stat(b'/home/kevin/test/lib/questionary/py.typed')
2026-02-12 01:53:31,963 - INFO - Upload completed successfully: py.typed
2026-02-12 01:53:31,963 - INFO - Starting upload: lib/questionary/prompt.py -> /home/kevin/test/lib/questionary/prompt.py (8481 bytes)
2026-02-12 01:53:31,964 - DEBUG - [chan 0] open(b'/home/kevin/test/lib/questionary/prompt.py', 'wb')
2026-02-12 01:53:31,965 - DEBUG - [chan 0] open(b'/home/kevin/test/lib/questionary/prompt.py', 'wb') -> 00000000
2026-02-12 01:53:31,965 - DEBUG - Progress: 8481/8481 bytes
2026-02-12 01:53:31,965 - DEBUG - [chan 0] close(00000000)
2026-02-12 01:53:31,966 - DEBUG - [chan 0] stat(b'/home/kevin/test/lib/questionary/prompt.py')
2026-02-12 01:53:31,968 - INFO - Upload completed successfully: prompt.py
2026-02-12 01:53:31,968 - INFO - Starting upload: lib/questionary/form.py -> /home/kevin/test/lib/questionary/form.py (3426 bytes)
2026-02-12 01:53:31,970 - DEBUG - [chan 0] open(b'/home/kevin/test/lib/questionary/form.py', 'wb')
2026-02-12 01:53:31,970 - DEBUG - [chan 0] open(b'/home/kevin/test/lib/questionary/form.py', 'wb') -> 00000000
2026-02-12 01:53:31,971 - DEBUG - Progress: 3426/3426 bytes
2026-02-12 01:53:31,971 - DEBUG - [chan 0] close(00000000)
2026-02-12 01:53:31,972 - DEBUG - [chan 0] stat(b'/home/kevin/test/lib/questionary/form.py')
2026-02-12 01:53:31,973 - INFO - Upload completed successfully: form.py
2026-02-12 01:53:31,973 - INFO - Starting upload: lib/questionary/constants.py -> /home/kevin/test/lib/questionary/constants.py (1946 bytes)
2026-02-12 01:53:31,975 - DEBUG - [chan 0] open(b'/home/kevin/test/lib/questionary/constants.py', 'wb')
2026-02-12 01:53:31,975 - DEBUG - [chan 0] open(b'/home/kevin/test/lib/questionary/constants.py', 'wb') -> 00000000
2026-02-12 01:53:31,975 - DEBUG - Progress: 1946/1946 bytes
2026-02-12 01:53:31,975 - DEBUG - [chan 0] close(00000000)
2026-02-12 01:53:31,977 - DEBUG - [chan 0] stat(b'/home/kevin/test/lib/questionary/constants.py')
2026-02-12 01:53:31,978 - INFO - Upload completed successfully: constants.py
2026-02-12 01:53:31,978 - INFO - Starting upload: lib/questionary/__init__.py -> /home/kevin/test/lib/questionary/__init__.py (1630 bytes)
2026-02-12 01:53:31,979 - DEBUG - [chan 0] open(b'/home/kevin/test/lib/questionary/__init__.py', 'wb')
2026-02-12 01:53:31,980 - DEBUG - [chan 0] open(b'/home/kevin/test/lib/questionary/__init__.py', 'wb') -> 00000000
2026-02-12 01:53:31,980 - DEBUG - Progress: 1630/1630 bytes
2026-02-12 01:53:31,980 - DEBUG - [chan 0] close(00000000)
2026-02-12 01:53:31,981 - DEBUG - [chan 0] stat(b'/home/kevin/test/lib/questionary/__init__.py')
2026-02-12 01:53:31,983 - INFO - Upload completed successfully: __init__.py
2026-02-12 01:53:31,983 - DEBUG - [chan 0] mkdir(b'/home/kevin/test/lib/questionary/__pycache__', 511)
2026-02-12 01:53:31,984 - INFO - Created remote folder: /home/kevin/test/lib/questionary/__pycache__
2026-02-12 01:53:31,984 - INFO - Starting upload: lib/questionary/__pycache__/version.cpython-314.pyc -> /home/kevin/test/lib/questionary/__pycache__/version.cpython-314.pyc (183 bytes)
2026-02-12 01:53:31,985 - DEBUG - [chan 0] open(b'/home/kevin/test/lib/questionary/__pycache__/version.cpython-314.pyc', 'wb')
2026-02-12 01:53:31,986 - DEBUG - [chan 0] open(b'/home/kevin/test/lib/questionary/__pycache__/version.cpython-314.pyc', 'wb') -> 00000000
2026-02-12 01:53:31,986 - DEBUG - Progress: 183/183 bytes
2026-02-12 01:53:31,986 - DEBUG - [chan 0] close(00000000)
2026-02-12 01:53:31,986 - DEBUG - [chan 0] stat(b'/home/kevin/test/lib/questionary/__pycache__/version.cpython-314.pyc')
2026-02-12 01:53:31,988 - INFO - Upload completed successfully: version.cpython-314.pyc
2026-02-12 01:53:31,988 - INFO - Starting upload: lib/questionary/__pycache__/utils.cpython-314.pyc -> /home/kevin/test/lib/questionary/__pycache__/utils.cpython-314.pyc (4960 bytes)
2026-02-12 01:53:31,989 - DEBUG - [chan 0] open(b'/home/kevin/test/lib/questionary/__pycache__/utils.cpython-314.pyc', 'wb')
2026-02-12 01:53:31,990 - DEBUG - [chan 0] open(b'/home/kevin/test/lib/questionary/__pycache__/utils.cpython-314.pyc', 'wb') -> 00000000
2026-02-12 01:53:31,990 - DEBUG - Progress: 4960/4960 bytes
2026-02-12 01:53:31,990 - DEBUG - [chan 0] close(00000000)
2026-02-12 01:53:31,991 - DEBUG - [chan 0] stat(b'/home/kevin/test/lib/questionary/__pycache__/utils.cpython-314.pyc')
2026-02-12 01:53:31,992 - INFO - Upload completed successfully: utils.cpython-314.pyc
2026-02-12 01:53:31,993 - INFO - Starting upload: lib/questionary/__pycache__/styles.cpython-314.pyc -> /home/kevin/test/lib/questionary/__pycache__/styles.cpython-314.pyc (1096 bytes)
2026-02-12 01:53:31,994 - DEBUG - [chan 0] open(b'/home/kevin/test/lib/questionary/__pycache__/styles.cpython-314.pyc', 'wb')
2026-02-12 01:53:31,995 - DEBUG - [chan 0] open(b'/home/kevin/test/lib/questionary/__pycache__/styles.cpython-314.pyc', 'wb') -> 00000000
2026-02-12 01:53:31,995 - DEBUG - Progress: 1096/1096 bytes
2026-02-12 01:53:31,995 - DEBUG - [chan 0] close(00000000)
2026-02-12 01:53:31,996 - DEBUG - [chan 0] stat(b'/home/kevin/test/lib/questionary/__pycache__/styles.cpython-314.pyc')
2026-02-12 01:53:31,997 - INFO - Upload completed successfully: styles.cpython-314.pyc
2026-02-12 01:53:31,997 - INFO - Starting upload: lib/questionary/__pycache__/question.cpython-314.pyc -> /home/kevin/test/lib/questionary/__pycache__/question.cpython-314.pyc (6662 bytes)
2026-02-12 01:53:31,999 - DEBUG - [chan 0] open(b'/home/kevin/test/lib/questionary/__pycache__/question.cpython-314.pyc', 'wb')
2026-02-12 01:53:31,999 - DEBUG - [chan 0] open(b'/home/kevin/test/lib/questionary/__pycache__/question.cpython-314.pyc', 'wb') -> 00000000
2026-02-12 01:53:31,999 - DEBUG - Progress: 6662/6662 bytes
2026-02-12 01:53:31,999 - DEBUG - [chan 0] close(00000000)
2026-02-12 01:53:32,001 - DEBUG - [chan 0] stat(b'/home/kevin/test/lib/questionary/__pycache__/question.cpython-314.pyc')
2026-02-12 01:53:32,003 - INFO - Upload completed successfully: question.cpython-314.pyc
2026-02-12 01:53:32,003 - INFO - Starting upload: lib/questionary/__pycache__/prompt.cpython-314.pyc -> /home/kevin/test/lib/questionary/__pycache__/prompt.cpython-314.pyc (9757 bytes)
2026-02-12 01:53:32,004 - DEBUG - [chan 0] open(b'/home/kevin/test/lib/questionary/__pycache__/prompt.cpython-314.pyc', 'wb')
2026-02-12 01:53:32,005 - DEBUG - [chan 0] open(b'/home/kevin/test/lib/questionary/__pycache__/prompt.cpython-314.pyc', 'wb') -> 00000000
2026-02-12 01:53:32,005 - DEBUG - Progress: 9757/9757 bytes
2026-02-12 01:53:32,005 - DEBUG - [chan 0] close(00000000)
2026-02-12 01:53:32,006 - DEBUG - [chan 0] stat(b'/home/kevin/test/lib/questionary/__pycache__/prompt.cpython-314.pyc')
2026-02-12 01:53:32,008 - INFO - Upload completed successfully: prompt.cpython-314.pyc
2026-02-12 01:53:32,008 - INFO - Starting upload: lib/questionary/__pycache__/form.cpython-314.pyc -> /home/kevin/test/lib/questionary/__pycache__/form.cpython-314.pyc (6213 bytes)
2026-02-12 01:53:32,009 - DEBUG - [chan 0] open(b'/home/kevin/test/lib/questionary/__pycache__/form.cpython-314.pyc', 'wb')
2026-02-12 01:53:32,010 - DEBUG - [chan 0] open(b'/home/kevin/test/lib/questionary/__pycache__/form.cpython-314.pyc', 'wb') -> 00000000
2026-02-12 01:53:32,010 - DEBUG - Progress: 6213/6213 bytes
2026-02-12 01:53:32,010 - DEBUG - [chan 0] close(00000000)
2026-02-12 01:53:32,011 - DEBUG - [chan 0] stat(b'/home/kevin/test/lib/questionary/__pycache__/form.cpython-314.pyc')
2026-02-12 01:53:32,013 - INFO - Upload completed successfully: form.cpython-314.pyc
2026-02-12 01:53:32,013 - INFO - Starting upload: lib/questionary/__pycache__/constants.cpython-314.pyc -> /home/kevin/test/lib/questionary/__pycache__/constants.cpython-314.pyc (941 bytes)
2026-02-12 01:53:32,014 - DEBUG - [chan 0] open(b'/home/kevin/test/lib/questionary/__pycache__/constants.cpython-314.pyc', 'wb')
2026-02-12 01:53:32,015 - DEBUG - [chan 0] open(b'/home/kevin/test/lib/questionary/__pycache__/constants.cpython-314.pyc', 'wb') -> 00000000
2026-02-12 01:53:32,015 - DEBUG - Progress: 941/941 bytes
2026-02-12 01:53:32,015 - DEBUG - [chan 0] close(00000000)
2026-02-12 01:53:32,015 - DEBUG - [chan 0] stat(b'/home/kevin/test/lib/questionary/__pycache__/constants.cpython-314.pyc')
2026-02-12 01:53:32,017 - INFO - Upload completed successfully: constants.cpython-314.pyc
2026-02-12 01:53:32,017 - INFO - Starting upload: lib/questionary/__pycache__/__init__.cpython-314.pyc -> /home/kevin/test/lib/questionary/__pycache__/__init__.cpython-314.pyc (1547 bytes)
2026-02-12 01:53:32,018 - DEBUG - [chan 0] open(b'/home/kevin/test/lib/questionary/__pycache__/__init__.cpython-314.pyc', 'wb')
2026-02-12 01:53:32,019 - DEBUG - [chan 0] open(b'/home/kevin/test/lib/questionary/__pycache__/__init__.cpython-314.pyc', 'wb') -> 00000000
2026-02-12 01:53:32,019 - DEBUG - Progress: 1547/1547 bytes
2026-02-12 01:53:32,019 - DEBUG - [chan 0] close(00000000)
2026-02-12 01:53:32,020 - DEBUG - [chan 0] stat(b'/home/kevin/test/lib/questionary/__pycache__/__init__.cpython-314.pyc')
2026-02-12 01:53:32,023 - INFO - Upload completed successfully: __init__.cpython-314.pyc
2026-02-12 01:53:32,023 - DEBUG - [chan 0] mkdir(b'/home/kevin/test/lib/questionary/prompts', 511)
2026-02-12 01:53:32,023 - INFO - Created remote folder: /home/kevin/test/lib/questionary/prompts
2026-02-12 01:53:32,024 - INFO - Starting upload: lib/questionary/prompts/text.py -> /home/kevin/test/lib/questionary/prompts/text.py (3403 bytes)
2026-02-12 01:53:32,026 - DEBUG - [chan 0] open(b'/home/kevin/test/lib/questionary/prompts/text.py', 'wb')
2026-02-12 01:53:32,026 - DEBUG - [chan 0] open(b'/home/kevin/test/lib/questionary/prompts/text.py', 'wb') -> 00000000
2026-02-12 01:53:32,026 - DEBUG - Progress: 3403/3403 bytes
2026-02-12 01:53:32,026 - DEBUG - [chan 0] close(00000000)
2026-02-12 01:53:32,027 - DEBUG - [chan 0] stat(b'/home/kevin/test/lib/questionary/prompts/text.py')
2026-02-12 01:53:32,029 - INFO - Upload completed successfully: text.py
2026-02-12 01:53:32,029 - INFO - Starting upload: lib/questionary/prompts/select.py -> /home/kevin/test/lib/questionary/prompts/select.py (10864 bytes)
2026-02-12 01:53:32,030 - DEBUG - [chan 0] open(b'/home/kevin/test/lib/questionary/prompts/select.py', 'wb')
2026-02-12 01:53:32,031 - DEBUG - [chan 0] open(b'/home/kevin/test/lib/questionary/prompts/select.py', 'wb') -> 00000000
2026-02-12 01:53:32,031 - DEBUG - Progress: 10864/10864 bytes
2026-02-12 01:53:32,031 - DEBUG - [chan 0] close(00000000)
2026-02-12 01:53:32,032 - DEBUG - [chan 0] stat(b'/home/kevin/test/lib/questionary/prompts/select.py')
2026-02-12 01:53:32,034 - INFO - Upload completed successfully: select.py
2026-02-12 01:53:32,034 - INFO - Starting upload: lib/questionary/prompts/rawselect.py -> /home/kevin/test/lib/questionary/prompts/rawselect.py (2486 bytes)
2026-02-12 01:53:32,035 - DEBUG - [chan 0] open(b'/home/kevin/test/lib/questionary/prompts/rawselect.py', 'wb')
2026-02-12 01:53:32,036 - DEBUG - [chan 0] open(b'/home/kevin/test/lib/questionary/prompts/rawselect.py', 'wb') -> 00000000
2026-02-12 01:53:32,036 - DEBUG - Progress: 2486/2486 bytes
2026-02-12 01:53:32,036 - DEBUG - [chan 0] close(00000000)
2026-02-12 01:53:32,037 - DEBUG - [chan 0] stat(b'/home/kevin/test/lib/questionary/prompts/rawselect.py')
2026-02-12 01:53:32,039 - INFO - Upload completed successfully: rawselect.py
2026-02-12 01:53:32,039 - INFO - Starting upload: lib/questionary/prompts/press_any_key_to_continue.py -> /home/kevin/test/lib/questionary/prompts/press_any_key_to_continue.py (1662 bytes)
2026-02-12 01:53:32,041 - DEBUG - [chan 0] open(b'/home/kevin/test/lib/questionary/prompts/press_any_key_to_continue.py', 'wb')
2026-02-12 01:53:32,041 - DEBUG - [chan 0] open(b'/home/kevin/test/lib/questionary/prompts/press_any_key_to_continue.py', 'wb') -> 00000000
2026-02-12 01:53:32,041 - DEBUG - Progress: 1662/1662 bytes
2026-02-12 01:53:32,041 - DEBUG - [chan 0] close(00000000)
2026-02-12 01:53:32,042 - DEBUG - [chan 0] stat(b'/home/kevin/test/lib/questionary/prompts/press_any_key_to_continue.py')
2026-02-12 01:53:32,044 - INFO - Upload completed successfully: press_any_key_to_continue.py
2026-02-12 01:53:32,044 - INFO - Starting upload: lib/questionary/prompts/path.py -> /home/kevin/test/lib/questionary/prompts/path.py (9911 bytes)
2026-02-12 01:53:32,045 - DEBUG - [chan 0] open(b'/home/kevin/test/lib/questionary/prompts/path.py', 'wb')
2026-02-12 01:53:32,046 - DEBUG - [chan 0] open(b'/home/kevin/test/lib/questionary/prompts/path.py', 'wb') -> 00000000
2026-02-12 01:53:32,046 - DEBUG - Progress: 9911/9911 bytes
2026-02-12 01:53:32,046 - DEBUG - [chan 0] close(00000000)
2026-02-12 01:53:32,048 - DEBUG - [chan 0] stat(b'/home/kevin/test/lib/questionary/prompts/path.py')
2026-02-12 01:53:32,049 - INFO - Upload completed successfully: path.py
2026-02-12 01:53:32,049 - INFO - Starting upload: lib/questionary/prompts/password.py -> /home/kevin/test/lib/questionary/prompts/password.py (1998 bytes)
2026-02-12 01:53:32,051 - DEBUG - [chan 0] open(b'/home/kevin/test/lib/questionary/prompts/password.py', 'wb')
2026-02-12 01:53:32,051 - DEBUG - [chan 0] open(b'/home/kevin/test/lib/questionary/prompts/password.py', 'wb') -> 00000000
2026-02-12 01:53:32,052 - DEBUG - Progress: 1998/1998 bytes
2026-02-12 01:53:32,052 - DEBUG - [chan 0] close(00000000)
2026-02-12 01:53:32,053 - DEBUG - [chan 0] stat(b'/home/kevin/test/lib/questionary/prompts/password.py')
2026-02-12 01:53:32,055 - INFO - Upload completed successfully: password.py
2026-02-12 01:53:32,055 - INFO - Starting upload: lib/questionary/prompts/confirm.py -> /home/kevin/test/lib/questionary/prompts/confirm.py (4085 bytes)
2026-02-12 01:53:32,056 - DEBUG - [chan 0] open(b'/home/kevin/test/lib/questionary/prompts/confirm.py', 'wb')
2026-02-12 01:53:32,057 - DEBUG - [chan 0] open(b'/home/kevin/test/lib/questionary/prompts/confirm.py', 'wb') -> 00000000
2026-02-12 01:53:32,057 - DEBUG - Progress: 4085/4085 bytes
2026-02-12 01:53:32,057 - DEBUG - [chan 0] close(00000000)
2026-02-12 01:53:32,058 - DEBUG - [chan 0] stat(b'/home/kevin/test/lib/questionary/prompts/confirm.py')
2026-02-12 01:53:32,060 - INFO - Upload completed successfully: confirm.py
2026-02-12 01:53:32,060 - INFO - Starting upload: lib/questionary/prompts/common.py -> /home/kevin/test/lib/questionary/prompts/common.py (21719 bytes)
2026-02-12 01:53:32,061 - DEBUG - [chan 0] open(b'/home/kevin/test/lib/questionary/prompts/common.py', 'wb')
2026-02-12 01:53:32,062 - DEBUG - [chan 0] open(b'/home/kevin/test/lib/questionary/prompts/common.py', 'wb') -> 00000000
2026-02-12 01:53:32,062 - DEBUG - Progress: 21719/21719 bytes
2026-02-12 01:53:32,062 - DEBUG - [chan 0] close(00000000)
2026-02-12 01:53:32,065 - DEBUG - [chan 0] stat(b'/home/kevin/test/lib/questionary/prompts/common.py')
2026-02-12 01:53:32,067 - INFO - Upload completed successfully: common.py
2026-02-12 01:53:32,067 - INFO - Starting upload: lib/questionary/prompts/checkbox.py -> /home/kevin/test/lib/questionary/prompts/checkbox.py (11564 bytes)
2026-02-12 01:53:32,068 - DEBUG - [chan 0] open(b'/home/kevin/test/lib/questionary/prompts/checkbox.py', 'wb')
2026-02-12 01:53:32,069 - DEBUG - [chan 0] open(b'/home/kevin/test/lib/questionary/prompts/checkbox.py', 'wb') -> 00000000
2026-02-12 01:53:32,069 - DEBUG - Progress: 11564/11564 bytes
2026-02-12 01:53:32,069 - DEBUG - [chan 0] close(00000000)
2026-02-12 01:53:32,071 - DEBUG - [chan 0] stat(b'/home/kevin/test/lib/questionary/prompts/checkbox.py')
2026-02-12 01:53:32,073 - INFO - Upload completed successfully: checkbox.py
2026-02-12 01:53:32,073 - INFO - Starting upload: lib/questionary/prompts/autocomplete.py -> /home/kevin/test/lib/questionary/prompts/autocomplete.py (7292 bytes)
2026-02-12 01:53:32,074 - DEBUG - [chan 0] open(b'/home/kevin/test/lib/questionary/prompts/autocomplete.py', 'wb')
2026-02-12 01:53:32,075 - DEBUG - [chan 0] open(b'/home/kevin/test/lib/questionary/prompts/autocomplete.py', 'wb') -> 00000000
2026-02-12 01:53:32,075 - DEBUG - Progress: 7292/7292 bytes
2026-02-12 01:53:32,075 - DEBUG - [chan 0] close(00000000)
2026-02-12 01:53:32,077 - DEBUG - [chan 0] stat(b'/home/kevin/test/lib/questionary/prompts/autocomplete.py')
2026-02-12 01:53:32,078 - INFO - Upload completed successfully: autocomplete.py
2026-02-12 01:53:32,078 - INFO - Starting upload: lib/questionary/prompts/__init__.py -> /home/kevin/test/lib/questionary/prompts/__init__.py (940 bytes)
2026-02-12 01:53:32,080 - DEBUG - [chan 0] open(b'/home/kevin/test/lib/questionary/prompts/__init__.py', 'wb')
2026-02-12 01:53:32,080 - DEBUG - [chan 0] open(b'/home/kevin/test/lib/questionary/prompts/__init__.py', 'wb') -> 00000000
2026-02-12 01:53:32,081 - DEBUG - Progress: 940/940 bytes
2026-02-12 01:53:32,081 - DEBUG - [chan 0] close(00000000)
2026-02-12 01:53:32,081 - DEBUG - [chan 0] stat(b'/home/kevin/test/lib/questionary/prompts/__init__.py')
2026-02-12 01:53:32,083 - INFO - Upload completed successfully: __init__.py
2026-02-12 01:53:32,083 - DEBUG - [chan 0] mkdir(b'/home/kevin/test/lib/questionary/prompts/__pycache__', 511)
2026-02-12 01:53:32,084 - INFO - Created remote folder: /home/kevin/test/lib/questionary/prompts/__pycache__
2026-02-12 01:53:32,084 - INFO - Starting upload: lib/questionary/prompts/__pycache__/text.cpython-314.pyc -> /home/kevin/test/lib/questionary/prompts/__pycache__/text.cpython-314.pyc (4491 bytes)
2026-02-12 01:53:32,085 - DEBUG - [chan 0] open(b'/home/kevin/test/lib/questionary/prompts/__pycache__/text.cpython-314.pyc', 'wb')
2026-02-12 01:53:32,086 - DEBUG - [chan 0] open(b'/home/kevin/test/lib/questionary/prompts/__pycache__/text.cpython-314.pyc', 'wb') -> 00000000
2026-02-12 01:53:32,086 - DEBUG - Progress: 4491/4491 bytes
2026-02-12 01:53:32,086 - DEBUG - [chan 0] close(00000000)
2026-02-12 01:53:32,087 - DEBUG - [chan 0] stat(b'/home/kevin/test/lib/questionary/prompts/__pycache__/text.cpython-314.pyc')
2026-02-12 01:53:32,089 - INFO - Upload completed successfully: text.cpython-314.pyc
2026-02-12 01:53:32,089 - INFO - Starting upload: lib/questionary/prompts/__pycache__/select.cpython-314.pyc -> /home/kevin/test/lib/questionary/prompts/__pycache__/select.cpython-314.pyc (14111 bytes)
2026-02-12 01:53:32,090 - DEBUG - [chan 0] open(b'/home/kevin/test/lib/questionary/prompts/__pycache__/select.cpython-314.pyc', 'wb')
2026-02-12 01:53:32,091 - DEBUG - [chan 0] open(b'/home/kevin/test/lib/questionary/prompts/__pycache__/select.cpython-314.pyc', 'wb') -> 00000000
2026-02-12 01:53:32,091 - DEBUG - Progress: 14111/14111 bytes
2026-02-12 01:53:32,091 - DEBUG - [chan 0] close(00000000)
2026-02-12 01:53:32,095 - DEBUG - [chan 0] stat(b'/home/kevin/test/lib/questionary/prompts/__pycache__/select.cpython-314.pyc')
2026-02-12 01:53:32,097 - INFO - Upload completed successfully: select.cpython-314.pyc
2026-02-12 01:53:32,097 - INFO - Starting upload: lib/questionary/prompts/__pycache__/rawselect.cpython-314.pyc -> /home/kevin/test/lib/questionary/prompts/__pycache__/rawselect.cpython-314.pyc (3045 bytes)
2026-02-12 01:53:32,098 - DEBUG - [chan 0] open(b'/home/kevin/test/lib/questionary/prompts/__pycache__/rawselect.cpython-314.pyc', 'wb')
2026-02-12 01:53:32,099 - DEBUG - [chan 0] open(b'/home/kevin/test/lib/questionary/prompts/__pycache__/rawselect.cpython-314.pyc', 'wb') -> 00000000
2026-02-12 01:53:32,099 - DEBUG - Progress: 3045/3045 bytes
2026-02-12 01:53:32,099 - DEBUG - [chan 0] close(00000000)
2026-02-12 01:53:32,100 - DEBUG - [chan 0] stat(b'/home/kevin/test/lib/questionary/prompts/__pycache__/rawselect.cpython-314.pyc')
2026-02-12 01:53:32,102 - INFO - Upload completed successfully: rawselect.cpython-314.pyc
2026-02-12 01:53:32,102 - INFO - Starting upload: lib/questionary/prompts/__pycache__/press_any_key_to_continue.cpython-314.pyc -> /home/kevin/test/lib/questionary/prompts/__pycache__/press_any_key_to_continue.cpython-314.pyc (2774 bytes)
2026-02-12 01:53:32,104 - DEBUG - [chan 0] open(b'/home/kevin/test/lib/questionary/prompts/__pycache__/press_any_key_to_continue.cpython-314.pyc', 'wb')
2026-02-12 01:53:32,104 - DEBUG - [chan 0] open(b'/home/kevin/test/lib/questionary/prompts/__pycache__/press_any_key_to_continue.cpython-314.pyc', 'wb') -> 00000000
2026-02-12 01:53:32,104 - DEBUG - Progress: 2774/2774 bytes
2026-02-12 01:53:32,105 - DEBUG - [chan 0] close(00000000)
2026-02-12 01:53:32,106 - DEBUG - [chan 0] stat(b'/home/kevin/test/lib/questionary/prompts/__pycache__/press_any_key_to_continue.cpython-314.pyc')
2026-02-12 01:53:32,108 - INFO - Upload completed successfully: press_any_key_to_continue.cpython-314.pyc
2026-02-12 01:53:32,108 - INFO - Starting upload: lib/questionary/prompts/__pycache__/path.cpython-314.pyc -> /home/kevin/test/lib/questionary/prompts/__pycache__/path.cpython-314.pyc (12398 bytes)
2026-02-12 01:53:32,109 - DEBUG - [chan 0] open(b'/home/kevin/test/lib/questionary/prompts/__pycache__/path.cpython-314.pyc', 'wb')
2026-02-12 01:53:32,110 - DEBUG - [chan 0] open(b'/home/kevin/test/lib/questionary/prompts/__pycache__/path.cpython-314.pyc', 'wb') -> 00000000
2026-02-12 01:53:32,110 - DEBUG - Progress: 12398/12398 bytes
2026-02-12 01:53:32,110 - DEBUG - [chan 0] close(00000000)
2026-02-12 01:53:32,112 - DEBUG - [chan 0] stat(b'/home/kevin/test/lib/questionary/prompts/__pycache__/path.cpython-314.pyc')
2026-02-12 01:53:32,114 - INFO - Upload completed successfully: path.cpython-314.pyc
2026-02-12 01:53:32,114 - INFO - Starting upload: lib/questionary/prompts/__pycache__/password.cpython-314.pyc -> /home/kevin/test/lib/questionary/prompts/__pycache__/password.cpython-314.pyc (2475 bytes)
2026-02-12 01:53:32,116 - DEBUG - [chan 0] open(b'/home/kevin/test/lib/questionary/prompts/__pycache__/password.cpython-314.pyc', 'wb')
2026-02-12 01:53:32,117 - DEBUG - [chan 0] open(b'/home/kevin/test/lib/questionary/prompts/__pycache__/password.cpython-314.pyc', 'wb') -> 00000000
2026-02-12 01:53:32,117 - DEBUG - Progress: 2475/2475 bytes
2026-02-12 01:53:32,117 - DEBUG - [chan 0] close(00000000)
2026-02-12 01:53:32,118 - DEBUG - [chan 0] stat(b'/home/kevin/test/lib/questionary/prompts/__pycache__/password.cpython-314.pyc')
2026-02-12 01:53:32,120 - INFO - Upload completed successfully: password.cpython-314.pyc
2026-02-12 01:53:32,120 - INFO - Starting upload: lib/questionary/prompts/__pycache__/confirm.cpython-314.pyc -> /home/kevin/test/lib/questionary/prompts/__pycache__/confirm.cpython-314.pyc (6381 bytes)
2026-02-12 01:53:32,121 - DEBUG - [chan 0] open(b'/home/kevin/test/lib/questionary/prompts/__pycache__/confirm.cpython-314.pyc', 'wb')
2026-02-12 01:53:32,122 - DEBUG - [chan 0] open(b'/home/kevin/test/lib/questionary/prompts/__pycache__/confirm.cpython-314.pyc', 'wb') -> 00000000
2026-02-12 01:53:32,122 - DEBUG - Progress: 6381/6381 bytes
2026-02-12 01:53:32,122 - DEBUG - [chan 0] close(00000000)
2026-02-12 01:53:32,123 - DEBUG - [chan 0] stat(b'/home/kevin/test/lib/questionary/prompts/__pycache__/confirm.cpython-314.pyc')
2026-02-12 01:53:32,125 - INFO - Upload completed successfully: confirm.cpython-314.pyc
2026-02-12 01:53:32,125 - INFO - Starting upload: lib/questionary/prompts/__pycache__/common.cpython-314.pyc -> /home/kevin/test/lib/questionary/prompts/__pycache__/common.cpython-314.pyc (32807 bytes)
2026-02-12 01:53:32,127 - DEBUG - [chan 0] open(b'/home/kevin/test/lib/questionary/prompts/__pycache__/common.cpython-314.pyc', 'wb')
2026-02-12 01:53:32,127 - DEBUG - [chan 0] open(b'/home/kevin/test/lib/questionary/prompts/__pycache__/common.cpython-314.pyc', 'wb') -> 00000000
2026-02-12 01:53:32,127 - DEBUG - Progress: 32768/32807 bytes
2026-02-12 01:53:32,128 - DEBUG - [chan 0] close(00000000)
2026-02-12 01:53:32,131 - DEBUG - [chan 0] stat(b'/home/kevin/test/lib/questionary/prompts/__pycache__/common.cpython-314.pyc')
2026-02-12 01:53:32,133 - INFO - Upload completed successfully: common.cpython-314.pyc
2026-02-12 01:53:32,133 - INFO - Starting upload: lib/questionary/prompts/__pycache__/checkbox.cpython-314.pyc -> /home/kevin/test/lib/questionary/prompts/__pycache__/checkbox.cpython-314.pyc (15875 bytes)
2026-02-12 01:53:32,134 - DEBUG - [chan 0] open(b'/home/kevin/test/lib/questionary/prompts/__pycache__/checkbox.cpython-314.pyc', 'wb')
2026-02-12 01:53:32,135 - DEBUG - [chan 0] open(b'/home/kevin/test/lib/questionary/prompts/__pycache__/checkbox.cpython-314.pyc', 'wb') -> 00000000
2026-02-12 01:53:32,135 - DEBUG - Progress: 15875/15875 bytes
2026-02-12 01:53:32,135 - DEBUG - [chan 0] close(00000000)
2026-02-12 01:53:32,139 - DEBUG - [chan 0] stat(b'/home/kevin/test/lib/questionary/prompts/__pycache__/checkbox.cpython-314.pyc')
2026-02-12 01:53:32,141 - INFO - Upload completed successfully: checkbox.cpython-314.pyc
2026-02-12 01:53:32,142 - INFO - Starting upload: lib/questionary/prompts/__pycache__/autocomplete.cpython-314.pyc -> /home/kevin/test/lib/questionary/prompts/__pycache__/autocomplete.cpython-314.pyc (10778 bytes)
2026-02-12 01:53:32,144 - DEBUG - [chan 0] open(b'/home/kevin/test/lib/questionary/prompts/__pycache__/autocomplete.cpython-314.pyc', 'wb')
2026-02-12 01:53:32,144 - DEBUG - [chan 0] open(b'/home/kevin/test/lib/questionary/prompts/__pycache__/autocomplete.cpython-314.pyc', 'wb') -> 00000000
2026-02-12 01:53:32,144 - DEBUG - Progress: 10778/10778 bytes
2026-02-12 01:53:32,145 - DEBUG - [chan 0] close(00000000)
2026-02-12 01:53:32,146 - DEBUG - [chan 0] stat(b'/home/kevin/test/lib/questionary/prompts/__pycache__/autocomplete.cpython-314.pyc')
2026-02-12 01:53:32,148 - INFO - Upload completed successfully: autocomplete.cpython-314.pyc
2026-02-12 01:53:32,148 - INFO - Starting upload: lib/questionary/prompts/__pycache__/__init__.cpython-314.pyc -> /home/kevin/test/lib/questionary/prompts/__pycache__/__init__.cpython-314.pyc (1171 bytes)
2026-02-12 01:53:32,150 - DEBUG - [chan 0] open(b'/home/kevin/test/lib/questionary/prompts/__pycache__/__init__.cpython-314.pyc', 'wb')
2026-02-12 01:53:32,151 - DEBUG - [chan 0] open(b'/home/kevin/test/lib/questionary/prompts/__pycache__/__init__.cpython-314.pyc', 'wb') -> 00000000
2026-02-12 01:53:32,151 - DEBUG - Progress: 1171/1171 bytes
2026-02-12 01:53:32,151 - DEBUG - [chan 0] close(00000000)
2026-02-12 01:53:32,152 - DEBUG - [chan 0] stat(b'/home/kevin/test/lib/questionary/prompts/__pycache__/__init__.cpython-314.pyc')
2026-02-12 01:53:32,154 - INFO - Upload completed successfully: __init__.cpython-314.pyc
2026-02-12 01:53:32,154 - DEBUG - [chan 0] mkdir(b'/home/kevin/test/lib/prompt_toolkit-3.0.52.dist-info', 511)
2026-02-12 01:53:32,155 - INFO - Created remote folder: /home/kevin/test/lib/prompt_toolkit-3.0.52.dist-info
2026-02-12 01:53:32,155 - INFO - Starting upload: lib/prompt_toolkit-3.0.52.dist-info/RECORD -> /home/kevin/test/lib/prompt_toolkit-3.0.52.dist-info/RECORD (23851 bytes)
2026-02-12 01:53:32,157 - DEBUG - [chan 0] open(b'/home/kevin/test/lib/prompt_toolkit-3.0.52.dist-info/RECORD', 'wb')
2026-02-12 01:53:32,158 - DEBUG - [chan 0] open(b'/home/kevin/test/lib/prompt_toolkit-3.0.52.dist-info/RECORD', 'wb') -> 00000000
2026-02-12 01:53:32,159 - DEBUG - Progress: 23851/23851 bytes
2026-02-12 01:53:32,159 - DEBUG - [chan 0] close(00000000)
2026-02-12 01:53:32,161 - DEBUG - [chan 0] stat(b'/home/kevin/test/lib/prompt_toolkit-3.0.52.dist-info/RECORD')
2026-02-12 01:53:32,163 - INFO - Upload completed successfully: RECORD
2026-02-12 01:53:32,163 - INFO - Starting upload: lib/prompt_toolkit-3.0.52.dist-info/INSTALLER -> /home/kevin/test/lib/prompt_toolkit-3.0.52.dist-info/INSTALLER (4 bytes)
2026-02-12 01:53:32,164 - DEBUG - [chan 0] open(b'/home/kevin/test/lib/prompt_toolkit-3.0.52.dist-info/INSTALLER', 'wb')
2026-02-12 01:53:32,165 - DEBUG - [chan 0] open(b'/home/kevin/test/lib/prompt_toolkit-3.0.52.dist-info/INSTALLER', 'wb') -> 00000000
2026-02-12 01:53:32,165 - DEBUG - Progress: 4/4 bytes
2026-02-12 01:53:32,165 - DEBUG - [chan 0] close(00000000)
2026-02-12 01:53:32,166 - DEBUG - [chan 0] stat(b'/home/kevin/test/lib/prompt_toolkit-3.0.52.dist-info/INSTALLER')
2026-02-12 01:53:32,167 - INFO - Upload completed successfully: INSTALLER
2026-02-12 01:53:32,167 - INFO - Starting upload: lib/prompt_toolkit-3.0.52.dist-info/top_level.txt -> /home/kevin/test/lib/prompt_toolkit-3.0.52.dist-info/top_level.txt (15 bytes)
2026-02-12 01:53:32,169 - DEBUG - [chan 0] open(b'/home/kevin/test/lib/prompt_toolkit-3.0.52.dist-info/top_level.txt', 'wb')
2026-02-12 01:53:32,169 - DEBUG - [chan 0] open(b'/home/kevin/test/lib/prompt_toolkit-3.0.52.dist-info/top_level.txt', 'wb') -> 00000000
2026-02-12 01:53:32,170 - DEBUG - Progress: 15/15 bytes
2026-02-12 01:53:32,170 - DEBUG - [chan 0] close(00000000)
2026-02-12 01:53:32,170 - DEBUG - [chan 0] stat(b'/home/kevin/test/lib/prompt_toolkit-3.0.52.dist-info/top_level.txt')
2026-02-12 01:53:32,172 - INFO - Upload completed successfully: top_level.txt
2026-02-12 01:53:32,172 - INFO - Starting upload: lib/prompt_toolkit-3.0.52.dist-info/WHEEL -> /home/kevin/test/lib/prompt_toolkit-3.0.52.dist-info/WHEEL (91 bytes)
2026-02-12 01:53:32,173 - DEBUG - [chan 0] open(b'/home/kevin/test/lib/prompt_toolkit-3.0.52.dist-info/WHEEL', 'wb')
2026-02-12 01:53:32,174 - DEBUG - [chan 0] open(b'/home/kevin/test/lib/prompt_toolkit-3.0.52.dist-info/WHEEL', 'wb') -> 00000000
2026-02-12 01:53:32,174 - DEBUG - Progress: 91/91 bytes
2026-02-12 01:53:32,174 - DEBUG - [chan 0] close(00000000)
2026-02-12 01:53:32,175 - DEBUG - [chan 0] stat(b'/home/kevin/test/lib/prompt_toolkit-3.0.52.dist-info/WHEEL')
2026-02-12 01:53:32,176 - INFO - Upload completed successfully: WHEEL
2026-02-12 01:53:32,176 - INFO - Starting upload: lib/prompt_toolkit-3.0.52.dist-info/METADATA -> /home/kevin/test/lib/prompt_toolkit-3.0.52.dist-info/METADATA (6414 bytes)
2026-02-12 01:53:32,177 - DEBUG - [chan 0] open(b'/home/kevin/test/lib/prompt_toolkit-3.0.52.dist-info/METADATA', 'wb')
2026-02-12 01:53:32,178 - DEBUG - [chan 0] open(b'/home/kevin/test/lib/prompt_toolkit-3.0.52.dist-info/METADATA', 'wb') -> 00000000
2026-02-12 01:53:32,178 - DEBUG - Progress: 6414/6414 bytes
2026-02-12 01:53:32,178 - DEBUG - [chan 0] close(00000000)
2026-02-12 01:53:32,179 - DEBUG - [chan 0] stat(b'/home/kevin/test/lib/prompt_toolkit-3.0.52.dist-info/METADATA')
2026-02-12 01:53:32,181 - INFO - Upload completed successfully: METADATA
2026-02-12 01:53:32,181 - DEBUG - [chan 0] mkdir(b'/home/kevin/test/lib/prompt_toolkit-3.0.52.dist-info/licenses', 511)
2026-02-12 01:53:32,182 - INFO - Created remote folder: /home/kevin/test/lib/prompt_toolkit-3.0.52.dist-info/licenses
2026-02-12 01:53:32,182 - INFO - Starting upload: lib/prompt_toolkit-3.0.52.dist-info/licenses/LICENSE -> /home/kevin/test/lib/prompt_toolkit-3.0.52.dist-info/licenses/LICENSE (1493 bytes)
2026-02-12 01:53:32,184 - DEBUG - [chan 0] open(b'/home/kevin/test/lib/prompt_toolkit-3.0.52.dist-info/licenses/LICENSE', 'wb')
2026-02-12 01:53:32,184 - DEBUG - [chan 0] open(b'/home/kevin/test/lib/prompt_toolkit-3.0.52.dist-info/licenses/LICENSE', 'wb') -> 00000000
2026-02-12 01:53:32,184 - DEBUG - Progress: 1493/1493 bytes
2026-02-12 01:53:32,184 - DEBUG - [chan 0] close(00000000)
2026-02-12 01:53:32,185 - DEBUG - [chan 0] stat(b'/home/kevin/test/lib/prompt_toolkit-3.0.52.dist-info/licenses/LICENSE')
2026-02-12 01:53:32,187 - INFO - Upload completed successfully: LICENSE
2026-02-12 01:53:32,187 - INFO - Starting upload: lib/prompt_toolkit-3.0.52.dist-info/licenses/AUTHORS.rst -> /home/kevin/test/lib/prompt_toolkit-3.0.52.dist-info/licenses/AUTHORS.rst (148 bytes)
2026-02-12 01:53:32,188 - DEBUG - [chan 0] open(b'/home/kevin/test/lib/prompt_toolkit-3.0.52.dist-info/licenses/AUTHORS.rst', 'wb')
2026-02-12 01:53:32,189 - DEBUG - [chan 0] open(b'/home/kevin/test/lib/prompt_toolkit-3.0.52.dist-info/licenses/AUTHORS.rst', 'wb') -> 00000000
2026-02-12 01:53:32,189 - DEBUG - Progress: 148/148 bytes
2026-02-12 01:53:32,189 - DEBUG - [chan 0] close(00000000)
2026-02-12 01:53:32,190 - DEBUG - [chan 0] stat(b'/home/kevin/test/lib/prompt_toolkit-3.0.52.dist-info/licenses/AUTHORS.rst')
2026-02-12 01:53:32,191 - INFO - Upload completed successfully: AUTHORS.rst
2026-02-12 01:53:32,191 - DEBUG - [chan 0] mkdir(b'/home/kevin/test/lib/prompt_toolkit', 511)
2026-02-12 01:53:32,192 - INFO - Created remote folder: /home/kevin/test/lib/prompt_toolkit
2026-02-12 01:53:32,192 - INFO - Starting upload: lib/prompt_toolkit/win32_types.py -> /home/kevin/test/lib/prompt_toolkit/win32_types.py (5551 bytes)
2026-02-12 01:53:32,193 - DEBUG - [chan 0] open(b'/home/kevin/test/lib/prompt_toolkit/win32_types.py', 'wb')
2026-02-12 01:53:32,194 - DEBUG - [chan 0] open(b'/home/kevin/test/lib/prompt_toolkit/win32_types.py', 'wb') -> 00000000
2026-02-12 01:53:32,194 - DEBUG - Progress: 5551/5551 bytes
2026-02-12 01:53:32,194 - DEBUG - [chan 0] close(00000000)
2026-02-12 01:53:32,195 - DEBUG - [chan 0] stat(b'/home/kevin/test/lib/prompt_toolkit/win32_types.py')
2026-02-12 01:53:32,197 - INFO - Upload completed successfully: win32_types.py
2026-02-12 01:53:32,197 - INFO - Starting upload: lib/prompt_toolkit/validation.py -> /home/kevin/test/lib/prompt_toolkit/validation.py (5807 bytes)
2026-02-12 01:53:32,198 - DEBUG - [chan 0] open(b'/home/kevin/test/lib/prompt_toolkit/validation.py', 'wb')
2026-02-12 01:53:32,199 - DEBUG - [chan 0] open(b'/home/kevin/test/lib/prompt_toolkit/validation.py', 'wb') -> 00000000
2026-02-12 01:53:32,199 - DEBUG - Progress: 5807/5807 bytes
2026-02-12 01:53:32,199 - DEBUG - [chan 0] close(00000000)
2026-02-12 01:53:32,200 - DEBUG - [chan 0] stat(b'/home/kevin/test/lib/prompt_toolkit/validation.py')
2026-02-12 01:53:32,202 - INFO - Upload completed successfully: validation.py
2026-02-12 01:53:32,202 - INFO - Starting upload: lib/prompt_toolkit/utils.py -> /home/kevin/test/lib/prompt_toolkit/utils.py (8631 bytes)
2026-02-12 01:53:32,203 - DEBUG - [chan 0] open(b'/home/kevin/test/lib/prompt_toolkit/utils.py', 'wb')
2026-02-12 01:53:32,204 - DEBUG - [chan 0] open(b'/home/kevin/test/lib/prompt_toolkit/utils.py', 'wb') -> 00000000
2026-02-12 01:53:32,204 - DEBUG - Progress: 8631/8631 bytes
2026-02-12 01:53:32,204 - DEBUG - [chan 0] close(00000000)
2026-02-12 01:53:32,206 - DEBUG - [chan 0] stat(b'/home/kevin/test/lib/prompt_toolkit/utils.py')
2026-02-12 01:53:32,208 - INFO - Upload completed successfully: utils.py
2026-02-12 01:53:32,208 - INFO - Starting upload: lib/prompt_toolkit/token.py -> /home/kevin/test/lib/prompt_toolkit/token.py (121 bytes)
2026-02-12 01:53:32,209 - DEBUG - [chan 0] open(b'/home/kevin/test/lib/prompt_toolkit/token.py', 'wb')
2026-02-12 01:53:32,210 - DEBUG - [chan 0] open(b'/home/kevin/test/lib/prompt_toolkit/token.py', 'wb') -> 00000000
2026-02-12 01:53:32,210 - DEBUG - Progress: 121/121 bytes
2026-02-12 01:53:32,210 - DEBUG - [chan 0] close(00000000)
2026-02-12 01:53:32,211 - DEBUG - [chan 0] stat(b'/home/kevin/test/lib/prompt_toolkit/token.py')
2026-02-12 01:53:32,212 - INFO - Upload completed successfully: token.py
2026-02-12 01:53:32,212 - INFO - Starting upload: lib/prompt_toolkit/selection.py -> /home/kevin/test/lib/prompt_toolkit/selection.py (1274 bytes)
2026-02-12 01:53:32,214 - DEBUG - [chan 0] open(b'/home/kevin/test/lib/prompt_toolkit/selection.py', 'wb')
2026-02-12 01:53:32,214 - DEBUG - [chan 0] open(b'/home/kevin/test/lib/prompt_toolkit/selection.py', 'wb') -> 00000000
2026-02-12 01:53:32,214 - DEBUG - Progress: 1274/1274 bytes
2026-02-12 01:53:32,214 - DEBUG - [chan 0] close(00000000)
2026-02-12 01:53:32,215 - DEBUG - [chan 0] stat(b'/home/kevin/test/lib/prompt_toolkit/selection.py')
2026-02-12 01:53:32,217 - INFO - Upload completed successfully: selection.py
2026-02-12 01:53:32,217 - INFO - Starting upload: lib/prompt_toolkit/search.py -> /home/kevin/test/lib/prompt_toolkit/search.py (6951 bytes)
2026-02-12 01:53:32,218 - DEBUG - [chan 0] open(b'/home/kevin/test/lib/prompt_toolkit/search.py', 'wb')
2026-02-12 01:53:32,218 - DEBUG - [chan 0] open(b'/home/kevin/test/lib/prompt_toolkit/search.py', 'wb') -> 00000000
2026-02-12 01:53:32,219 - DEBUG - Progress: 6951/6951 bytes
2026-02-12 01:53:32,219 - DEBUG - [chan 0] close(00000000)
2026-02-12 01:53:32,220 - DEBUG - [chan 0] stat(b'/home/kevin/test/lib/prompt_toolkit/search.py')
2026-02-12 01:53:32,222 - INFO - Upload completed successfully: search.py
2026-02-12 01:53:32,222 - INFO - Starting upload: lib/prompt_toolkit/renderer.py -> /home/kevin/test/lib/prompt_toolkit/renderer.py (29398 bytes)
2026-02-12 01:53:32,223 - DEBUG - [chan 0] open(b'/home/kevin/test/lib/prompt_toolkit/renderer.py', 'wb')
2026-02-12 01:53:32,224 - DEBUG - [chan 0] open(b'/home/kevin/test/lib/prompt_toolkit/renderer.py', 'wb') -> 00000000
2026-02-12 01:53:32,225 - DEBUG - Progress: 29398/29398 bytes
2026-02-12 01:53:32,225 - DEBUG - [chan 0] close(00000000)
2026-02-12 01:53:32,228 - DEBUG - [chan 0] stat(b'/home/kevin/test/lib/prompt_toolkit/renderer.py')
2026-02-12 01:53:32,229 - INFO - Upload completed successfully: renderer.py
2026-02-12 01:53:32,230 - INFO - Starting upload: lib/prompt_toolkit/py.typed -> /home/kevin/test/lib/prompt_toolkit/py.typed (0 bytes)
2026-02-12 01:53:32,231 - DEBUG - [chan 0] open(b'/home/kevin/test/lib/prompt_toolkit/py.typed', 'wb')
2026-02-12 01:53:32,231 - DEBUG - [chan 0] open(b'/home/kevin/test/lib/prompt_toolkit/py.typed', 'wb') -> 00000000
2026-02-12 01:53:32,232 - DEBUG - [chan 0] close(00000000)
2026-02-12 01:53:32,232 - DEBUG - [chan 0] stat(b'/home/kevin/test/lib/prompt_toolkit/py.typed')
2026-02-12 01:53:32,233 - INFO - Upload completed successfully: py.typed
2026-02-12 01:53:32,234 - INFO - Starting upload: lib/prompt_toolkit/patch_stdout.py -> /home/kevin/test/lib/prompt_toolkit/patch_stdout.py (9477 bytes)
2026-02-12 01:53:32,235 - DEBUG - [chan 0] open(b'/home/kevin/test/lib/prompt_toolkit/patch_stdout.py', 'wb')
2026-02-12 01:53:32,236 - DEBUG - [chan 0] open(b'/home/kevin/test/lib/prompt_toolkit/patch_stdout.py', 'wb') -> 00000000
2026-02-12 01:53:32,236 - DEBUG - Progress: 9477/9477 bytes
2026-02-12 01:53:32,236 - DEBUG - [chan 0] close(00000000)
2026-02-12 01:53:32,238 - DEBUG - [chan 0] stat(b'/home/kevin/test/lib/prompt_toolkit/patch_stdout.py')
2026-02-12 01:53:32,239 - INFO - Upload completed successfully: patch_stdout.py
2026-02-12 01:53:32,239 - INFO - Starting upload: lib/prompt_toolkit/mouse_events.py -> /home/kevin/test/lib/prompt_toolkit/mouse_events.py (2473 bytes)
2026-02-12 01:53:32,241 - DEBUG - [chan 0] open(b'/home/kevin/test/lib/prompt_toolkit/mouse_events.py', 'wb')
2026-02-12 01:53:32,241 - DEBUG - [chan 0] open(b'/home/kevin/test/lib/prompt_toolkit/mouse_events.py', 'wb') -> 00000000
2026-02-12 01:53:32,241 - DEBUG - Progress: 2473/2473 bytes
2026-02-12 01:53:32,241 - DEBUG - [chan 0] close(00000000)
2026-02-12 01:53:32,243 - DEBUG - [chan 0] stat(b'/home/kevin/test/lib/prompt_toolkit/mouse_events.py')
2026-02-12 01:53:32,244 - INFO - Upload completed successfully: mouse_events.py
2026-02-12 01:53:32,244 - INFO - Starting upload: lib/prompt_toolkit/log.py -> /home/kevin/test/lib/prompt_toolkit/log.py (153 bytes)
2026-02-12 01:53:32,245 - DEBUG - [chan 0] open(b'/home/kevin/test/lib/prompt_toolkit/log.py', 'wb')
2026-02-12 01:53:32,246 - DEBUG - [chan 0] open(b'/home/kevin/test/lib/prompt_toolkit/log.py', 'wb') -> 00000000
2026-02-12 01:53:32,246 - DEBUG - Progress: 153/153 bytes
2026-02-12 01:53:32,246 - DEBUG - [chan 0] close(00000000)
2026-02-12 01:53:32,247 - DEBUG - [chan 0] stat(b'/home/kevin/test/lib/prompt_toolkit/log.py')
2026-02-12 01:53:32,248 - INFO - Upload completed successfully: log.py
2026-02-12 01:53:32,248 - INFO - Starting upload: lib/prompt_toolkit/keys.py -> /home/kevin/test/lib/prompt_toolkit/keys.py (4916 bytes)
2026-02-12 01:53:32,250 - DEBUG - [chan 0] open(b'/home/kevin/test/lib/prompt_toolkit/keys.py', 'wb')
2026-02-12 01:53:32,250 - DEBUG - [chan 0] open(b'/home/kevin/test/lib/prompt_toolkit/keys.py', 'wb') -> 00000000
2026-02-12 01:53:32,251 - DEBUG - Progress: 4916/4916 bytes
2026-02-12 01:53:32,251 - DEBUG - [chan 0] close(00000000)
2026-02-12 01:53:32,252 - DEBUG - [chan 0] stat(b'/home/kevin/test/lib/prompt_toolkit/keys.py')
2026-02-12 01:53:32,253 - INFO - Upload completed successfully: keys.py
2026-02-12 01:53:32,254 - INFO - Starting upload: lib/prompt_toolkit/history.py -> /home/kevin/test/lib/prompt_toolkit/history.py (9441 bytes)
2026-02-12 01:53:32,255 - DEBUG - [chan 0] open(b'/home/kevin/test/lib/prompt_toolkit/history.py', 'wb')
2026-02-12 01:53:32,255 - DEBUG - [chan 0] open(b'/home/kevin/test/lib/prompt_toolkit/history.py', 'wb') -> 00000000
2026-02-12 01:53:32,256 - DEBUG - Progress: 9441/9441 bytes
2026-02-12 01:53:32,256 - DEBUG - [chan 0] close(00000000)
2026-02-12 01:53:32,258 - DEBUG - [chan 0] stat(b'/home/kevin/test/lib/prompt_toolkit/history.py')
2026-02-12 01:53:32,259 - INFO - Upload completed successfully: history.py
2026-02-12 01:53:32,259 - INFO - Starting upload: lib/prompt_toolkit/enums.py -> /home/kevin/test/lib/prompt_toolkit/enums.py (358 bytes)
2026-02-12 01:53:32,261 - DEBUG - [chan 0] open(b'/home/kevin/test/lib/prompt_toolkit/enums.py', 'wb')
2026-02-12 01:53:32,261 - DEBUG - [chan 0] open(b'/home/kevin/test/lib/prompt_toolkit/enums.py', 'wb') -> 00000000
2026-02-12 01:53:32,261 - DEBUG - Progress: 358/358 bytes
2026-02-12 01:53:32,262 - DEBUG - [chan 0] close(00000000)
2026-02-12 01:53:32,262 - DEBUG - [chan 0] stat(b'/home/kevin/test/lib/prompt_toolkit/enums.py')
2026-02-12 01:53:32,264 - INFO - Upload completed successfully: enums.py
2026-02-12 01:53:32,264 - INFO - Starting upload: lib/prompt_toolkit/document.py -> /home/kevin/test/lib/prompt_toolkit/document.py (40547 bytes)
2026-02-12 01:53:32,266 - DEBUG - [chan 0] open(b'/home/kevin/test/lib/prompt_toolkit/document.py', 'wb')
2026-02-12 01:53:32,266 - DEBUG - [chan 0] open(b'/home/kevin/test/lib/prompt_toolkit/document.py', 'wb') -> 00000000
2026-02-12 01:53:32,266 - DEBUG - Progress: 32768/40547 bytes
2026-02-12 01:53:32,267 - DEBUG - [chan 0] close(00000000)
2026-02-12 01:53:32,271 - DEBUG - [chan 0] stat(b'/home/kevin/test/lib/prompt_toolkit/document.py')
2026-02-12 01:53:32,273 - INFO - Upload completed successfully: document.py
2026-02-12 01:53:32,273 - INFO - Starting upload: lib/prompt_toolkit/data_structures.py -> /home/kevin/test/lib/prompt_toolkit/data_structures.py (212 bytes)
2026-02-12 01:53:32,274 - DEBUG - [chan 0] open(b'/home/kevin/test/lib/prompt_toolkit/data_structures.py', 'wb')
2026-02-12 01:53:32,275 - DEBUG - [chan 0] open(b'/home/kevin/test/lib/prompt_toolkit/data_structures.py', 'wb') -> 00000000
2026-02-12 01:53:32,275 - DEBUG - Progress: 212/212 bytes
2026-02-12 01:53:32,275 - DEBUG - [chan 0] close(00000000)
2026-02-12 01:53:32,276 - DEBUG - [chan 0] stat(b'/home/kevin/test/lib/prompt_toolkit/data_structures.py')
2026-02-12 01:53:32,277 - INFO - Upload completed successfully: data_structures.py
2026-02-12 01:53:32,277 - INFO - Starting upload: lib/prompt_toolkit/cursor_shapes.py -> /home/kevin/test/lib/prompt_toolkit/cursor_shapes.py (3721 bytes)
2026-02-12 01:53:32,279 - DEBUG - [chan 0] open(b'/home/kevin/test/lib/prompt_toolkit/cursor_shapes.py', 'wb')
2026-02-12 01:53:32,279 - DEBUG - [chan 0] open(b'/home/kevin/test/lib/prompt_toolkit/cursor_shapes.py', 'wb') -> 00000000
2026-02-12 01:53:32,279 - DEBUG - Progress: 3721/3721 bytes
2026-02-12 01:53:32,280 - DEBUG - [chan 0] close(00000000)
2026-02-12 01:53:32,281 - DEBUG - [chan 0] stat(b'/home/kevin/test/lib/prompt_toolkit/cursor_shapes.py')
2026-02-12 01:53:32,282 - INFO - Upload completed successfully: cursor_shapes.py
2026-02-12 01:53:32,282 - INFO - Starting upload: lib/prompt_toolkit/cache.py -> /home/kevin/test/lib/prompt_toolkit/cache.py (3823 bytes)
2026-02-12 01:53:32,283 - DEBUG - [chan 0] open(b'/home/kevin/test/lib/prompt_toolkit/cache.py', 'wb')
2026-02-12 01:53:32,284 - DEBUG - [chan 0] open(b'/home/kevin/test/lib/prompt_toolkit/cache.py', 'wb') -> 00000000
2026-02-12 01:53:32,284 - DEBUG - Progress: 3823/3823 bytes
2026-02-12 01:53:32,284 - DEBUG - [chan 0] close(00000000)
2026-02-12 01:53:32,285 - DEBUG - [chan 0] stat(b'/home/kevin/test/lib/prompt_toolkit/cache.py')
2026-02-12 01:53:32,287 - INFO - Upload completed successfully: cache.py
2026-02-12 01:53:32,287 - INFO - Starting upload: lib/prompt_toolkit/buffer.py -> /home/kevin/test/lib/prompt_toolkit/buffer.py (74513 bytes)
2026-02-12 01:53:32,289 - DEBUG - [chan 0] open(b'/home/kevin/test/lib/prompt_toolkit/buffer.py', 'wb')
2026-02-12 01:53:32,290 - DEBUG - [chan 0] open(b'/home/kevin/test/lib/prompt_toolkit/buffer.py', 'wb') -> 00000000
2026-02-12 01:53:32,291 - DEBUG - [chan 0] close(00000000)
2026-02-12 01:53:32,301 - DEBUG - [chan 0] stat(b'/home/kevin/test/lib/prompt_toolkit/buffer.py')
2026-02-12 01:53:32,304 - INFO - Upload completed successfully: buffer.py
2026-02-12 01:53:32,304 - INFO - Starting upload: lib/prompt_toolkit/auto_suggest.py -> /home/kevin/test/lib/prompt_toolkit/auto_suggest.py (5798 bytes)
2026-02-12 01:53:32,306 - DEBUG - [chan 0] open(b'/home/kevin/test/lib/prompt_toolkit/auto_suggest.py', 'wb')
2026-02-12 01:53:32,306 - DEBUG - [chan 0] open(b'/home/kevin/test/lib/prompt_toolkit/auto_suggest.py', 'wb') -> 00000000
2026-02-12 01:53:32,307 - DEBUG - Progress: 5798/5798 bytes
2026-02-12 01:53:32,307 - DEBUG - [chan 0] close(00000000)
2026-02-12 01:53:32,308 - DEBUG - [chan 0] stat(b'/home/kevin/test/lib/prompt_toolkit/auto_suggest.py')
2026-02-12 01:53:32,310 - INFO - Upload completed successfully: auto_suggest.py
2026-02-12 01:53:32,311 - INFO - Starting upload: lib/prompt_toolkit/__init__.py -> /home/kevin/test/lib/prompt_toolkit/__init__.py (1376 bytes)
2026-02-12 01:53:32,312 - DEBUG - [chan 0] open(b'/home/kevin/test/lib/prompt_toolkit/__init__.py', 'wb')
2026-02-12 01:53:32,313 - DEBUG - [chan 0] open(b'/home/kevin/test/lib/prompt_toolkit/__init__.py', 'wb') -> 00000000
2026-02-12 01:53:32,313 - DEBUG - Progress: 1376/1376 bytes
2026-02-12 01:53:32,313 - DEBUG - [chan 0] close(00000000)
2026-02-12 01:53:32,314 - DEBUG - [chan 0] stat(b'/home/kevin/test/lib/prompt_toolkit/__init__.py')
2026-02-12 01:53:32,316 - INFO - Upload completed successfully: __init__.py
2026-02-12 01:53:32,317 - DEBUG - [chan 0] mkdir(b'/home/kevin/test/lib/prompt_toolkit/__pycache__', 511)
2026-02-12 01:53:32,317 - INFO - Created remote folder: /home/kevin/test/lib/prompt_toolkit/__pycache__
2026-02-12 01:53:32,317 - INFO - Starting upload: lib/prompt_toolkit/__pycache__/win32_types.cpython-314.pyc -> /home/kevin/test/lib/prompt_toolkit/__pycache__/win32_types.cpython-314.pyc (8004 bytes)
2026-02-12 01:53:32,319 - DEBUG - [chan 0] open(b'/home/kevin/test/lib/prompt_toolkit/__pycache__/win32_types.cpython-314.pyc', 'wb')
2026-02-12 01:53:32,320 - DEBUG - [chan 0] open(b'/home/kevin/test/lib/prompt_toolkit/__pycache__/win32_types.cpython-314.pyc', 'wb') -> 00000000
2026-02-12 01:53:32,321 - DEBUG - Progress: 8004/8004 bytes
2026-02-12 01:53:32,321 - DEBUG - [chan 0] close(00000000)
2026-02-12 01:53:32,322 - DEBUG - [chan 0] stat(b'/home/kevin/test/lib/prompt_toolkit/__pycache__/win32_types.cpython-314.pyc')
2026-02-12 01:53:32,324 - INFO - Upload completed successfully: win32_types.cpython-314.pyc
2026-02-12 01:53:32,325 - INFO - Starting upload: lib/prompt_toolkit/__pycache__/validation.cpython-314.pyc -> /home/kevin/test/lib/prompt_toolkit/__pycache__/validation.cpython-314.pyc (11639 bytes)
2026-02-12 01:53:32,326 - DEBUG - [chan 0] open(b'/home/kevin/test/lib/prompt_toolkit/__pycache__/validation.cpython-314.pyc', 'wb')
2026-02-12 01:53:32,327 - DEBUG - [chan 0] open(b'/home/kevin/test/lib/prompt_toolkit/__pycache__/validation.cpython-314.pyc', 'wb') -> 00000000
2026-02-12 01:53:32,327 - DEBUG - Progress: 11639/11639 bytes
2026-02-12 01:53:32,327 - DEBUG - [chan 0] close(00000000)
2026-02-12 01:53:32,329 - DEBUG - [chan 0] stat(b'/home/kevin/test/lib/prompt_toolkit/__pycache__/validation.cpython-314.pyc')
2026-02-12 01:53:32,331 - INFO - Upload completed successfully: validation.cpython-314.pyc
2026-02-12 01:53:32,332 - INFO - Starting upload: lib/prompt_toolkit/__pycache__/utils.cpython-314.pyc -> /home/kevin/test/lib/prompt_toolkit/__pycache__/utils.cpython-314.pyc (14612 bytes)
2026-02-12 01:53:32,333 - DEBUG - [chan 0] open(b'/home/kevin/test/lib/prompt_toolkit/__pycache__/utils.cpython-314.pyc', 'wb')
2026-02-12 01:53:32,334 - DEBUG - [chan 0] open(b'/home/kevin/test/lib/prompt_toolkit/__pycache__/utils.cpython-314.pyc', 'wb') -> 00000000
2026-02-12 01:53:32,334 - DEBUG - Progress: 14612/14612 bytes
2026-02-12 01:53:32,334 - DEBUG - [chan 0] close(00000000)
2026-02-12 01:53:32,336 - DEBUG - [chan 0] stat(b'/home/kevin/test/lib/prompt_toolkit/__pycache__/utils.cpython-314.pyc')
2026-02-12 01:53:32,338 - INFO - Upload completed successfully: utils.cpython-314.pyc
2026-02-12 01:53:32,338 - INFO - Starting upload: lib/prompt_toolkit/__pycache__/token.cpython-314.pyc -> /home/kevin/test/lib/prompt_toolkit/__pycache__/token.cpython-314.pyc (299 bytes)
2026-02-12 01:53:32,339 - DEBUG - [chan 0] open(b'/home/kevin/test/lib/prompt_toolkit/__pycache__/token.cpython-314.pyc', 'wb')
2026-02-12 01:53:32,340 - DEBUG - [chan 0] open(b'/home/kevin/test/lib/prompt_toolkit/__pycache__/token.cpython-314.pyc', 'wb') -> 00000000
2026-02-12 01:53:32,340 - DEBUG - Progress: 299/299 bytes
2026-02-12 01:53:32,340 - DEBUG - [chan 0] close(00000000)
2026-02-12 01:53:32,341 - DEBUG - [chan 0] stat(b'/home/kevin/test/lib/prompt_toolkit/__pycache__/token.cpython-314.pyc')
2026-02-12 01:53:32,342 - INFO - Upload completed successfully: token.cpython-314.pyc
2026-02-12 01:53:32,342 - INFO - Starting upload: lib/prompt_toolkit/__pycache__/selection.cpython-314.pyc -> /home/kevin/test/lib/prompt_toolkit/__pycache__/selection.cpython-314.pyc (2576 bytes)
2026-02-12 01:53:32,344 - DEBUG - [chan 0] open(b'/home/kevin/test/lib/prompt_toolkit/__pycache__/selection.cpython-314.pyc', 'wb')
2026-02-12 01:53:32,344 - DEBUG - [chan 0] open(b'/home/kevin/test/lib/prompt_toolkit/__pycache__/selection.cpython-314.pyc', 'wb') -> 00000000
2026-02-12 01:53:32,344 - DEBUG - Progress: 2576/2576 bytes
2026-02-12 01:53:32,344 - DEBUG - [chan 0] close(00000000)
2026-02-12 01:53:32,346 - DEBUG - [chan 0] stat(b'/home/kevin/test/lib/prompt_toolkit/__pycache__/selection.cpython-314.pyc')
2026-02-12 01:53:32,347 - INFO - Upload completed successfully: selection.cpython-314.pyc
2026-02-12 01:53:32,347 - INFO - Starting upload: lib/prompt_toolkit/__pycache__/search.cpython-314.pyc -> /home/kevin/test/lib/prompt_toolkit/__pycache__/search.cpython-314.pyc (8905 bytes)
2026-02-12 01:53:32,348 - DEBUG - [chan 0] open(b'/home/kevin/test/lib/prompt_toolkit/__pycache__/search.cpython-314.pyc', 'wb')
2026-02-12 01:53:32,349 - DEBUG - [chan 0] open(b'/home/kevin/test/lib/prompt_toolkit/__pycache__/search.cpython-314.pyc', 'wb') -> 00000000
2026-02-12 01:53:32,349 - DEBUG - Progress: 8905/8905 bytes
2026-02-12 01:53:32,349 - DEBUG - [chan 0] close(00000000)
2026-02-12 01:53:32,351 - DEBUG - [chan 0] stat(b'/home/kevin/test/lib/prompt_toolkit/__pycache__/search.cpython-314.pyc')
2026-02-12 01:53:32,352 - INFO - Upload completed successfully: search.cpython-314.pyc
2026-02-12 01:53:32,352 - INFO - Starting upload: lib/prompt_toolkit/__pycache__/renderer.cpython-314.pyc -> /home/kevin/test/lib/prompt_toolkit/__pycache__/renderer.cpython-314.pyc (33951 bytes)
2026-02-12 01:53:32,354 - DEBUG - [chan 0] open(b'/home/kevin/test/lib/prompt_toolkit/__pycache__/renderer.cpython-314.pyc', 'wb')
2026-02-12 01:53:32,354 - DEBUG - [chan 0] open(b'/home/kevin/test/lib/prompt_toolkit/__pycache__/renderer.cpython-314.pyc', 'wb') -> 00000000
2026-02-12 01:53:32,355 - DEBUG - Progress: 32768/33951 bytes
2026-02-12 01:53:32,355 - DEBUG - [chan 0] close(00000000)
2026-02-12 01:53:32,359 - DEBUG - [chan 0] stat(b'/home/kevin/test/lib/prompt_toolkit/__pycache__/renderer.cpython-314.pyc')
2026-02-12 01:53:32,362 - INFO - Upload completed successfully: renderer.cpython-314.pyc
2026-02-12 01:53:32,362 - INFO - Starting upload: lib/prompt_toolkit/__pycache__/patch_stdout.cpython-314.pyc -> /home/kevin/test/lib/prompt_toolkit/__pycache__/patch_stdout.cpython-314.pyc (14544 bytes)
2026-02-12 01:53:32,366 - DEBUG - [chan 0] open(b'/home/kevin/test/lib/prompt_toolkit/__pycache__/patch_stdout.cpython-314.pyc', 'wb')
2026-02-12 01:53:32,367 - DEBUG - [chan 0] open(b'/home/kevin/test/lib/prompt_toolkit/__pycache__/patch_stdout.cpython-314.pyc', 'wb') -> 00000000
2026-02-12 01:53:32,368 - DEBUG - Progress: 14544/14544 bytes
2026-02-12 01:53:32,368 - DEBUG - [chan 0] close(00000000)
2026-02-12 01:53:32,370 - DEBUG - [chan 0] stat(b'/home/kevin/test/lib/prompt_toolkit/__pycache__/patch_stdout.cpython-314.pyc')
2026-02-12 01:53:32,373 - INFO - Upload completed successfully: patch_stdout.cpython-314.pyc
2026-02-12 01:53:32,374 - INFO - Starting upload: lib/prompt_toolkit/__pycache__/mouse_events.cpython-314.pyc -> /home/kevin/test/lib/prompt_toolkit/__pycache__/mouse_events.cpython-314.pyc (3275 bytes)
2026-02-12 01:53:32,377 - DEBUG - [chan 0] open(b'/home/kevin/test/lib/prompt_toolkit/__pycache__/mouse_events.cpython-314.pyc', 'wb')
2026-02-12 01:53:32,378 - DEBUG - [chan 0] open(b'/home/kevin/test/lib/prompt_toolkit/__pycache__/mouse_events.cpython-314.pyc', 'wb') -> 00000000
2026-02-12 01:53:32,378 - DEBUG - Progress: 3275/3275 bytes
2026-02-12 01:53:32,379 - DEBUG - [chan 0] close(00000000)
2026-02-12 01:53:32,380 - DEBUG - [chan 0] stat(b'/home/kevin/test/lib/prompt_toolkit/__pycache__/mouse_events.cpython-314.pyc')
2026-02-12 01:53:32,383 - INFO - Upload completed successfully: mouse_events.cpython-314.pyc
2026-02-12 01:53:32,383 - INFO - Starting upload: lib/prompt_toolkit/__pycache__/log.cpython-314.pyc -> /home/kevin/test/lib/prompt_toolkit/__pycache__/log.cpython-314.pyc (384 bytes)
2026-02-12 01:53:32,386 - DEBUG - [chan 0] open(b'/home/kevin/test/lib/prompt_toolkit/__pycache__/log.cpython-314.pyc', 'wb')
2026-02-12 01:53:32,387 - DEBUG - [chan 0] open(b'/home/kevin/test/lib/prompt_toolkit/__pycache__/log.cpython-314.pyc', 'wb') -> 00000000
2026-02-12 01:53:32,387 - DEBUG - Progress: 384/384 bytes
2026-02-12 01:53:32,387 - DEBUG - [chan 0] close(00000000)
2026-02-12 01:53:32,388 - DEBUG - [chan 0] stat(b'/home/kevin/test/lib/prompt_toolkit/__pycache__/log.cpython-314.pyc')
2026-02-12 01:53:32,389 - INFO - Upload completed successfully: log.cpython-314.pyc
2026-02-12 01:53:32,389 - INFO - Starting upload: lib/prompt_toolkit/__pycache__/keys.cpython-314.pyc -> /home/kevin/test/lib/prompt_toolkit/__pycache__/keys.cpython-314.pyc (5409 bytes)
2026-02-12 01:53:32,390 - DEBUG - [chan 0] open(b'/home/kevin/test/lib/prompt_toolkit/__pycache__/keys.cpython-314.pyc', 'wb')
2026-02-12 01:53:32,391 - DEBUG - [chan 0] open(b'/home/kevin/test/lib/prompt_toolkit/__pycache__/keys.cpython-314.pyc', 'wb') -> 00000000
2026-02-12 01:53:32,391 - DEBUG - Progress: 5409/5409 bytes
2026-02-12 01:53:32,391 - DEBUG - [chan 0] close(00000000)
2026-02-12 01:53:32,392 - DEBUG - [chan 0] stat(b'/home/kevin/test/lib/prompt_toolkit/__pycache__/keys.cpython-314.pyc')
2026-02-12 01:53:32,394 - INFO - Upload completed successfully: keys.cpython-314.pyc
2026-02-12 01:53:32,394 - INFO - Starting upload: lib/prompt_toolkit/__pycache__/history.cpython-314.pyc -> /home/kevin/test/lib/prompt_toolkit/__pycache__/history.cpython-314.pyc (16925 bytes)
2026-02-12 01:53:32,395 - DEBUG - [chan 0] open(b'/home/kevin/test/lib/prompt_toolkit/__pycache__/history.cpython-314.pyc', 'wb')
2026-02-12 01:53:32,396 - DEBUG - [chan 0] open(b'/home/kevin/test/lib/prompt_toolkit/__pycache__/history.cpython-314.pyc', 'wb') -> 00000000
2026-02-12 01:53:32,396 - DEBUG - Progress: 16925/16925 bytes
2026-02-12 01:53:32,396 - DEBUG - [chan 0] close(00000000)
2026-02-12 01:53:32,400 - DEBUG - [chan 0] stat(b'/home/kevin/test/lib/prompt_toolkit/__pycache__/history.cpython-314.pyc')
2026-02-12 01:53:32,401 - INFO - Upload completed successfully: history.cpython-314.pyc
2026-02-12 01:53:32,402 - INFO - Starting upload: lib/prompt_toolkit/__pycache__/enums.cpython-314.pyc -> /home/kevin/test/lib/prompt_toolkit/__pycache__/enums.cpython-314.pyc (606 bytes)
2026-02-12 01:53:32,403 - DEBUG - [chan 0] open(b'/home/kevin/test/lib/prompt_toolkit/__pycache__/enums.cpython-314.pyc', 'wb')
2026-02-12 01:53:32,403 - DEBUG - [chan 0] open(b'/home/kevin/test/lib/prompt_toolkit/__pycache__/enums.cpython-314.pyc', 'wb') -> 00000000
2026-02-12 01:53:32,404 - DEBUG - Progress: 606/606 bytes
2026-02-12 01:53:32,404 - DEBUG - [chan 0] close(00000000)
2026-02-12 01:53:32,404 - DEBUG - [chan 0] stat(b'/home/kevin/test/lib/prompt_toolkit/__pycache__/enums.cpython-314.pyc')
2026-02-12 01:53:32,406 - INFO - Upload completed successfully: enums.cpython-314.pyc
2026-02-12 01:53:32,406 - INFO - Starting upload: lib/prompt_toolkit/__pycache__/document.cpython-314.pyc -> /home/kevin/test/lib/prompt_toolkit/__pycache__/document.cpython-314.pyc (57592 bytes)
2026-02-12 01:53:32,407 - DEBUG - [chan 0] open(b'/home/kevin/test/lib/prompt_toolkit/__pycache__/document.cpython-314.pyc', 'wb')
2026-02-12 01:53:32,408 - DEBUG - [chan 0] open(b'/home/kevin/test/lib/prompt_toolkit/__pycache__/document.cpython-314.pyc', 'wb') -> 00000000
2026-02-12 01:53:32,408 - DEBUG - Progress: 32768/57592 bytes
2026-02-12 01:53:32,408 - DEBUG - [chan 0] close(00000000)
2026-02-12 01:53:32,416 - DEBUG - [chan 0] stat(b'/home/kevin/test/lib/prompt_toolkit/__pycache__/document.cpython-314.pyc')
2026-02-12 01:53:32,418 - INFO - Upload completed successfully: document.cpython-314.pyc
2026-02-12 01:53:32,418 - INFO - Starting upload: lib/prompt_toolkit/__pycache__/data_structures.cpython-314.pyc -> /home/kevin/test/lib/prompt_toolkit/__pycache__/data_structures.cpython-314.pyc (781 bytes)
2026-02-12 01:53:32,420 - DEBUG - [chan 0] open(b'/home/kevin/test/lib/prompt_toolkit/__pycache__/data_structures.cpython-314.pyc', 'wb')
2026-02-12 01:53:32,420 - DEBUG - [chan 0] open(b'/home/kevin/test/lib/prompt_toolkit/__pycache__/data_structures.cpython-314.pyc', 'wb') -> 00000000
2026-02-12 01:53:32,420 - DEBUG - Progress: 781/781 bytes
2026-02-12 01:53:32,420 - DEBUG - [chan 0] close(00000000)
2026-02-12 01:53:32,421 - DEBUG - [chan 0] stat(b'/home/kevin/test/lib/prompt_toolkit/__pycache__/data_structures.cpython-314.pyc')
2026-02-12 01:53:32,423 - INFO - Upload completed successfully: data_structures.cpython-314.pyc
2026-02-12 01:53:32,423 - INFO - Starting upload: lib/prompt_toolkit/__pycache__/cursor_shapes.cpython-314.pyc -> /home/kevin/test/lib/prompt_toolkit/__pycache__/cursor_shapes.cpython-314.pyc (5921 bytes)
2026-02-12 01:53:32,424 - DEBUG - [chan 0] open(b'/home/kevin/test/lib/prompt_toolkit/__pycache__/cursor_shapes.cpython-314.pyc', 'wb')
2026-02-12 01:53:32,425 - DEBUG - [chan 0] open(b'/home/kevin/test/lib/prompt_toolkit/__pycache__/cursor_shapes.cpython-314.pyc', 'wb') -> 00000000
2026-02-12 01:53:32,425 - DEBUG - Progress: 5921/5921 bytes
2026-02-12 01:53:32,425 - DEBUG - [chan 0] close(00000000)
2026-02-12 01:53:32,426 - DEBUG - [chan 0] stat(b'/home/kevin/test/lib/prompt_toolkit/__pycache__/cursor_shapes.cpython-314.pyc')
2026-02-12 01:53:32,428 - INFO - Upload completed successfully: cursor_shapes.cpython-314.pyc
2026-02-12 01:53:32,428 - INFO - Starting upload: lib/prompt_toolkit/__pycache__/cache.cpython-314.pyc -> /home/kevin/test/lib/prompt_toolkit/__pycache__/cache.cpython-314.pyc (6758 bytes)
2026-02-12 01:53:32,429 - DEBUG - [chan 0] open(b'/home/kevin/test/lib/prompt_toolkit/__pycache__/cache.cpython-314.pyc', 'wb')
2026-02-12 01:53:32,430 - DEBUG - [chan 0] open(b'/home/kevin/test/lib/prompt_toolkit/__pycache__/cache.cpython-314.pyc', 'wb') -> 00000000
2026-02-12 01:53:32,430 - DEBUG - Progress: 6758/6758 bytes
2026-02-12 01:53:32,430 - DEBUG - [chan 0] close(00000000)
2026-02-12 01:53:32,431 - DEBUG - [chan 0] stat(b'/home/kevin/test/lib/prompt_toolkit/__pycache__/cache.cpython-314.pyc')
2026-02-12 01:53:32,432 - INFO - Upload completed successfully: cache.cpython-314.pyc
2026-02-12 01:53:32,432 - INFO - Starting upload: lib/prompt_toolkit/__pycache__/buffer.cpython-314.pyc -> /home/kevin/test/lib/prompt_toolkit/__pycache__/buffer.cpython-314.pyc (91689 bytes)
2026-02-12 01:53:32,434 - DEBUG - [chan 0] open(b'/home/kevin/test/lib/prompt_toolkit/__pycache__/buffer.cpython-314.pyc', 'wb')
2026-02-12 01:53:32,435 - DEBUG - [chan 0] open(b'/home/kevin/test/lib/prompt_toolkit/__pycache__/buffer.cpython-314.pyc', 'wb') -> 00000000
2026-02-12 01:53:32,435 - DEBUG - [chan 0] close(00000000)
2026-02-12 01:53:32,446 - DEBUG - [chan 0] stat(b'/home/kevin/test/lib/prompt_toolkit/__pycache__/buffer.cpython-314.pyc')
2026-02-12 01:53:32,449 - INFO - Upload completed successfully: buffer.cpython-314.pyc
2026-02-12 01:53:32,449 - INFO - Starting upload: lib/prompt_toolkit/__pycache__/auto_suggest.cpython-314.pyc -> /home/kevin/test/lib/prompt_toolkit/__pycache__/auto_suggest.cpython-314.pyc (10748 bytes)
2026-02-12 01:53:32,451 - DEBUG - [chan 0] open(b'/home/kevin/test/lib/prompt_toolkit/__pycache__/auto_suggest.cpython-314.pyc', 'wb')
2026-02-12 01:53:32,451 - DEBUG - [chan 0] open(b'/home/kevin/test/lib/prompt_toolkit/__pycache__/auto_suggest.cpython-314.pyc', 'wb') -> 00000000
2026-02-12 01:53:32,451 - DEBUG - Progress: 10748/10748 bytes
2026-02-12 01:53:32,452 - DEBUG - [chan 0] close(00000000)
2026-02-12 01:53:32,453 - DEBUG - [chan 0] stat(b'/home/kevin/test/lib/prompt_toolkit/__pycache__/auto_suggest.cpython-314.pyc')
2026-02-12 01:53:32,455 - INFO - Upload completed successfully: auto_suggest.cpython-314.pyc
2026-02-12 01:53:32,455 - INFO - Starting upload: lib/prompt_toolkit/__pycache__/__init__.cpython-314.pyc -> /home/kevin/test/lib/prompt_toolkit/__pycache__/__init__.cpython-314.pyc (1885 bytes)
2026-02-12 01:53:32,457 - DEBUG - [chan 0] open(b'/home/kevin/test/lib/prompt_toolkit/__pycache__/__init__.cpython-314.pyc', 'wb')
2026-02-12 01:53:32,458 - DEBUG - [chan 0] open(b'/home/kevin/test/lib/prompt_toolkit/__pycache__/__init__.cpython-314.pyc', 'wb') -> 00000000
2026-02-12 01:53:32,458 - DEBUG - Progress: 1885/1885 bytes
2026-02-12 01:53:32,458 - DEBUG - [chan 0] close(00000000)
2026-02-12 01:53:32,459 - DEBUG - [chan 0] stat(b'/home/kevin/test/lib/prompt_toolkit/__pycache__/__init__.cpython-314.pyc')
2026-02-12 01:53:32,462 - INFO - Upload completed successfully: __init__.cpython-314.pyc
2026-02-12 01:53:32,462 - DEBUG - [chan 0] mkdir(b'/home/kevin/test/lib/prompt_toolkit/widgets', 511)
2026-02-12 01:53:32,462 - INFO - Created remote folder: /home/kevin/test/lib/prompt_toolkit/widgets
2026-02-12 01:53:32,463 - INFO - Starting upload: lib/prompt_toolkit/widgets/toolbars.py -> /home/kevin/test/lib/prompt_toolkit/widgets/toolbars.py (12178 bytes)
2026-02-12 01:53:32,467 - DEBUG - [chan 0] open(b'/home/kevin/test/lib/prompt_toolkit/widgets/toolbars.py', 'wb')
2026-02-12 01:53:32,468 - DEBUG - [chan 0] open(b'/home/kevin/test/lib/prompt_toolkit/widgets/toolbars.py', 'wb') -> 00000000
2026-02-12 01:53:32,468 - DEBUG - Progress: 12178/12178 bytes
2026-02-12 01:53:32,468 - DEBUG - [chan 0] close(00000000)
2026-02-12 01:53:32,470 - DEBUG - [chan 0] stat(b'/home/kevin/test/lib/prompt_toolkit/widgets/toolbars.py')
2026-02-12 01:53:32,472 - INFO - Upload completed successfully: toolbars.py
2026-02-12 01:53:32,473 - INFO - Starting upload: lib/prompt_toolkit/widgets/menus.py -> /home/kevin/test/lib/prompt_toolkit/widgets/menus.py (13419 bytes)
2026-02-12 01:53:32,475 - DEBUG - [chan 0] open(b'/home/kevin/test/lib/prompt_toolkit/widgets/menus.py', 'wb')
2026-02-12 01:53:32,475 - DEBUG - [chan 0] open(b'/home/kevin/test/lib/prompt_toolkit/widgets/menus.py', 'wb') -> 00000000
2026-02-12 01:53:32,476 - DEBUG - Progress: 13419/13419 bytes
2026-02-12 01:53:32,476 - DEBUG - [chan 0] close(00000000)
2026-02-12 01:53:32,478 - DEBUG - [chan 0] stat(b'/home/kevin/test/lib/prompt_toolkit/widgets/menus.py')
2026-02-12 01:53:32,480 - INFO - Upload completed successfully: menus.py
2026-02-12 01:53:32,480 - INFO - Starting upload: lib/prompt_toolkit/widgets/dialogs.py -> /home/kevin/test/lib/prompt_toolkit/widgets/dialogs.py (3380 bytes)
2026-02-12 01:53:32,482 - DEBUG - [chan 0] open(b'/home/kevin/test/lib/prompt_toolkit/widgets/dialogs.py', 'wb')
2026-02-12 01:53:32,483 - DEBUG - [chan 0] open(b'/home/kevin/test/lib/prompt_toolkit/widgets/dialogs.py', 'wb') -> 00000000
2026-02-12 01:53:32,483 - DEBUG - Progress: 3380/3380 bytes
2026-02-12 01:53:32,483 - DEBUG - [chan 0] close(00000000)
2026-02-12 01:53:32,484 - DEBUG - [chan 0] stat(b'/home/kevin/test/lib/prompt_toolkit/widgets/dialogs.py')
2026-02-12 01:53:32,487 - INFO - Upload completed successfully: dialogs.py
2026-02-12 01:53:32,487 - INFO - Starting upload: lib/prompt_toolkit/widgets/base.py -> /home/kevin/test/lib/prompt_toolkit/widgets/base.py (35546 bytes)
2026-02-12 01:53:32,489 - DEBUG - [chan 0] open(b'/home/kevin/test/lib/prompt_toolkit/widgets/base.py', 'wb')
2026-02-12 01:53:32,489 - DEBUG - [chan 0] open(b'/home/kevin/test/lib/prompt_toolkit/widgets/base.py', 'wb') -> 00000000
2026-02-12 01:53:32,490 - DEBUG - Progress: 32768/35546 bytes
2026-02-12 01:53:32,490 - DEBUG - [chan 0] close(00000000)
2026-02-12 01:53:32,494 - DEBUG - [chan 0] stat(b'/home/kevin/test/lib/prompt_toolkit/widgets/base.py')
2026-02-12 01:53:32,496 - INFO - Upload completed successfully: base.py
2026-02-12 01:53:32,497 - INFO - Starting upload: lib/prompt_toolkit/widgets/__init__.py -> /home/kevin/test/lib/prompt_toolkit/widgets/__init__.py (1218 bytes)
2026-02-12 01:53:32,498 - DEBUG - [chan 0] open(b'/home/kevin/test/lib/prompt_toolkit/widgets/__init__.py', 'wb')
2026-02-12 01:53:32,499 - DEBUG - [chan 0] open(b'/home/kevin/test/lib/prompt_toolkit/widgets/__init__.py', 'wb') -> 00000000
2026-02-12 01:53:32,500 - DEBUG - Progress: 1218/1218 bytes
2026-02-12 01:53:32,500 - DEBUG - [chan 0] close(00000000)
2026-02-12 01:53:32,501 - DEBUG - [chan 0] stat(b'/home/kevin/test/lib/prompt_toolkit/widgets/__init__.py')
2026-02-12 01:53:32,503 - INFO - Upload completed successfully: __init__.py
2026-02-12 01:53:32,503 - DEBUG - [chan 0] mkdir(b'/home/kevin/test/lib/prompt_toolkit/widgets/__pycache__', 511)
2026-02-12 01:53:32,504 - INFO - Created remote folder: /home/kevin/test/lib/prompt_toolkit/widgets/__pycache__
2026-02-12 01:53:32,504 - INFO - Starting upload: lib/prompt_toolkit/widgets/__pycache__/toolbars.cpython-314.pyc -> /home/kevin/test/lib/prompt_toolkit/widgets/__pycache__/toolbars.cpython-314.pyc (20584 bytes)
2026-02-12 01:53:32,505 - DEBUG - [chan 0] open(b'/home/kevin/test/lib/prompt_toolkit/widgets/__pycache__/toolbars.cpython-314.pyc', 'wb')
2026-02-12 01:53:32,506 - DEBUG - [chan 0] open(b'/home/kevin/test/lib/prompt_toolkit/widgets/__pycache__/toolbars.cpython-314.pyc', 'wb') -> 00000000
2026-02-12 01:53:32,506 - DEBUG - Progress: 20584/20584 bytes
2026-02-12 01:53:32,506 - DEBUG - [chan 0] close(00000000)
2026-02-12 01:53:32,509 - DEBUG - [chan 0] stat(b'/home/kevin/test/lib/prompt_toolkit/widgets/__pycache__/toolbars.cpython-314.pyc')
2026-02-12 01:53:32,511 - INFO - Upload completed successfully: toolbars.cpython-314.pyc
2026-02-12 01:53:32,511 - INFO - Starting upload: lib/prompt_toolkit/widgets/__pycache__/menus.cpython-314.pyc -> /home/kevin/test/lib/prompt_toolkit/widgets/__pycache__/menus.cpython-314.pyc (22376 bytes)
2026-02-12 01:53:32,512 - DEBUG - [chan 0] open(b'/home/kevin/test/lib/prompt_toolkit/widgets/__pycache__/menus.cpython-314.pyc', 'wb')
2026-02-12 01:53:32,513 - DEBUG - [chan 0] open(b'/home/kevin/test/lib/prompt_toolkit/widgets/__pycache__/menus.cpython-314.pyc', 'wb') -> 00000000
2026-02-12 01:53:32,513 - DEBUG - Progress: 22376/22376 bytes
2026-02-12 01:53:32,513 - DEBUG - [chan 0] close(00000000)
2026-02-12 01:53:32,517 - DEBUG - [chan 0] stat(b'/home/kevin/test/lib/prompt_toolkit/widgets/__pycache__/menus.cpython-314.pyc')
2026-02-12 01:53:32,518 - INFO - Upload completed successfully: menus.cpython-314.pyc
2026-02-12 01:53:32,518 - INFO - Starting upload: lib/prompt_toolkit/widgets/__pycache__/dialogs.cpython-314.pyc -> /home/kevin/test/lib/prompt_toolkit/widgets/__pycache__/dialogs.cpython-314.pyc (4340 bytes)
2026-02-12 01:53:32,520 - DEBUG - [chan 0] open(b'/home/kevin/test/lib/prompt_toolkit/widgets/__pycache__/dialogs.cpython-314.pyc', 'wb')
2026-02-12 01:53:32,520 - DEBUG - [chan 0] open(b'/home/kevin/test/lib/prompt_toolkit/widgets/__pycache__/dialogs.cpython-314.pyc', 'wb') -> 00000000
2026-02-12 01:53:32,520 - DEBUG - Progress: 4340/4340 bytes
2026-02-12 01:53:32,520 - DEBUG - [chan 0] close(00000000)
2026-02-12 01:53:32,522 - DEBUG - [chan 0] stat(b'/home/kevin/test/lib/prompt_toolkit/widgets/__pycache__/dialogs.cpython-314.pyc')
2026-02-12 01:53:32,523 - INFO - Upload completed successfully: dialogs.cpython-314.pyc
2026-02-12 01:53:32,524 - INFO - Starting upload: lib/prompt_toolkit/widgets/__pycache__/base.cpython-314.pyc -> /home/kevin/test/lib/prompt_toolkit/widgets/__pycache__/base.cpython-314.pyc (50745 bytes)
2026-02-12 01:53:32,525 - DEBUG - [chan 0] open(b'/home/kevin/test/lib/prompt_toolkit/widgets/__pycache__/base.cpython-314.pyc', 'wb')
2026-02-12 01:53:32,526 - DEBUG - [chan 0] open(b'/home/kevin/test/lib/prompt_toolkit/widgets/__pycache__/base.cpython-314.pyc', 'wb') -> 00000000
2026-02-12 01:53:32,526 - DEBUG - Progress: 32768/50745 bytes
2026-02-12 01:53:32,526 - DEBUG - [chan 0] close(00000000)
2026-02-12 01:53:32,532 - DEBUG - [chan 0] stat(b'/home/kevin/test/lib/prompt_toolkit/widgets/__pycache__/base.cpython-314.pyc')
2026-02-12 01:53:32,534 - INFO - Upload completed successfully: base.cpython-314.pyc
2026-02-12 01:53:32,534 - INFO - Starting upload: lib/prompt_toolkit/widgets/__pycache__/__init__.cpython-314.pyc -> /home/kevin/test/lib/prompt_toolkit/widgets/__pycache__/__init__.cpython-314.pyc (1228 bytes)
2026-02-12 01:53:32,536 - DEBUG - [chan 0] open(b'/home/kevin/test/lib/prompt_toolkit/widgets/__pycache__/__init__.cpython-314.pyc', 'wb')
2026-02-12 01:53:32,537 - DEBUG - [chan 0] open(b'/home/kevin/test/lib/prompt_toolkit/widgets/__pycache__/__init__.cpython-314.pyc', 'wb') -> 00000000
2026-02-12 01:53:32,537 - DEBUG - Progress: 1228/1228 bytes
2026-02-12 01:53:32,537 - DEBUG - [chan 0] close(00000000)
2026-02-12 01:53:32,538 - DEBUG - [chan 0] stat(b'/home/kevin/test/lib/prompt_toolkit/widgets/__pycache__/__init__.cpython-314.pyc')
2026-02-12 01:53:32,540 - INFO - Upload completed successfully: __init__.cpython-314.pyc
2026-02-12 01:53:32,540 - DEBUG - [chan 0] mkdir(b'/home/kevin/test/lib/prompt_toolkit/styles', 511)
2026-02-12 01:53:32,541 - INFO - Created remote folder: /home/kevin/test/lib/prompt_toolkit/styles
2026-02-12 01:53:32,541 - INFO - Starting upload: lib/prompt_toolkit/styles/style_transformation.py -> /home/kevin/test/lib/prompt_toolkit/styles/style_transformation.py (12427 bytes)
2026-02-12 01:53:32,543 - DEBUG - [chan 0] open(b'/home/kevin/test/lib/prompt_toolkit/styles/style_transformation.py', 'wb')
2026-02-12 01:53:32,543 - DEBUG - [chan 0] open(b'/home/kevin/test/lib/prompt_toolkit/styles/style_transformation.py', 'wb') -> 00000000
2026-02-12 01:53:32,544 - DEBUG - Progress: 12427/12427 bytes
2026-02-12 01:53:32,544 - DEBUG - [chan 0] close(00000000)
2026-02-12 01:53:32,546 - DEBUG - [chan 0] stat(b'/home/kevin/test/lib/prompt_toolkit/styles/style_transformation.py')
2026-02-12 01:53:32,548 - INFO - Upload completed successfully: style_transformation.py
2026-02-12 01:53:32,548 - INFO - Starting upload: lib/prompt_toolkit/styles/style.py -> /home/kevin/test/lib/prompt_toolkit/styles/style.py (13263 bytes)
2026-02-12 01:53:32,549 - DEBUG - [chan 0] open(b'/home/kevin/test/lib/prompt_toolkit/styles/style.py', 'wb')
2026-02-12 01:53:32,550 - DEBUG - [chan 0] open(b'/home/kevin/test/lib/prompt_toolkit/styles/style.py', 'wb') -> 00000000
2026-02-12 01:53:32,550 - DEBUG - Progress: 13263/13263 bytes
2026-02-12 01:53:32,550 - DEBUG - [chan 0] close(00000000)
2026-02-12 01:53:32,552 - DEBUG - [chan 0] stat(b'/home/kevin/test/lib/prompt_toolkit/styles/style.py')
2026-02-12 01:53:32,554 - INFO - Upload completed successfully: style.py
2026-02-12 01:53:32,554 - INFO - Starting upload: lib/prompt_toolkit/styles/pygments.py -> /home/kevin/test/lib/prompt_toolkit/styles/pygments.py (1974 bytes)
2026-02-12 01:53:32,555 - DEBUG - [chan 0] open(b'/home/kevin/test/lib/prompt_toolkit/styles/pygments.py', 'wb')
2026-02-12 01:53:32,556 - DEBUG - [chan 0] open(b'/home/kevin/test/lib/prompt_toolkit/styles/pygments.py', 'wb') -> 00000000
2026-02-12 01:53:32,556 - DEBUG - Progress: 1974/1974 bytes
2026-02-12 01:53:32,556 - DEBUG - [chan 0] close(00000000)
2026-02-12 01:53:32,557 - DEBUG - [chan 0] stat(b'/home/kevin/test/lib/prompt_toolkit/styles/pygments.py')
2026-02-12 01:53:32,559 - INFO - Upload completed successfully: pygments.py
2026-02-12 01:53:32,559 - INFO - Starting upload: lib/prompt_toolkit/styles/named_colors.py -> /home/kevin/test/lib/prompt_toolkit/styles/named_colors.py (4367 bytes)
2026-02-12 01:53:32,560 - DEBUG - [chan 0] open(b'/home/kevin/test/lib/prompt_toolkit/styles/named_colors.py', 'wb')
2026-02-12 01:53:32,561 - DEBUG - [chan 0] open(b'/home/kevin/test/lib/prompt_toolkit/styles/named_colors.py', 'wb') -> 00000000
2026-02-12 01:53:32,561 - DEBUG - Progress: 4367/4367 bytes
2026-02-12 01:53:32,561 - DEBUG - [chan 0] close(00000000)
2026-02-12 01:53:32,562 - DEBUG - [chan 0] stat(b'/home/kevin/test/lib/prompt_toolkit/styles/named_colors.py')
2026-02-12 01:53:32,564 - INFO - Upload completed successfully: named_colors.py
2026-02-12 01:53:32,564 - INFO - Starting upload: lib/prompt_toolkit/styles/defaults.py -> /home/kevin/test/lib/prompt_toolkit/styles/defaults.py (8699 bytes)
2026-02-12 01:53:32,565 - DEBUG - [chan 0] open(b'/home/kevin/test/lib/prompt_toolkit/styles/defaults.py', 'wb')
2026-02-12 01:53:32,566 - DEBUG - [chan 0] open(b'/home/kevin/test/lib/prompt_toolkit/styles/defaults.py', 'wb') -> 00000000
2026-02-12 01:53:32,567 - DEBUG - Progress: 8699/8699 bytes
2026-02-12 01:53:32,567 - DEBUG - [chan 0] close(00000000)
2026-02-12 01:53:32,568 - DEBUG - [chan 0] stat(b'/home/kevin/test/lib/prompt_toolkit/styles/defaults.py')
2026-02-12 01:53:32,570 - INFO - Upload completed successfully: defaults.py
2026-02-12 01:53:32,570 - INFO - Starting upload: lib/prompt_toolkit/styles/base.py -> /home/kevin/test/lib/prompt_toolkit/styles/base.py (5064 bytes)
2026-02-12 01:53:32,572 - DEBUG - [chan 0] open(b'/home/kevin/test/lib/prompt_toolkit/styles/base.py', 'wb')
2026-02-12 01:53:32,572 - DEBUG - [chan 0] open(b'/home/kevin/test/lib/prompt_toolkit/styles/base.py', 'wb') -> 00000000
2026-02-12 01:53:32,572 - DEBUG - Progress: 5064/5064 bytes
2026-02-12 01:53:32,573 - DEBUG - [chan 0] close(00000000)
2026-02-12 01:53:32,574 - DEBUG - [chan 0] stat(b'/home/kevin/test/lib/prompt_toolkit/styles/base.py')
2026-02-12 01:53:32,576 - INFO - Upload completed successfully: base.py
2026-02-12 01:53:32,576 - INFO - Starting upload: lib/prompt_toolkit/styles/__init__.py -> /home/kevin/test/lib/prompt_toolkit/styles/__init__.py (1640 bytes)
2026-02-12 01:53:32,577 - DEBUG - [chan 0] open(b'/home/kevin/test/lib/prompt_toolkit/styles/__init__.py', 'wb')
2026-02-12 01:53:32,578 - DEBUG - [chan 0] open(b'/home/kevin/test/lib/prompt_toolkit/styles/__init__.py', 'wb') -> 00000000
2026-02-12 01:53:32,578 - DEBUG - Progress: 1640/1640 bytes
2026-02-12 01:53:32,578 - DEBUG - [chan 0] close(00000000)
2026-02-12 01:53:32,579 - DEBUG - [chan 0] stat(b'/home/kevin/test/lib/prompt_toolkit/styles/__init__.py')
2026-02-12 01:53:32,581 - INFO - Upload completed successfully: __init__.py
2026-02-12 01:53:32,581 - DEBUG - [chan 0] mkdir(b'/home/kevin/test/lib/prompt_toolkit/styles/__pycache__', 511)
2026-02-12 01:53:32,581 - INFO - Created remote folder: /home/kevin/test/lib/prompt_toolkit/styles/__pycache__
2026-02-12 01:53:32,581 - INFO - Starting upload: lib/prompt_toolkit/styles/__pycache__/style_transformation.cpython-314.pyc -> /home/kevin/test/lib/prompt_toolkit/styles/__pycache__/style_transformation.cpython-314.pyc (20229 bytes)
2026-02-12 01:53:32,583 - DEBUG - [chan 0] open(b'/home/kevin/test/lib/prompt_toolkit/styles/__pycache__/style_transformation.cpython-314.pyc', 'wb')
2026-02-12 01:53:32,583 - DEBUG - [chan 0] open(b'/home/kevin/test/lib/prompt_toolkit/styles/__pycache__/style_transformation.cpython-314.pyc', 'wb') -> 00000000
2026-02-12 01:53:32,584 - DEBUG - Progress: 20229/20229 bytes
2026-02-12 01:53:32,584 - DEBUG - [chan 0] close(00000000)
2026-02-12 01:53:32,588 - DEBUG - [chan 0] stat(b'/home/kevin/test/lib/prompt_toolkit/styles/__pycache__/style_transformation.cpython-314.pyc')
2026-02-12 01:53:32,590 - INFO - Upload completed successfully: style_transformation.cpython-314.pyc
2026-02-12 01:53:32,590 - INFO - Starting upload: lib/prompt_toolkit/styles/__pycache__/style.cpython-314.pyc -> /home/kevin/test/lib/prompt_toolkit/styles/__pycache__/style.cpython-314.pyc (18603 bytes)
2026-02-12 01:53:32,591 - DEBUG - [chan 0] open(b'/home/kevin/test/lib/prompt_toolkit/styles/__pycache__/style.cpython-314.pyc', 'wb')
2026-02-12 01:53:32,592 - DEBUG - [chan 0] open(b'/home/kevin/test/lib/prompt_toolkit/styles/__pycache__/style.cpython-314.pyc', 'wb') -> 00000000
2026-02-12 01:53:32,592 - DEBUG - Progress: 18603/18603 bytes
2026-02-12 01:53:32,592 - DEBUG - [chan 0] close(00000000)
2026-02-12 01:53:32,596 - DEBUG - [chan 0] stat(b'/home/kevin/test/lib/prompt_toolkit/styles/__pycache__/style.cpython-314.pyc')
2026-02-12 01:53:32,598 - INFO - Upload completed successfully: style.cpython-314.pyc
2026-02-12 01:53:32,598 - INFO - Starting upload: lib/prompt_toolkit/styles/__pycache__/pygments.cpython-314.pyc -> /home/kevin/test/lib/prompt_toolkit/styles/__pycache__/pygments.cpython-314.pyc (2859 bytes)
2026-02-12 01:53:32,602 - DEBUG - [chan 0] open(b'/home/kevin/test/lib/prompt_toolkit/styles/__pycache__/pygments.cpython-314.pyc', 'wb')
2026-02-12 01:53:32,602 - DEBUG - [chan 0] open(b'/home/kevin/test/lib/prompt_toolkit/styles/__pycache__/pygments.cpython-314.pyc', 'wb') -> 00000000
2026-02-12 01:53:32,603 - DEBUG - Progress: 2859/2859 bytes
2026-02-12 01:53:32,603 - DEBUG - [chan 0] close(00000000)
2026-02-12 01:53:32,604 - DEBUG - [chan 0] stat(b'/home/kevin/test/lib/prompt_toolkit/styles/__pycache__/pygments.cpython-314.pyc')
2026-02-12 01:53:32,608 - INFO - Upload completed successfully: pygments.cpython-314.pyc
2026-02-12 01:53:32,608 - INFO - Starting upload: lib/prompt_toolkit/styles/__pycache__/named_colors.cpython-314.pyc -> /home/kevin/test/lib/prompt_toolkit/styles/__pycache__/named_colors.cpython-314.pyc (6395 bytes)
2026-02-12 01:53:32,612 - DEBUG - [chan 0] open(b'/home/kevin/test/lib/prompt_toolkit/styles/__pycache__/named_colors.cpython-314.pyc', 'wb')
2026-02-12 01:53:32,613 - DEBUG - [chan 0] open(b'/home/kevin/test/lib/prompt_toolkit/styles/__pycache__/named_colors.cpython-314.pyc', 'wb') -> 00000000
2026-02-12 01:53:32,613 - DEBUG - Progress: 6395/6395 bytes
2026-02-12 01:53:32,613 - DEBUG - [chan 0] close(00000000)
2026-02-12 01:53:32,615 - DEBUG - [chan 0] stat(b'/home/kevin/test/lib/prompt_toolkit/styles/__pycache__/named_colors.cpython-314.pyc')
2026-02-12 01:53:32,618 - INFO - Upload completed successfully: named_colors.cpython-314.pyc
2026-02-12 01:53:32,618 - INFO - Starting upload: lib/prompt_toolkit/styles/__pycache__/defaults.cpython-314.pyc -> /home/kevin/test/lib/prompt_toolkit/styles/__pycache__/defaults.cpython-314.pyc (8286 bytes)
2026-02-12 01:53:32,622 - DEBUG - [chan 0] open(b'/home/kevin/test/lib/prompt_toolkit/styles/__pycache__/defaults.cpython-314.pyc', 'wb')
2026-02-12 01:53:32,623 - DEBUG - [chan 0] open(b'/home/kevin/test/lib/prompt_toolkit/styles/__pycache__/defaults.cpython-314.pyc', 'wb') -> 00000000
2026-02-12 01:53:32,624 - DEBUG - Progress: 8286/8286 bytes
2026-02-12 01:53:32,624 - DEBUG - [chan 0] close(00000000)
2026-02-12 01:53:32,625 - DEBUG - [chan 0] stat(b'/home/kevin/test/lib/prompt_toolkit/styles/__pycache__/defaults.cpython-314.pyc')
2026-02-12 01:53:32,627 - INFO - Upload completed successfully: defaults.cpython-314.pyc
2026-02-12 01:53:32,627 - INFO - Starting upload: lib/prompt_toolkit/styles/__pycache__/base.cpython-314.pyc -> /home/kevin/test/lib/prompt_toolkit/styles/__pycache__/base.cpython-314.pyc (7097 bytes)
2026-02-12 01:53:32,629 - DEBUG - [chan 0] open(b'/home/kevin/test/lib/prompt_toolkit/styles/__pycache__/base.cpython-314.pyc', 'wb')
2026-02-12 01:53:32,629 - DEBUG - [chan 0] open(b'/home/kevin/test/lib/prompt_toolkit/styles/__pycache__/base.cpython-314.pyc', 'wb') -> 00000000
2026-02-12 01:53:32,629 - DEBUG - Progress: 7097/7097 bytes
2026-02-12 01:53:32,629 - DEBUG - [chan 0] close(00000000)
2026-02-12 01:53:32,631 - DEBUG - [chan 0] stat(b'/home/kevin/test/lib/prompt_toolkit/styles/__pycache__/base.cpython-314.pyc')
2026-02-12 01:53:32,632 - INFO - Upload completed successfully: base.cpython-314.pyc
2026-02-12 01:53:32,632 - INFO - Starting upload: lib/prompt_toolkit/styles/__pycache__/__init__.cpython-314.pyc -> /home/kevin/test/lib/prompt_toolkit/styles/__pycache__/__init__.cpython-314.pyc (1363 bytes)
2026-02-12 01:53:32,634 - DEBUG - [chan 0] open(b'/home/kevin/test/lib/prompt_toolkit/styles/__pycache__/__init__.cpython-314.pyc', 'wb')
2026-02-12 01:53:32,634 - DEBUG - [chan 0] open(b'/home/kevin/test/lib/prompt_toolkit/styles/__pycache__/__init__.cpython-314.pyc', 'wb') -> 00000000
2026-02-12 01:53:32,635 - DEBUG - Progress: 1363/1363 bytes
2026-02-12 01:53:32,635 - DEBUG - [chan 0] close(00000000)
2026-02-12 01:53:32,635 - DEBUG - [chan 0] stat(b'/home/kevin/test/lib/prompt_toolkit/styles/__pycache__/__init__.cpython-314.pyc')
2026-02-12 01:53:32,637 - INFO - Upload completed successfully: __init__.cpython-314.pyc
2026-02-12 01:53:32,637 - DEBUG - [chan 0] mkdir(b'/home/kevin/test/lib/prompt_toolkit/shortcuts', 511)
2026-02-12 01:53:32,637 - INFO - Created remote folder: /home/kevin/test/lib/prompt_toolkit/shortcuts
2026-02-12 01:53:32,637 - INFO - Starting upload: lib/prompt_toolkit/shortcuts/utils.py -> /home/kevin/test/lib/prompt_toolkit/shortcuts/utils.py (6950 bytes)
2026-02-12 01:53:32,639 - DEBUG - [chan 0] open(b'/home/kevin/test/lib/prompt_toolkit/shortcuts/utils.py', 'wb')
2026-02-12 01:53:32,639 - DEBUG - [chan 0] open(b'/home/kevin/test/lib/prompt_toolkit/shortcuts/utils.py', 'wb') -> 00000000
2026-02-12 01:53:32,640 - DEBUG - Progress: 6950/6950 bytes
2026-02-12 01:53:32,640 - DEBUG - [chan 0] close(00000000)
2026-02-12 01:53:32,641 - DEBUG - [chan 0] stat(b'/home/kevin/test/lib/prompt_toolkit/shortcuts/utils.py')
2026-02-12 01:53:32,643 - INFO - Upload completed successfully: utils.py
2026-02-12 01:53:32,643 - INFO - Starting upload: lib/prompt_toolkit/shortcuts/prompt.py -> /home/kevin/test/lib/prompt_toolkit/shortcuts/prompt.py (60747 bytes)
2026-02-12 01:53:32,644 - DEBUG - [chan 0] open(b'/home/kevin/test/lib/prompt_toolkit/shortcuts/prompt.py', 'wb')
2026-02-12 01:53:32,645 - DEBUG - [chan 0] open(b'/home/kevin/test/lib/prompt_toolkit/shortcuts/prompt.py', 'wb') -> 00000000
2026-02-12 01:53:32,645 - DEBUG - Progress: 32768/60747 bytes
2026-02-12 01:53:32,645 - DEBUG - [chan 0] close(00000000)
2026-02-12 01:53:32,655 - DEBUG - [chan 0] stat(b'/home/kevin/test/lib/prompt_toolkit/shortcuts/prompt.py')
2026-02-12 01:53:32,657 - INFO - Upload completed successfully: prompt.py
2026-02-12 01:53:32,658 - INFO - Starting upload: lib/prompt_toolkit/shortcuts/dialogs.py -> /home/kevin/test/lib/prompt_toolkit/shortcuts/dialogs.py (9007 bytes)
2026-02-12 01:53:32,660 - DEBUG - [chan 0] open(b'/home/kevin/test/lib/prompt_toolkit/shortcuts/dialogs.py', 'wb')
2026-02-12 01:53:32,660 - DEBUG - [chan 0] open(b'/home/kevin/test/lib/prompt_toolkit/shortcuts/dialogs.py', 'wb') -> 00000000
2026-02-12 01:53:32,661 - DEBUG - Progress: 9007/9007 bytes
2026-02-12 01:53:32,661 - DEBUG - [chan 0] close(00000000)
2026-02-12 01:53:32,663 - DEBUG - [chan 0] stat(b'/home/kevin/test/lib/prompt_toolkit/shortcuts/dialogs.py')
2026-02-12 01:53:32,665 - INFO - Upload completed successfully: dialogs.py
2026-02-12 01:53:32,665 - INFO - Starting upload: lib/prompt_toolkit/shortcuts/choice_input.py -> /home/kevin/test/lib/prompt_toolkit/shortcuts/choice_input.py (10523 bytes)
2026-02-12 01:53:32,667 - DEBUG - [chan 0] open(b'/home/kevin/test/lib/prompt_toolkit/shortcuts/choice_input.py', 'wb')
2026-02-12 01:53:32,668 - DEBUG - [chan 0] open(b'/home/kevin/test/lib/prompt_toolkit/shortcuts/choice_input.py', 'wb') -> 00000000
2026-02-12 01:53:32,669 - DEBUG - Progress: 10523/10523 bytes
2026-02-12 01:53:32,669 - DEBUG - [chan 0] close(00000000)
2026-02-12 01:53:32,670 - DEBUG - [chan 0] stat(b'/home/kevin/test/lib/prompt_toolkit/shortcuts/choice_input.py')
2026-02-12 01:53:32,673 - INFO - Upload completed successfully: choice_input.py
2026-02-12 01:53:32,673 - INFO - Starting upload: lib/prompt_toolkit/shortcuts/__init__.py -> /home/kevin/test/lib/prompt_toolkit/shortcuts/__init__.py (1020 bytes)
2026-02-12 01:53:32,675 - DEBUG - [chan 0] open(b'/home/kevin/test/lib/prompt_toolkit/shortcuts/__init__.py', 'wb')
2026-02-12 01:53:32,676 - DEBUG - [chan 0] open(b'/home/kevin/test/lib/prompt_toolkit/shortcuts/__init__.py', 'wb') -> 00000000
2026-02-12 01:53:32,676 - DEBUG - Progress: 1020/1020 bytes
2026-02-12 01:53:32,676 - DEBUG - [chan 0] close(00000000)
2026-02-12 01:53:32,677 - DEBUG - [chan 0] stat(b'/home/kevin/test/lib/prompt_toolkit/shortcuts/__init__.py')
2026-02-12 01:53:32,679 - INFO - Upload completed successfully: __init__.py
2026-02-12 01:53:32,679 - DEBUG - [chan 0] mkdir(b'/home/kevin/test/lib/prompt_toolkit/shortcuts/__pycache__', 511)
2026-02-12 01:53:32,679 - INFO - Created remote folder: /home/kevin/test/lib/prompt_toolkit/shortcuts/__pycache__
2026-02-12 01:53:32,679 - INFO - Starting upload: lib/prompt_toolkit/shortcuts/__pycache__/utils.cpython-314.pyc -> /home/kevin/test/lib/prompt_toolkit/shortcuts/__pycache__/utils.cpython-314.pyc (9360 bytes)
2026-02-12 01:53:32,681 - DEBUG - [chan 0] open(b'/home/kevin/test/lib/prompt_toolkit/shortcuts/__pycache__/utils.cpython-314.pyc', 'wb')
2026-02-12 01:53:32,682 - DEBUG - [chan 0] open(b'/home/kevin/test/lib/prompt_toolkit/shortcuts/__pycache__/utils.cpython-314.pyc', 'wb') -> 00000000
2026-02-12 01:53:32,682 - DEBUG - Progress: 9360/9360 bytes
2026-02-12 01:53:32,682 - DEBUG - [chan 0] close(00000000)
2026-02-12 01:53:32,684 - DEBUG - [chan 0] stat(b'/home/kevin/test/lib/prompt_toolkit/shortcuts/__pycache__/utils.cpython-314.pyc')
2026-02-12 01:53:32,686 - INFO - Upload completed successfully: utils.cpython-314.pyc
2026-02-12 01:53:32,686 - INFO - Starting upload: lib/prompt_toolkit/shortcuts/__pycache__/prompt.cpython-314.pyc -> /home/kevin/test/lib/prompt_toolkit/shortcuts/__pycache__/prompt.cpython-314.pyc (66126 bytes)
2026-02-12 01:53:32,688 - DEBUG - [chan 0] open(b'/home/kevin/test/lib/prompt_toolkit/shortcuts/__pycache__/prompt.cpython-314.pyc', 'wb')
2026-02-12 01:53:32,689 - DEBUG - [chan 0] open(b'/home/kevin/test/lib/prompt_toolkit/shortcuts/__pycache__/prompt.cpython-314.pyc', 'wb') -> 00000000
2026-02-12 01:53:32,689 - DEBUG - [chan 0] close(00000000)
2026-02-12 01:53:32,697 - DEBUG - [chan 0] stat(b'/home/kevin/test/lib/prompt_toolkit/shortcuts/__pycache__/prompt.cpython-314.pyc')
2026-02-12 01:53:32,699 - INFO - Upload completed successfully: prompt.cpython-314.pyc
2026-02-12 01:53:32,699 - INFO - Starting upload: lib/prompt_toolkit/shortcuts/__pycache__/dialogs.cpython-314.pyc -> /home/kevin/test/lib/prompt_toolkit/shortcuts/__pycache__/dialogs.cpython-314.pyc (14603 bytes)
2026-02-12 01:53:32,700 - DEBUG - [chan 0] open(b'/home/kevin/test/lib/prompt_toolkit/shortcuts/__pycache__/dialogs.cpython-314.pyc', 'wb')
2026-02-12 01:53:32,701 - DEBUG - [chan 0] open(b'/home/kevin/test/lib/prompt_toolkit/shortcuts/__pycache__/dialogs.cpython-314.pyc', 'wb') -> 00000000
2026-02-12 01:53:32,701 - DEBUG - Progress: 14603/14603 bytes
2026-02-12 01:53:32,701 - DEBUG - [chan 0] close(00000000)
2026-02-12 01:53:32,705 - DEBUG - [chan 0] stat(b'/home/kevin/test/lib/prompt_toolkit/shortcuts/__pycache__/dialogs.cpython-314.pyc')
2026-02-12 01:53:32,707 - INFO - Upload completed successfully: dialogs.cpython-314.pyc
2026-02-12 01:53:32,707 - INFO - Starting upload: lib/prompt_toolkit/shortcuts/__pycache__/choice_input.cpython-314.pyc -> /home/kevin/test/lib/prompt_toolkit/shortcuts/__pycache__/choice_input.cpython-314.pyc (13803 bytes)
2026-02-12 01:53:32,709 - DEBUG - [chan 0] open(b'/home/kevin/test/lib/prompt_toolkit/shortcuts/__pycache__/choice_input.cpython-314.pyc', 'wb')
2026-02-12 01:53:32,710 - DEBUG - [chan 0] open(b'/home/kevin/test/lib/prompt_toolkit/shortcuts/__pycache__/choice_input.cpython-314.pyc', 'wb') -> 00000000
2026-02-12 01:53:32,710 - DEBUG - Progress: 13803/13803 bytes
2026-02-12 01:53:32,710 - DEBUG - [chan 0] close(00000000)
2026-02-12 01:53:32,712 - DEBUG - [chan 0] stat(b'/home/kevin/test/lib/prompt_toolkit/shortcuts/__pycache__/choice_input.cpython-314.pyc')
2026-02-12 01:53:32,714 - INFO - Upload completed successfully: choice_input.cpython-314.pyc
2026-02-12 01:53:32,714 - INFO - Starting upload: lib/prompt_toolkit/shortcuts/__pycache__/__init__.cpython-314.pyc -> /home/kevin/test/lib/prompt_toolkit/shortcuts/__pycache__/__init__.cpython-314.pyc (960 bytes)
2026-02-12 01:53:32,716 - DEBUG - [chan 0] open(b'/home/kevin/test/lib/prompt_toolkit/shortcuts/__pycache__/__init__.cpython-314.pyc', 'wb')
2026-02-12 01:53:32,717 - DEBUG - [chan 0] open(b'/home/kevin/test/lib/prompt_toolkit/shortcuts/__pycache__/__init__.cpython-314.pyc', 'wb') -> 00000000
2026-02-12 01:53:32,717 - DEBUG - Progress: 960/960 bytes
2026-02-12 01:53:32,717 - DEBUG - [chan 0] close(00000000)
2026-02-12 01:53:32,718 - DEBUG - [chan 0] stat(b'/home/kevin/test/lib/prompt_toolkit/shortcuts/__pycache__/__init__.cpython-314.pyc')
2026-02-12 01:53:32,720 - INFO - Upload completed successfully: __init__.cpython-314.pyc
2026-02-12 01:53:32,720 - DEBUG - [chan 0] mkdir(b'/home/kevin/test/lib/prompt_toolkit/shortcuts/progress_bar', 511)
2026-02-12 01:53:32,721 - INFO - Created remote folder: /home/kevin/test/lib/prompt_toolkit/shortcuts/progress_bar
2026-02-12 01:53:32,721 - INFO - Starting upload: lib/prompt_toolkit/shortcuts/progress_bar/formatters.py -> /home/kevin/test/lib/prompt_toolkit/shortcuts/progress_bar/formatters.py (11739 bytes)
2026-02-12 01:53:32,723 - DEBUG - [chan 0] open(b'/home/kevin/test/lib/prompt_toolkit/shortcuts/progress_bar/formatters.py', 'wb')
2026-02-12 01:53:32,723 - DEBUG - [chan 0] open(b'/home/kevin/test/lib/prompt_toolkit/shortcuts/progress_bar/formatters.py', 'wb') -> 00000000
2026-02-12 01:53:32,724 - DEBUG - Progress: 11739/11739 bytes
2026-02-12 01:53:32,724 - DEBUG - [chan 0] close(00000000)
2026-02-12 01:53:32,726 - DEBUG - [chan 0] stat(b'/home/kevin/test/lib/prompt_toolkit/shortcuts/progress_bar/formatters.py')
2026-02-12 01:53:32,728 - INFO - Upload completed successfully: formatters.py
2026-02-12 01:53:32,728 - INFO - Starting upload: lib/prompt_toolkit/shortcuts/progress_bar/base.py -> /home/kevin/test/lib/prompt_toolkit/shortcuts/progress_bar/base.py (14402 bytes)
2026-02-12 01:53:32,730 - DEBUG - [chan 0] open(b'/home/kevin/test/lib/prompt_toolkit/shortcuts/progress_bar/base.py', 'wb')
2026-02-12 01:53:32,731 - DEBUG - [chan 0] open(b'/home/kevin/test/lib/prompt_toolkit/shortcuts/progress_bar/base.py', 'wb') -> 00000000
2026-02-12 01:53:32,732 - DEBUG - Progress: 14402/14402 bytes
2026-02-12 01:53:32,732 - DEBUG - [chan 0] close(00000000)
2026-02-12 01:53:32,734 - DEBUG - [chan 0] stat(b'/home/kevin/test/lib/prompt_toolkit/shortcuts/progress_bar/base.py')
2026-02-12 01:53:32,736 - INFO - Upload completed successfully: base.py
2026-02-12 01:53:32,736 - INFO - Starting upload: lib/prompt_toolkit/shortcuts/progress_bar/__init__.py -> /home/kevin/test/lib/prompt_toolkit/shortcuts/progress_bar/__init__.py (540 bytes)
2026-02-12 01:53:32,738 - DEBUG - [chan 0] open(b'/home/kevin/test/lib/prompt_toolkit/shortcuts/progress_bar/__init__.py', 'wb')
2026-02-12 01:53:32,739 - DEBUG - [chan 0] open(b'/home/kevin/test/lib/prompt_toolkit/shortcuts/progress_bar/__init__.py', 'wb') -> 00000000
2026-02-12 01:53:32,739 - DEBUG - Progress: 540/540 bytes
2026-02-12 01:53:32,739 - DEBUG - [chan 0] close(00000000)
2026-02-12 01:53:32,740 - DEBUG - [chan 0] stat(b'/home/kevin/test/lib/prompt_toolkit/shortcuts/progress_bar/__init__.py')
2026-02-12 01:53:32,741 - INFO - Upload completed successfully: __init__.py
2026-02-12 01:53:32,741 - DEBUG - [chan 0] mkdir(b'/home/kevin/test/lib/prompt_toolkit/shortcuts/progress_bar/__pycache__', 511)
2026-02-12 01:53:32,742 - INFO - Created remote folder: /home/kevin/test/lib/prompt_toolkit/shortcuts/progress_bar/__pycache__
2026-02-12 01:53:32,742 - INFO - Starting upload: lib/prompt_toolkit/shortcuts/progress_bar/__pycache__/formatters.cpython-314.pyc -> /home/kevin/test/lib/prompt_toolkit/shortcuts/progress_bar/__pycache__/formatters.cpython-314.pyc (21811 bytes)
2026-02-12 01:53:32,743 - DEBUG - [chan 0] open(b'/home/kevin/test/lib/prompt_toolkit/shortcuts/progress_bar/__pycache__/formatters.cpython-314.pyc', 'wb')
2026-02-12 01:53:32,744 - DEBUG - [chan 0] open(b'/home/kevin/test/lib/prompt_toolkit/shortcuts/progress_bar/__pycache__/formatters.cpython-314.pyc', 'wb') -> 00000000
2026-02-12 01:53:32,744 - DEBUG - Progress: 21811/21811 bytes
2026-02-12 01:53:32,744 - DEBUG - [chan 0] close(00000000)
2026-02-12 01:53:32,747 - DEBUG - [chan 0] stat(b'/home/kevin/test/lib/prompt_toolkit/shortcuts/progress_bar/__pycache__/formatters.cpython-314.pyc')
2026-02-12 01:53:32,748 - INFO - Upload completed successfully: formatters.cpython-314.pyc
2026-02-12 01:53:32,749 - INFO - Starting upload: lib/prompt_toolkit/shortcuts/progress_bar/__pycache__/base.cpython-314.pyc -> /home/kevin/test/lib/prompt_toolkit/shortcuts/progress_bar/__pycache__/base.cpython-314.pyc (22643 bytes)
2026-02-12 01:53:32,750 - DEBUG - [chan 0] open(b'/home/kevin/test/lib/prompt_toolkit/shortcuts/progress_bar/__pycache__/base.cpython-314.pyc', 'wb')
2026-02-12 01:53:32,751 - DEBUG - [chan 0] open(b'/home/kevin/test/lib/prompt_toolkit/shortcuts/progress_bar/__pycache__/base.cpython-314.pyc', 'wb') -> 00000000
2026-02-12 01:53:32,751 - DEBUG - Progress: 22643/22643 bytes
2026-02-12 01:53:32,751 - DEBUG - [chan 0] close(00000000)
2026-02-12 01:53:32,754 - DEBUG - [chan 0] stat(b'/home/kevin/test/lib/prompt_toolkit/shortcuts/progress_bar/__pycache__/base.cpython-314.pyc')
2026-02-12 01:53:32,756 - INFO - Upload completed successfully: base.cpython-314.pyc
2026-02-12 01:53:32,756 - INFO - Starting upload: lib/prompt_toolkit/shortcuts/progress_bar/__pycache__/__init__.cpython-314.pyc -> /home/kevin/test/lib/prompt_toolkit/shortcuts/progress_bar/__pycache__/__init__.cpython-314.pyc (654 bytes)
2026-02-12 01:53:32,757 - DEBUG - [chan 0] open(b'/home/kevin/test/lib/prompt_toolkit/shortcuts/progress_bar/__pycache__/__init__.cpython-314.pyc', 'wb')
2026-02-12 01:53:32,758 - DEBUG - [chan 0] open(b'/home/kevin/test/lib/prompt_toolkit/shortcuts/progress_bar/__pycache__/__init__.cpython-314.pyc', 'wb') -> 00000000
2026-02-12 01:53:32,758 - DEBUG - Progress: 654/654 bytes
2026-02-12 01:53:32,758 - DEBUG - [chan 0] close(00000000)
2026-02-12 01:53:32,759 - DEBUG - [chan 0] stat(b'/home/kevin/test/lib/prompt_toolkit/shortcuts/progress_bar/__pycache__/__init__.cpython-314.pyc')
2026-02-12 01:53:32,760 - INFO - Upload completed successfully: __init__.cpython-314.pyc
2026-02-12 01:53:32,760 - DEBUG - [chan 0] mkdir(b'/home/kevin/test/lib/prompt_toolkit/output', 511)
2026-02-12 01:53:32,761 - INFO - Created remote folder: /home/kevin/test/lib/prompt_toolkit/output
2026-02-12 01:53:32,761 - INFO - Starting upload: lib/prompt_toolkit/output/windows10.py -> /home/kevin/test/lib/prompt_toolkit/output/windows10.py (4362 bytes)
2026-02-12 01:53:32,762 - DEBUG - [chan 0] open(b'/home/kevin/test/lib/prompt_toolkit/output/windows10.py', 'wb')
2026-02-12 01:53:32,763 - DEBUG - [chan 0] open(b'/home/kevin/test/lib/prompt_toolkit/output/windows10.py', 'wb') -> 00000000
2026-02-12 01:53:32,763 - DEBUG - Progress: 4362/4362 bytes
2026-02-12 01:53:32,763 - DEBUG - [chan 0] close(00000000)
2026-02-12 01:53:32,765 - DEBUG - [chan 0] stat(b'/home/kevin/test/lib/prompt_toolkit/output/windows10.py')
2026-02-12 01:53:32,766 - INFO - Upload completed successfully: windows10.py
2026-02-12 01:53:32,766 - INFO - Starting upload: lib/prompt_toolkit/output/win32.py -> /home/kevin/test/lib/prompt_toolkit/output/win32.py (22639 bytes)
2026-02-12 01:53:32,768 - DEBUG - [chan 0] open(b'/home/kevin/test/lib/prompt_toolkit/output/win32.py', 'wb')
2026-02-12 01:53:32,768 - DEBUG - [chan 0] open(b'/home/kevin/test/lib/prompt_toolkit/output/win32.py', 'wb') -> 00000000
2026-02-12 01:53:32,769 - DEBUG - Progress: 22639/22639 bytes
2026-02-12 01:53:32,769 - DEBUG - [chan 0] close(00000000)
2026-02-12 01:53:32,772 - DEBUG - [chan 0] stat(b'/home/kevin/test/lib/prompt_toolkit/output/win32.py')
2026-02-12 01:53:32,773 - INFO - Upload completed successfully: win32.py
2026-02-12 01:53:32,774 - INFO - Starting upload: lib/prompt_toolkit/output/vt100.py -> /home/kevin/test/lib/prompt_toolkit/output/vt100.py (23474 bytes)
2026-02-12 01:53:32,775 - DEBUG - [chan 0] open(b'/home/kevin/test/lib/prompt_toolkit/output/vt100.py', 'wb')
2026-02-12 01:53:32,776 - DEBUG - [chan 0] open(b'/home/kevin/test/lib/prompt_toolkit/output/vt100.py', 'wb') -> 00000000
2026-02-12 01:53:32,776 - DEBUG - Progress: 23474/23474 bytes
2026-02-12 01:53:32,776 - DEBUG - [chan 0] close(00000000)
2026-02-12 01:53:32,779 - DEBUG - [chan 0] stat(b'/home/kevin/test/lib/prompt_toolkit/output/vt100.py')
2026-02-12 01:53:32,781 - INFO - Upload completed successfully: vt100.py
2026-02-12 01:53:32,781 - INFO - Starting upload: lib/prompt_toolkit/output/plain_text.py -> /home/kevin/test/lib/prompt_toolkit/output/plain_text.py (3296 bytes)
2026-02-12 01:53:32,783 - DEBUG - [chan 0] open(b'/home/kevin/test/lib/prompt_toolkit/output/plain_text.py', 'wb')
2026-02-12 01:53:32,784 - DEBUG - [chan 0] open(b'/home/kevin/test/lib/prompt_toolkit/output/plain_text.py', 'wb') -> 00000000
2026-02-12 01:53:32,784 - DEBUG - Progress: 3296/3296 bytes
2026-02-12 01:53:32,784 - DEBUG - [chan 0] close(00000000)
2026-02-12 01:53:32,785 - DEBUG - [chan 0] stat(b'/home/kevin/test/lib/prompt_toolkit/output/plain_text.py')
2026-02-12 01:53:32,787 - INFO - Upload completed successfully: plain_text.py
2026-02-12 01:53:32,787 - INFO - Starting upload: lib/prompt_toolkit/output/flush_stdout.py -> /home/kevin/test/lib/prompt_toolkit/output/flush_stdout.py (3236 bytes)
2026-02-12 01:53:32,789 - DEBUG - [chan 0] open(b'/home/kevin/test/lib/prompt_toolkit/output/flush_stdout.py', 'wb')
2026-02-12 01:53:32,790 - DEBUG - [chan 0] open(b'/home/kevin/test/lib/prompt_toolkit/output/flush_stdout.py', 'wb') -> 00000000
2026-02-12 01:53:32,790 - DEBUG - Progress: 3236/3236 bytes
2026-02-12 01:53:32,790 - DEBUG - [chan 0] close(00000000)
2026-02-12 01:53:32,791 - DEBUG - [chan 0] stat(b'/home/kevin/test/lib/prompt_toolkit/output/flush_stdout.py')
2026-02-12 01:53:32,794 - INFO - Upload completed successfully: flush_stdout.py
2026-02-12 01:53:32,795 - INFO - Starting upload: lib/prompt_toolkit/output/defaults.py -> /home/kevin/test/lib/prompt_toolkit/output/defaults.py (3689 bytes)
2026-02-12 01:53:32,797 - DEBUG - [chan 0] open(b'/home/kevin/test/lib/prompt_toolkit/output/defaults.py', 'wb')
2026-02-12 01:53:32,797 - DEBUG - [chan 0] open(b'/home/kevin/test/lib/prompt_toolkit/output/defaults.py', 'wb') -> 00000000
2026-02-12 01:53:32,798 - DEBUG - Progress: 3689/3689 bytes
2026-02-12 01:53:32,798 - DEBUG - [chan 0] close(00000000)
2026-02-12 01:53:32,799 - DEBUG - [chan 0] stat(b'/home/kevin/test/lib/prompt_toolkit/output/defaults.py')
2026-02-12 01:53:32,801 - INFO - Upload completed successfully: defaults.py
2026-02-12 01:53:32,801 - INFO - Starting upload: lib/prompt_toolkit/output/conemu.py -> /home/kevin/test/lib/prompt_toolkit/output/conemu.py (1865 bytes)
2026-02-12 01:53:32,803 - DEBUG - [chan 0] open(b'/home/kevin/test/lib/prompt_toolkit/output/conemu.py', 'wb')
2026-02-12 01:53:32,804 - DEBUG - [chan 0] open(b'/home/kevin/test/lib/prompt_toolkit/output/conemu.py', 'wb') -> 00000000
2026-02-12 01:53:32,804 - DEBUG - Progress: 1865/1865 bytes
2026-02-12 01:53:32,804 - DEBUG - [chan 0] close(00000000)
2026-02-12 01:53:32,805 - DEBUG - [chan 0] stat(b'/home/kevin/test/lib/prompt_toolkit/output/conemu.py')
2026-02-12 01:53:32,807 - INFO - Upload completed successfully: conemu.py
2026-02-12 01:53:32,807 - INFO - Starting upload: lib/prompt_toolkit/output/color_depth.py -> /home/kevin/test/lib/prompt_toolkit/output/color_depth.py (1569 bytes)
2026-02-12 01:53:32,809 - DEBUG - [chan 0] open(b'/home/kevin/test/lib/prompt_toolkit/output/color_depth.py', 'wb')
2026-02-12 01:53:32,810 - DEBUG - [chan 0] open(b'/home/kevin/test/lib/prompt_toolkit/output/color_depth.py', 'wb') -> 00000000
2026-02-12 01:53:32,810 - DEBUG - Progress: 1569/1569 bytes
2026-02-12 01:53:32,810 - DEBUG - [chan 0] close(00000000)
2026-02-12 01:53:32,811 - DEBUG - [chan 0] stat(b'/home/kevin/test/lib/prompt_toolkit/output/color_depth.py')
2026-02-12 01:53:32,814 - INFO - Upload completed successfully: color_depth.py
2026-02-12 01:53:32,814 - INFO - Starting upload: lib/prompt_toolkit/output/base.py -> /home/kevin/test/lib/prompt_toolkit/output/base.py (8348 bytes)
2026-02-12 01:53:32,816 - DEBUG - [chan 0] open(b'/home/kevin/test/lib/prompt_toolkit/output/base.py', 'wb')
2026-02-12 01:53:32,817 - DEBUG - [chan 0] open(b'/home/kevin/test/lib/prompt_toolkit/output/base.py', 'wb') -> 00000000
2026-02-12 01:53:32,827 - DEBUG - Progress: 8348/8348 bytes
2026-02-12 01:53:32,827 - DEBUG - [chan 0] close(00000000)
2026-02-12 01:53:32,829 - DEBUG - [chan 0] stat(b'/home/kevin/test/lib/prompt_toolkit/output/base.py')
2026-02-12 01:53:32,831 - INFO - Upload completed successfully: base.py
2026-02-12 01:53:32,832 - INFO - Starting upload: lib/prompt_toolkit/output/__init__.py -> /home/kevin/test/lib/prompt_toolkit/output/__init__.py (280 bytes)
2026-02-12 01:53:32,834 - DEBUG - [chan 0] open(b'/home/kevin/test/lib/prompt_toolkit/output/__init__.py', 'wb')
2026-02-12 01:53:32,834 - DEBUG - [chan 0] open(b'/home/kevin/test/lib/prompt_toolkit/output/__init__.py', 'wb') -> 00000000
2026-02-12 01:53:32,835 - DEBUG - Progress: 280/280 bytes
2026-02-12 01:53:32,835 - DEBUG - [chan 0] close(00000000)
2026-02-12 01:53:32,835 - DEBUG - [chan 0] stat(b'/home/kevin/test/lib/prompt_toolkit/output/__init__.py')
2026-02-12 01:53:32,837 - INFO - Upload completed successfully: __init__.py
2026-02-12 01:53:32,838 - DEBUG - [chan 0] mkdir(b'/home/kevin/test/lib/prompt_toolkit/output/__pycache__', 511)
2026-02-12 01:53:32,838 - INFO - Created remote folder: /home/kevin/test/lib/prompt_toolkit/output/__pycache__
2026-02-12 01:53:32,839 - INFO - Starting upload: lib/prompt_toolkit/output/__pycache__/windows10.cpython-314.pyc -> /home/kevin/test/lib/prompt_toolkit/output/__pycache__/windows10.cpython-314.pyc (5848 bytes)
2026-02-12 01:53:32,841 - DEBUG - [chan 0] open(b'/home/kevin/test/lib/prompt_toolkit/output/__pycache__/windows10.cpython-314.pyc', 'wb')
2026-02-12 01:53:32,841 - DEBUG - [chan 0] open(b'/home/kevin/test/lib/prompt_toolkit/output/__pycache__/windows10.cpython-314.pyc', 'wb') -> 00000000
2026-02-12 01:53:32,842 - DEBUG - Progress: 5848/5848 bytes
2026-02-12 01:53:32,842 - DEBUG - [chan 0] close(00000000)
2026-02-12 01:53:32,843 - DEBUG - [chan 0] stat(b'/home/kevin/test/lib/prompt_toolkit/output/__pycache__/windows10.cpython-314.pyc')
2026-02-12 01:53:32,846 - INFO - Upload completed successfully: windows10.cpython-314.pyc
2026-02-12 01:53:32,846 - INFO - Starting upload: lib/prompt_toolkit/output/__pycache__/win32.cpython-314.pyc -> /home/kevin/test/lib/prompt_toolkit/output/__pycache__/win32.cpython-314.pyc (36227 bytes)
2026-02-12 01:53:32,848 - DEBUG - [chan 0] open(b'/home/kevin/test/lib/prompt_toolkit/output/__pycache__/win32.cpython-314.pyc', 'wb')
2026-02-12 01:53:32,849 - DEBUG - [chan 0] open(b'/home/kevin/test/lib/prompt_toolkit/output/__pycache__/win32.cpython-314.pyc', 'wb') -> 00000000
2026-02-12 01:53:32,850 - DEBUG - Progress: 32768/36227 bytes
2026-02-12 01:53:32,850 - DEBUG - [chan 0] close(00000000)
2026-02-12 01:53:32,854 - DEBUG - [chan 0] stat(b'/home/kevin/test/lib/prompt_toolkit/output/__pycache__/win32.cpython-314.pyc')
2026-02-12 01:53:32,856 - INFO - Upload completed successfully: win32.cpython-314.pyc
2026-02-12 01:53:32,856 - INFO - Starting upload: lib/prompt_toolkit/output/__pycache__/vt100.cpython-314.pyc -> /home/kevin/test/lib/prompt_toolkit/output/__pycache__/vt100.cpython-314.pyc (34951 bytes)
2026-02-12 01:53:32,858 - DEBUG - [chan 0] open(b'/home/kevin/test/lib/prompt_toolkit/output/__pycache__/vt100.cpython-314.pyc', 'wb')
2026-02-12 01:53:32,859 - DEBUG - [chan 0] open(b'/home/kevin/test/lib/prompt_toolkit/output/__pycache__/vt100.cpython-314.pyc', 'wb') -> 00000000
2026-02-12 01:53:32,859 - DEBUG - Progress: 32768/34951 bytes
2026-02-12 01:53:32,859 - DEBUG - [chan 0] close(00000000)
2026-02-12 01:53:32,864 - DEBUG - [chan 0] stat(b'/home/kevin/test/lib/prompt_toolkit/output/__pycache__/vt100.cpython-314.pyc')
2026-02-12 01:53:32,866 - INFO - Upload completed successfully: vt100.cpython-314.pyc
2026-02-12 01:53:32,866 - INFO - Starting upload: lib/prompt_toolkit/output/__pycache__/plain_text.cpython-314.pyc -> /home/kevin/test/lib/prompt_toolkit/output/__pycache__/plain_text.cpython-314.pyc (12406 bytes)
2026-02-12 01:53:32,868 - DEBUG - [chan 0] open(b'/home/kevin/test/lib/prompt_toolkit/output/__pycache__/plain_text.cpython-314.pyc', 'wb')
2026-02-12 01:53:32,869 - DEBUG - [chan 0] open(b'/home/kevin/test/lib/prompt_toolkit/output/__pycache__/plain_text.cpython-314.pyc', 'wb') -> 00000000
2026-02-12 01:53:32,869 - DEBUG - Progress: 12406/12406 bytes
2026-02-12 01:53:32,869 - DEBUG - [chan 0] close(00000000)
2026-02-12 01:53:32,872 - DEBUG - [chan 0] stat(b'/home/kevin/test/lib/prompt_toolkit/output/__pycache__/plain_text.cpython-314.pyc')
2026-02-12 01:53:32,874 - INFO - Upload completed successfully: plain_text.cpython-314.pyc
2026-02-12 01:53:32,874 - INFO - Starting upload: lib/prompt_toolkit/output/__pycache__/flush_stdout.cpython-314.pyc -> /home/kevin/test/lib/prompt_toolkit/output/__pycache__/flush_stdout.cpython-314.pyc (2796 bytes)
2026-02-12 01:53:32,885 - DEBUG - [chan 0] open(b'/home/kevin/test/lib/prompt_toolkit/output/__pycache__/flush_stdout.cpython-314.pyc', 'wb')
2026-02-12 01:53:32,886 - DEBUG - [chan 0] open(b'/home/kevin/test/lib/prompt_toolkit/output/__pycache__/flush_stdout.cpython-314.pyc', 'wb') -> 00000000
2026-02-12 01:53:32,887 - DEBUG - Progress: 2796/2796 bytes
2026-02-12 01:53:32,887 - DEBUG - [chan 0] close(00000000)
2026-02-12 01:53:32,888 - DEBUG - [chan 0] stat(b'/home/kevin/test/lib/prompt_toolkit/output/__pycache__/flush_stdout.cpython-314.pyc')
2026-02-12 01:53:32,890 - INFO - Upload completed successfully: flush_stdout.cpython-314.pyc
2026-02-12 01:53:32,890 - INFO - Starting upload: lib/prompt_toolkit/output/__pycache__/defaults.cpython-314.pyc -> /home/kevin/test/lib/prompt_toolkit/output/__pycache__/defaults.cpython-314.pyc (3160 bytes)
2026-02-12 01:53:32,892 - DEBUG - [chan 0] open(b'/home/kevin/test/lib/prompt_toolkit/output/__pycache__/defaults.cpython-314.pyc', 'wb')
2026-02-12 01:53:32,893 - DEBUG - [chan 0] open(b'/home/kevin/test/lib/prompt_toolkit/output/__pycache__/defaults.cpython-314.pyc', 'wb') -> 00000000
2026-02-12 01:53:32,893 - DEBUG - Progress: 3160/3160 bytes
2026-02-12 01:53:32,893 - DEBUG - [chan 0] close(00000000)
2026-02-12 01:53:32,895 - DEBUG - [chan 0] stat(b'/home/kevin/test/lib/prompt_toolkit/output/__pycache__/defaults.cpython-314.pyc')
2026-02-12 01:53:32,896 - INFO - Upload completed successfully: defaults.cpython-314.pyc
2026-02-12 01:53:32,897 - INFO - Starting upload: lib/prompt_toolkit/output/__pycache__/conemu.cpython-314.pyc -> /home/kevin/test/lib/prompt_toolkit/output/__pycache__/conemu.cpython-314.pyc (3127 bytes)
2026-02-12 01:53:32,898 - DEBUG - [chan 0] open(b'/home/kevin/test/lib/prompt_toolkit/output/__pycache__/conemu.cpython-314.pyc', 'wb')
2026-02-12 01:53:32,899 - DEBUG - [chan 0] open(b'/home/kevin/test/lib/prompt_toolkit/output/__pycache__/conemu.cpython-314.pyc', 'wb') -> 00000000
2026-02-12 01:53:32,899 - DEBUG - Progress: 3127/3127 bytes
2026-02-12 01:53:32,899 - DEBUG - [chan 0] close(00000000)
2026-02-12 01:53:32,900 - DEBUG - [chan 0] stat(b'/home/kevin/test/lib/prompt_toolkit/output/__pycache__/conemu.cpython-314.pyc')
2026-02-12 01:53:32,902 - INFO - Upload completed successfully: conemu.cpython-314.pyc
2026-02-12 01:53:32,902 - INFO - Starting upload: lib/prompt_toolkit/output/__pycache__/color_depth.cpython-314.pyc -> /home/kevin/test/lib/prompt_toolkit/output/__pycache__/color_depth.cpython-314.pyc (2357 bytes)
2026-02-12 01:53:32,904 - DEBUG - [chan 0] open(b'/home/kevin/test/lib/prompt_toolkit/output/__pycache__/color_depth.cpython-314.pyc', 'wb')
2026-02-12 01:53:32,904 - DEBUG - [chan 0] open(b'/home/kevin/test/lib/prompt_toolkit/output/__pycache__/color_depth.cpython-314.pyc', 'wb') -> 00000000
2026-02-12 01:53:32,905 - DEBUG - Progress: 2357/2357 bytes
2026-02-12 01:53:32,905 - DEBUG - [chan 0] close(00000000)
2026-02-12 01:53:32,906 - DEBUG - [chan 0] stat(b'/home/kevin/test/lib/prompt_toolkit/output/__pycache__/color_depth.cpython-314.pyc')
2026-02-12 01:53:32,907 - INFO - Upload completed successfully: color_depth.cpython-314.pyc
2026-02-12 01:53:32,907 - INFO - Starting upload: lib/prompt_toolkit/output/__pycache__/base.cpython-314.pyc -> /home/kevin/test/lib/prompt_toolkit/output/__pycache__/base.cpython-314.pyc (23669 bytes)
2026-02-12 01:53:32,909 - DEBUG - [chan 0] open(b'/home/kevin/test/lib/prompt_toolkit/output/__pycache__/base.cpython-314.pyc', 'wb')
2026-02-12 01:53:32,910 - DEBUG - [chan 0] open(b'/home/kevin/test/lib/prompt_toolkit/output/__pycache__/base.cpython-314.pyc', 'wb') -> 00000000
2026-02-12 01:53:32,910 - DEBUG - Progress: 23669/23669 bytes
2026-02-12 01:53:32,910 - DEBUG - [chan 0] close(00000000)
2026-02-12 01:53:32,913 - DEBUG - [chan 0] stat(b'/home/kevin/test/lib/prompt_toolkit/output/__pycache__/base.cpython-314.pyc')
2026-02-12 01:53:32,915 - INFO - Upload completed successfully: base.cpython-314.pyc
2026-02-12 01:53:32,915 - INFO - Starting upload: lib/prompt_toolkit/output/__pycache__/__init__.cpython-314.pyc -> /home/kevin/test/lib/prompt_toolkit/output/__pycache__/__init__.cpython-314.pyc (415 bytes)
2026-02-12 01:53:32,916 - DEBUG - [chan 0] open(b'/home/kevin/test/lib/prompt_toolkit/output/__pycache__/__init__.cpython-314.pyc', 'wb')
2026-02-12 01:53:32,917 - DEBUG - [chan 0] open(b'/home/kevin/test/lib/prompt_toolkit/output/__pycache__/__init__.cpython-314.pyc', 'wb') -> 00000000
2026-02-12 01:53:32,917 - DEBUG - Progress: 415/415 bytes
2026-02-12 01:53:32,917 - DEBUG - [chan 0] close(00000000)
2026-02-12 01:53:32,918 - DEBUG - [chan 0] stat(b'/home/kevin/test/lib/prompt_toolkit/output/__pycache__/__init__.cpython-314.pyc')
2026-02-12 01:53:32,919 - INFO - Upload completed successfully: __init__.cpython-314.pyc
2026-02-12 01:53:32,919 - DEBUG - [chan 0] mkdir(b'/home/kevin/test/lib/prompt_toolkit/lexers', 511)
2026-02-12 01:53:32,920 - INFO - Created remote folder: /home/kevin/test/lib/prompt_toolkit/lexers
2026-02-12 01:53:32,920 - INFO - Starting upload: lib/prompt_toolkit/lexers/pygments.py -> /home/kevin/test/lib/prompt_toolkit/lexers/pygments.py (11922 bytes)
2026-02-12 01:53:32,921 - DEBUG - [chan 0] open(b'/home/kevin/test/lib/prompt_toolkit/lexers/pygments.py', 'wb')
2026-02-12 01:53:32,922 - DEBUG - [chan 0] open(b'/home/kevin/test/lib/prompt_toolkit/lexers/pygments.py', 'wb') -> 00000000
2026-02-12 01:53:32,922 - DEBUG - Progress: 11922/11922 bytes
2026-02-12 01:53:32,922 - DEBUG - [chan 0] close(00000000)
2026-02-12 01:53:32,925 - DEBUG - [chan 0] stat(b'/home/kevin/test/lib/prompt_toolkit/lexers/pygments.py')
2026-02-12 01:53:32,926 - INFO - Upload completed successfully: pygments.py
2026-02-12 01:53:32,926 - INFO - Starting upload: lib/prompt_toolkit/lexers/base.py -> /home/kevin/test/lib/prompt_toolkit/lexers/base.py (2350 bytes)
2026-02-12 01:53:32,928 - DEBUG - [chan 0] open(b'/home/kevin/test/lib/prompt_toolkit/lexers/base.py', 'wb')
2026-02-12 01:53:32,929 - DEBUG - [chan 0] open(b'/home/kevin/test/lib/prompt_toolkit/lexers/base.py', 'wb') -> 00000000
2026-02-12 01:53:32,929 - DEBUG - Progress: 2350/2350 bytes
2026-02-12 01:53:32,929 - DEBUG - [chan 0] close(00000000)
2026-02-12 01:53:32,930 - DEBUG - [chan 0] stat(b'/home/kevin/test/lib/prompt_toolkit/lexers/base.py')
2026-02-12 01:53:32,931 - INFO - Upload completed successfully: base.py
2026-02-12 01:53:32,931 - INFO - Starting upload: lib/prompt_toolkit/lexers/__init__.py -> /home/kevin/test/lib/prompt_toolkit/lexers/__init__.py (409 bytes)
2026-02-12 01:53:32,933 - DEBUG - [chan 0] open(b'/home/kevin/test/lib/prompt_toolkit/lexers/__init__.py', 'wb')
2026-02-12 01:53:32,933 - DEBUG - [chan 0] open(b'/home/kevin/test/lib/prompt_toolkit/lexers/__init__.py', 'wb') -> 00000000
2026-02-12 01:53:32,934 - DEBUG - Progress: 409/409 bytes
2026-02-12 01:53:32,934 - DEBUG - [chan 0] close(00000000)
2026-02-12 01:53:32,934 - DEBUG - [chan 0] stat(b'/home/kevin/test/lib/prompt_toolkit/lexers/__init__.py')
2026-02-12 01:53:32,936 - INFO - Upload completed successfully: __init__.py
2026-02-12 01:53:32,936 - DEBUG - [chan 0] mkdir(b'/home/kevin/test/lib/prompt_toolkit/lexers/__pycache__', 511)
2026-02-12 01:53:32,936 - INFO - Created remote folder: /home/kevin/test/lib/prompt_toolkit/lexers/__pycache__
2026-02-12 01:53:32,936 - INFO - Starting upload: lib/prompt_toolkit/lexers/__pycache__/pygments.cpython-314.pyc -> /home/kevin/test/lib/prompt_toolkit/lexers/__pycache__/pygments.cpython-314.pyc (14000 bytes)
2026-02-12 01:53:32,938 - DEBUG - [chan 0] open(b'/home/kevin/test/lib/prompt_toolkit/lexers/__pycache__/pygments.cpython-314.pyc', 'wb')
2026-02-12 01:53:32,938 - DEBUG - [chan 0] open(b'/home/kevin/test/lib/prompt_toolkit/lexers/__pycache__/pygments.cpython-314.pyc', 'wb') -> 00000000
2026-02-12 01:53:32,939 - DEBUG - Progress: 14000/14000 bytes
2026-02-12 01:53:32,939 - DEBUG - [chan 0] close(00000000)
2026-02-12 01:53:32,941 - DEBUG - [chan 0] stat(b'/home/kevin/test/lib/prompt_toolkit/lexers/__pycache__/pygments.cpython-314.pyc')
2026-02-12 01:53:32,943 - INFO - Upload completed successfully: pygments.cpython-314.pyc
2026-02-12 01:53:32,943 - INFO - Starting upload: lib/prompt_toolkit/lexers/__pycache__/base.cpython-314.pyc -> /home/kevin/test/lib/prompt_toolkit/lexers/__pycache__/base.cpython-314.pyc (5108 bytes)
2026-02-12 01:53:32,944 - DEBUG - [chan 0] open(b'/home/kevin/test/lib/prompt_toolkit/lexers/__pycache__/base.cpython-314.pyc', 'wb')
2026-02-12 01:53:32,945 - DEBUG - [chan 0] open(b'/home/kevin/test/lib/prompt_toolkit/lexers/__pycache__/base.cpython-314.pyc', 'wb') -> 00000000
2026-02-12 01:53:32,945 - DEBUG - Progress: 5108/5108 bytes
2026-02-12 01:53:32,945 - DEBUG - [chan 0] close(00000000)
2026-02-12 01:53:32,946 - DEBUG - [chan 0] stat(b'/home/kevin/test/lib/prompt_toolkit/lexers/__pycache__/base.cpython-314.pyc')
2026-02-12 01:53:32,948 - INFO - Upload completed successfully: base.cpython-314.pyc
2026-02-12 01:53:32,948 - INFO - Starting upload: lib/prompt_toolkit/lexers/__pycache__/__init__.cpython-314.pyc -> /home/kevin/test/lib/prompt_toolkit/lexers/__pycache__/__init__.cpython-314.pyc (561 bytes)
2026-02-12 01:53:32,949 - DEBUG - [chan 0] open(b'/home/kevin/test/lib/prompt_toolkit/lexers/__pycache__/__init__.cpython-314.pyc', 'wb')
2026-02-12 01:53:32,950 - DEBUG - [chan 0] open(b'/home/kevin/test/lib/prompt_toolkit/lexers/__pycache__/__init__.cpython-314.pyc', 'wb') -> 00000000
2026-02-12 01:53:32,950 - DEBUG - Progress: 561/561 bytes
2026-02-12 01:53:32,950 - DEBUG - [chan 0] close(00000000)
2026-02-12 01:53:32,951 - DEBUG - [chan 0] stat(b'/home/kevin/test/lib/prompt_toolkit/lexers/__pycache__/__init__.cpython-314.pyc')
2026-02-12 01:53:32,952 - INFO - Upload completed successfully: __init__.cpython-314.pyc
2026-02-12 01:53:32,953 - DEBUG - [chan 0] mkdir(b'/home/kevin/test/lib/prompt_toolkit/layout', 511)
2026-02-12 01:53:32,953 - INFO - Created remote folder: /home/kevin/test/lib/prompt_toolkit/layout
2026-02-12 01:53:32,953 - INFO - Starting upload: lib/prompt_toolkit/layout/utils.py -> /home/kevin/test/lib/prompt_toolkit/layout/utils.py (2371 bytes)
2026-02-12 01:53:32,955 - DEBUG - [chan 0] open(b'/home/kevin/test/lib/prompt_toolkit/layout/utils.py', 'wb')
2026-02-12 01:53:32,955 - DEBUG - [chan 0] open(b'/home/kevin/test/lib/prompt_toolkit/layout/utils.py', 'wb') -> 00000000
2026-02-12 01:53:32,955 - DEBUG - Progress: 2371/2371 bytes
2026-02-12 01:53:32,955 - DEBUG - [chan 0] close(00000000)
2026-02-12 01:53:32,957 - DEBUG - [chan 0] stat(b'/home/kevin/test/lib/prompt_toolkit/layout/utils.py')
2026-02-12 01:53:32,958 - INFO - Upload completed successfully: utils.py
2026-02-12 01:53:32,958 - INFO - Starting upload: lib/prompt_toolkit/layout/scrollable_pane.py -> /home/kevin/test/lib/prompt_toolkit/layout/scrollable_pane.py (19264 bytes)
2026-02-12 01:53:32,960 - DEBUG - [chan 0] open(b'/home/kevin/test/lib/prompt_toolkit/layout/scrollable_pane.py', 'wb')
2026-02-12 01:53:32,960 - DEBUG - [chan 0] open(b'/home/kevin/test/lib/prompt_toolkit/layout/scrollable_pane.py', 'wb') -> 00000000
2026-02-12 01:53:32,961 - DEBUG - Progress: 19264/19264 bytes
2026-02-12 01:53:32,961 - DEBUG - [chan 0] close(00000000)
2026-02-12 01:53:32,963 - DEBUG - [chan 0] stat(b'/home/kevin/test/lib/prompt_toolkit/layout/scrollable_pane.py')
2026-02-12 01:53:32,965 - INFO - Upload completed successfully: scrollable_pane.py
2026-02-12 01:53:32,965 - INFO - Starting upload: lib/prompt_toolkit/layout/screen.py -> /home/kevin/test/lib/prompt_toolkit/layout/screen.py (10113 bytes)
2026-02-12 01:53:32,967 - DEBUG - [chan 0] open(b'/home/kevin/test/lib/prompt_toolkit/layout/screen.py', 'wb')
2026-02-12 01:53:32,967 - DEBUG - [chan 0] open(b'/home/kevin/test/lib/prompt_toolkit/layout/screen.py', 'wb') -> 00000000
2026-02-12 01:53:32,973 - DEBUG - Progress: 10113/10113 bytes
2026-02-12 01:53:32,973 - DEBUG - [chan 0] close(00000000)
2026-02-12 01:53:32,975 - DEBUG - [chan 0] stat(b'/home/kevin/test/lib/prompt_toolkit/layout/screen.py')
2026-02-12 01:53:32,976 - INFO - Upload completed successfully: screen.py
2026-02-12 01:53:32,977 - INFO - Starting upload: lib/prompt_toolkit/layout/processors.py -> /home/kevin/test/lib/prompt_toolkit/layout/processors.py (34296 bytes)
2026-02-12 01:53:32,978 - DEBUG - [chan 0] open(b'/home/kevin/test/lib/prompt_toolkit/layout/processors.py', 'wb')
2026-02-12 01:53:32,979 - DEBUG - [chan 0] open(b'/home/kevin/test/lib/prompt_toolkit/layout/processors.py', 'wb') -> 00000000
2026-02-12 01:53:32,979 - DEBUG - Progress: 32768/34296 bytes
2026-02-12 01:53:32,979 - DEBUG - [chan 0] close(00000000)
2026-02-12 01:53:32,983 - DEBUG - [chan 0] stat(b'/home/kevin/test/lib/prompt_toolkit/layout/processors.py')
2026-02-12 01:53:32,985 - INFO - Upload completed successfully: processors.py
2026-02-12 01:53:32,986 - INFO - Starting upload: lib/prompt_toolkit/layout/mouse_handlers.py -> /home/kevin/test/lib/prompt_toolkit/layout/mouse_handlers.py (1589 bytes)
2026-02-12 01:53:32,988 - DEBUG - [chan 0] open(b'/home/kevin/test/lib/prompt_toolkit/layout/mouse_handlers.py', 'wb')
2026-02-12 01:53:32,988 - DEBUG - [chan 0] open(b'/home/kevin/test/lib/prompt_toolkit/layout/mouse_handlers.py', 'wb') -> 00000000
2026-02-12 01:53:32,988 - DEBUG - Progress: 1589/1589 bytes
2026-02-12 01:53:32,988 - DEBUG - [chan 0] close(00000000)
2026-02-12 01:53:32,989 - DEBUG - [chan 0] stat(b'/home/kevin/test/lib/prompt_toolkit/layout/mouse_handlers.py')
2026-02-12 01:53:32,992 - INFO - Upload completed successfully: mouse_handlers.py
2026-02-12 01:53:32,992 - INFO - Starting upload: lib/prompt_toolkit/layout/menus.py -> /home/kevin/test/lib/prompt_toolkit/layout/menus.py (27195 bytes)
2026-02-12 01:53:32,994 - DEBUG - [chan 0] open(b'/home/kevin/test/lib/prompt_toolkit/layout/menus.py', 'wb')
2026-02-12 01:53:32,995 - DEBUG - [chan 0] open(b'/home/kevin/test/lib/prompt_toolkit/layout/menus.py', 'wb') -> 00000000
2026-02-12 01:53:32,995 - DEBUG - Progress: 27195/27195 bytes
2026-02-12 01:53:32,995 - DEBUG - [chan 0] close(00000000)
2026-02-12 01:53:32,999 - DEBUG - [chan 0] stat(b'/home/kevin/test/lib/prompt_toolkit/layout/menus.py')
2026-02-12 01:53:33,000 - INFO - Upload completed successfully: menus.py
2026-02-12 01:53:33,000 - INFO - Starting upload: lib/prompt_toolkit/layout/margins.py -> /home/kevin/test/lib/prompt_toolkit/layout/margins.py (10375 bytes)
2026-02-12 01:53:33,002 - DEBUG - [chan 0] open(b'/home/kevin/test/lib/prompt_toolkit/layout/margins.py', 'wb')
2026-02-12 01:53:33,003 - DEBUG - [chan 0] open(b'/home/kevin/test/lib/prompt_toolkit/layout/margins.py', 'wb') -> 00000000
2026-02-12 01:53:33,004 - DEBUG - Progress: 10375/10375 bytes
2026-02-12 01:53:33,004 - DEBUG - [chan 0] close(00000000)
2026-02-12 01:53:33,005 - DEBUG - [chan 0] stat(b'/home/kevin/test/lib/prompt_toolkit/layout/margins.py')
2026-02-12 01:53:33,008 - INFO - Upload completed successfully: margins.py
2026-02-12 01:53:33,008 - INFO - Starting upload: lib/prompt_toolkit/layout/layout.py -> /home/kevin/test/lib/prompt_toolkit/layout/layout.py (13960 bytes)
2026-02-12 01:53:33,010 - DEBUG - [chan 0] open(b'/home/kevin/test/lib/prompt_toolkit/layout/layout.py', 'wb')
2026-02-12 01:53:33,011 - DEBUG - [chan 0] open(b'/home/kevin/test/lib/prompt_toolkit/layout/layout.py', 'wb') -> 00000000
2026-02-12 01:53:33,011 - DEBUG - Progress: 13960/13960 bytes
2026-02-12 01:53:33,011 - DEBUG - [chan 0] close(00000000)
2026-02-12 01:53:33,013 - DEBUG - [chan 0] stat(b'/home/kevin/test/lib/prompt_toolkit/layout/layout.py')
2026-02-12 01:53:33,015 - INFO - Upload completed successfully: layout.py
2026-02-12 01:53:33,016 - INFO - Starting upload: lib/prompt_toolkit/layout/dummy.py -> /home/kevin/test/lib/prompt_toolkit/layout/dummy.py (1047 bytes)
2026-02-12 01:53:33,017 - DEBUG - [chan 0] open(b'/home/kevin/test/lib/prompt_toolkit/layout/dummy.py', 'wb')
2026-02-12 01:53:33,018 - DEBUG - [chan 0] open(b'/home/kevin/test/lib/prompt_toolkit/layout/dummy.py', 'wb') -> 00000000
2026-02-12 01:53:33,018 - DEBUG - Progress: 1047/1047 bytes
2026-02-12 01:53:33,018 - DEBUG - [chan 0] close(00000000)
2026-02-12 01:53:33,019 - DEBUG - [chan 0] stat(b'/home/kevin/test/lib/prompt_toolkit/layout/dummy.py')
2026-02-12 01:53:33,022 - INFO - Upload completed successfully: dummy.py
2026-02-12 01:53:33,022 - INFO - Starting upload: lib/prompt_toolkit/layout/dimension.py -> /home/kevin/test/lib/prompt_toolkit/layout/dimension.py (6948 bytes)
2026-02-12 01:53:33,023 - DEBUG - [chan 0] open(b'/home/kevin/test/lib/prompt_toolkit/layout/dimension.py', 'wb')
2026-02-12 01:53:33,024 - DEBUG - [chan 0] open(b'/home/kevin/test/lib/prompt_toolkit/layout/dimension.py', 'wb') -> 00000000
2026-02-12 01:53:33,024 - DEBUG - Progress: 6948/6948 bytes
2026-02-12 01:53:33,024 - DEBUG - [chan 0] close(00000000)
2026-02-12 01:53:33,026 - DEBUG - [chan 0] stat(b'/home/kevin/test/lib/prompt_toolkit/layout/dimension.py')
2026-02-12 01:53:33,027 - INFO - Upload completed successfully: dimension.py
2026-02-12 01:53:33,027 - INFO - Starting upload: lib/prompt_toolkit/layout/controls.py -> /home/kevin/test/lib/prompt_toolkit/layout/controls.py (35993 bytes)
2026-02-12 01:53:33,029 - DEBUG - [chan 0] open(b'/home/kevin/test/lib/prompt_toolkit/layout/controls.py', 'wb')
2026-02-12 01:53:33,029 - DEBUG - [chan 0] open(b'/home/kevin/test/lib/prompt_toolkit/layout/controls.py', 'wb') -> 00000000
2026-02-12 01:53:33,030 - DEBUG - Progress: 32768/35993 bytes
2026-02-12 01:53:33,030 - DEBUG - [chan 0] close(00000000)
2026-02-12 01:53:33,034 - DEBUG - [chan 0] stat(b'/home/kevin/test/lib/prompt_toolkit/layout/controls.py')
2026-02-12 01:53:33,036 - INFO - Upload completed successfully: controls.py
2026-02-12 01:53:33,036 - INFO - Starting upload: lib/prompt_toolkit/layout/containers.py -> /home/kevin/test/lib/prompt_toolkit/layout/containers.py (100179 bytes)
2026-02-12 01:53:33,037 - DEBUG - [chan 0] open(b'/home/kevin/test/lib/prompt_toolkit/layout/containers.py', 'wb')
2026-02-12 01:53:33,038 - DEBUG - [chan 0] open(b'/home/kevin/test/lib/prompt_toolkit/layout/containers.py', 'wb') -> 00000000
2026-02-12 01:53:33,039 - DEBUG - Progress: 32768/100179 bytes
2026-02-12 01:53:33,039 - DEBUG - [chan 0] close(00000000)
2026-02-12 01:53:33,050 - DEBUG - [chan 0] stat(b'/home/kevin/test/lib/prompt_toolkit/layout/containers.py')
2026-02-12 01:53:33,053 - INFO - Upload completed successfully: containers.py
2026-02-12 01:53:33,053 - INFO - Starting upload: lib/prompt_toolkit/layout/__init__.py -> /home/kevin/test/lib/prompt_toolkit/layout/__init__.py (3603 bytes)
2026-02-12 01:53:33,055 - DEBUG - [chan 0] open(b'/home/kevin/test/lib/prompt_toolkit/layout/__init__.py', 'wb')
2026-02-12 01:53:33,056 - DEBUG - [chan 0] open(b'/home/kevin/test/lib/prompt_toolkit/layout/__init__.py', 'wb') -> 00000000
2026-02-12 01:53:33,056 - DEBUG - Progress: 3603/3603 bytes
2026-02-12 01:53:33,056 - DEBUG - [chan 0] close(00000000)
2026-02-12 01:53:33,057 - DEBUG - [chan 0] stat(b'/home/kevin/test/lib/prompt_toolkit/layout/__init__.py')
2026-02-12 01:53:33,059 - INFO - Upload completed successfully: __init__.py
2026-02-12 01:53:33,060 - DEBUG - [chan 0] mkdir(b'/home/kevin/test/lib/prompt_toolkit/layout/__pycache__', 511)
2026-02-12 01:53:33,060 - INFO - Created remote folder: /home/kevin/test/lib/prompt_toolkit/layout/__pycache__
2026-02-12 01:53:33,060 - INFO - Starting upload: lib/prompt_toolkit/layout/__pycache__/utils.cpython-314.pyc -> /home/kevin/test/lib/prompt_toolkit/layout/__pycache__/utils.cpython-314.pyc (4560 bytes)
2026-02-12 01:53:33,063 - DEBUG - [chan 0] open(b'/home/kevin/test/lib/prompt_toolkit/layout/__pycache__/utils.cpython-314.pyc', 'wb')
2026-02-12 01:53:33,063 - DEBUG - [chan 0] open(b'/home/kevin/test/lib/prompt_toolkit/layout/__pycache__/utils.cpython-314.pyc', 'wb') -> 00000000
2026-02-12 01:53:33,064 - DEBUG - Progress: 4560/4560 bytes
2026-02-12 01:53:33,064 - DEBUG - [chan 0] close(00000000)
2026-02-12 01:53:33,065 - DEBUG - [chan 0] stat(b'/home/kevin/test/lib/prompt_toolkit/layout/__pycache__/utils.cpython-314.pyc')
2026-02-12 01:53:33,067 - INFO - Upload completed successfully: utils.cpython-314.pyc
2026-02-12 01:53:33,067 - INFO - Starting upload: lib/prompt_toolkit/layout/__pycache__/scrollable_pane.cpython-314.pyc -> /home/kevin/test/lib/prompt_toolkit/layout/__pycache__/scrollable_pane.cpython-314.pyc (22432 bytes)
2026-02-12 01:53:33,069 - DEBUG - [chan 0] open(b'/home/kevin/test/lib/prompt_toolkit/layout/__pycache__/scrollable_pane.cpython-314.pyc', 'wb')
2026-02-12 01:53:33,070 - DEBUG - [chan 0] open(b'/home/kevin/test/lib/prompt_toolkit/layout/__pycache__/scrollable_pane.cpython-314.pyc', 'wb') -> 00000000
2026-02-12 01:53:33,070 - DEBUG - Progress: 22432/22432 bytes
2026-02-12 01:53:33,070 - DEBUG - [chan 0] close(00000000)
2026-02-12 01:53:33,073 - DEBUG - [chan 0] stat(b'/home/kevin/test/lib/prompt_toolkit/layout/__pycache__/scrollable_pane.cpython-314.pyc')
2026-02-12 01:53:33,076 - INFO - Upload completed successfully: scrollable_pane.cpython-314.pyc
2026-02-12 01:53:33,076 - INFO - Starting upload: lib/prompt_toolkit/layout/__pycache__/screen.cpython-314.pyc -> /home/kevin/test/lib/prompt_toolkit/layout/__pycache__/screen.cpython-314.pyc (14228 bytes)
2026-02-12 01:53:33,078 - DEBUG - [chan 0] open(b'/home/kevin/test/lib/prompt_toolkit/layout/__pycache__/screen.cpython-314.pyc', 'wb')
2026-02-12 01:53:33,078 - DEBUG - [chan 0] open(b'/home/kevin/test/lib/prompt_toolkit/layout/__pycache__/screen.cpython-314.pyc', 'wb') -> 00000000
2026-02-12 01:53:33,079 - DEBUG - Progress: 14228/14228 bytes
2026-02-12 01:53:33,079 - DEBUG - [chan 0] close(00000000)
2026-02-12 01:53:33,082 - DEBUG - [chan 0] stat(b'/home/kevin/test/lib/prompt_toolkit/layout/__pycache__/screen.cpython-314.pyc')
2026-02-12 01:53:33,085 - INFO - Upload completed successfully: screen.cpython-314.pyc
2026-02-12 01:53:33,085 - INFO - Starting upload: lib/prompt_toolkit/layout/__pycache__/processors.cpython-314.pyc -> /home/kevin/test/lib/prompt_toolkit/layout/__pycache__/processors.cpython-314.pyc (47148 bytes)
2026-02-12 01:53:33,086 - DEBUG - [chan 0] open(b'/home/kevin/test/lib/prompt_toolkit/layout/__pycache__/processors.cpython-314.pyc', 'wb')
2026-02-12 01:53:33,087 - DEBUG - [chan 0] open(b'/home/kevin/test/lib/prompt_toolkit/layout/__pycache__/processors.cpython-314.pyc', 'wb') -> 00000000
2026-02-12 01:53:33,088 - DEBUG - [chan 0] close(00000000)
2026-02-12 01:53:33,093 - DEBUG - [chan 0] stat(b'/home/kevin/test/lib/prompt_toolkit/layout/__pycache__/processors.cpython-314.pyc')
2026-02-12 01:53:33,095 - INFO - Upload completed successfully: processors.cpython-314.pyc
2026-02-12 01:53:33,096 - INFO - Starting upload: lib/prompt_toolkit/layout/__pycache__/mouse_handlers.cpython-314.pyc -> /home/kevin/test/lib/prompt_toolkit/layout/__pycache__/mouse_handlers.cpython-314.pyc (2773 bytes)
2026-02-12 01:53:33,097 - DEBUG - [chan 0] open(b'/home/kevin/test/lib/prompt_toolkit/layout/__pycache__/mouse_handlers.cpython-314.pyc', 'wb')
2026-02-12 01:53:33,098 - DEBUG - [chan 0] open(b'/home/kevin/test/lib/prompt_toolkit/layout/__pycache__/mouse_handlers.cpython-314.pyc', 'wb') -> 00000000
2026-02-12 01:53:33,098 - DEBUG - Progress: 2773/2773 bytes
2026-02-12 01:53:33,098 - DEBUG - [chan 0] close(00000000)
2026-02-12 01:53:33,099 - DEBUG - [chan 0] stat(b'/home/kevin/test/lib/prompt_toolkit/layout/__pycache__/mouse_handlers.cpython-314.pyc')
2026-02-12 01:53:33,102 - INFO - Upload completed successfully: mouse_handlers.cpython-314.pyc
2026-02-12 01:53:33,102 - INFO - Starting upload: lib/prompt_toolkit/layout/__pycache__/menus.cpython-314.pyc -> /home/kevin/test/lib/prompt_toolkit/layout/__pycache__/menus.cpython-314.pyc (37272 bytes)
2026-02-12 01:53:33,104 - DEBUG - [chan 0] open(b'/home/kevin/test/lib/prompt_toolkit/layout/__pycache__/menus.cpython-314.pyc', 'wb')
2026-02-12 01:53:33,104 - DEBUG - [chan 0] open(b'/home/kevin/test/lib/prompt_toolkit/layout/__pycache__/menus.cpython-314.pyc', 'wb') -> 00000000
2026-02-12 01:53:33,105 - DEBUG - Progress: 32768/37272 bytes
2026-02-12 01:53:33,105 - DEBUG - [chan 0] close(00000000)
2026-02-12 01:53:33,109 - DEBUG - [chan 0] stat(b'/home/kevin/test/lib/prompt_toolkit/layout/__pycache__/menus.cpython-314.pyc')
2026-02-12 01:53:33,111 - INFO - Upload completed successfully: menus.cpython-314.pyc
2026-02-12 01:53:33,111 - INFO - Starting upload: lib/prompt_toolkit/layout/__pycache__/margins.cpython-314.pyc -> /home/kevin/test/lib/prompt_toolkit/layout/__pycache__/margins.cpython-314.pyc (13851 bytes)
2026-02-12 01:53:33,113 - DEBUG - [chan 0] open(b'/home/kevin/test/lib/prompt_toolkit/layout/__pycache__/margins.cpython-314.pyc', 'wb')
2026-02-12 01:53:33,114 - DEBUG - [chan 0] open(b'/home/kevin/test/lib/prompt_toolkit/layout/__pycache__/margins.cpython-314.pyc', 'wb') -> 00000000
2026-02-12 01:53:33,114 - DEBUG - Progress: 13851/13851 bytes
2026-02-12 01:53:33,114 - DEBUG - [chan 0] close(00000000)
2026-02-12 01:53:33,118 - DEBUG - [chan 0] stat(b'/home/kevin/test/lib/prompt_toolkit/layout/__pycache__/margins.cpython-314.pyc')
2026-02-12 01:53:33,120 - INFO - Upload completed successfully: margins.cpython-314.pyc
2026-02-12 01:53:33,121 - INFO - Starting upload: lib/prompt_toolkit/layout/__pycache__/layout.cpython-314.pyc -> /home/kevin/test/lib/prompt_toolkit/layout/__pycache__/layout.cpython-314.pyc (19987 bytes)
2026-02-12 01:53:33,123 - DEBUG - [chan 0] open(b'/home/kevin/test/lib/prompt_toolkit/layout/__pycache__/layout.cpython-314.pyc', 'wb')
2026-02-12 01:53:33,123 - DEBUG - [chan 0] open(b'/home/kevin/test/lib/prompt_toolkit/layout/__pycache__/layout.cpython-314.pyc', 'wb') -> 00000000
2026-02-12 01:53:33,124 - DEBUG - Progress: 19987/19987 bytes
2026-02-12 01:53:33,124 - DEBUG - [chan 0] close(00000000)
2026-02-12 01:53:33,126 - DEBUG - [chan 0] stat(b'/home/kevin/test/lib/prompt_toolkit/layout/__pycache__/layout.cpython-314.pyc')
2026-02-12 01:53:33,129 - INFO - Upload completed successfully: layout.cpython-314.pyc
2026-02-12 01:53:33,129 - INFO - Starting upload: lib/prompt_toolkit/layout/__pycache__/dummy.cpython-314.pyc -> /home/kevin/test/lib/prompt_toolkit/layout/__pycache__/dummy.cpython-314.pyc (2003 bytes)
2026-02-12 01:53:33,131 - DEBUG - [chan 0] open(b'/home/kevin/test/lib/prompt_toolkit/layout/__pycache__/dummy.cpython-314.pyc', 'wb')
2026-02-12 01:53:33,131 - DEBUG - [chan 0] open(b'/home/kevin/test/lib/prompt_toolkit/layout/__pycache__/dummy.cpython-314.pyc', 'wb') -> 00000000
2026-02-12 01:53:33,132 - DEBUG - Progress: 2003/2003 bytes
2026-02-12 01:53:33,132 - DEBUG - [chan 0] close(00000000)
2026-02-12 01:53:33,133 - DEBUG - [chan 0] stat(b'/home/kevin/test/lib/prompt_toolkit/layout/__pycache__/dummy.cpython-314.pyc')
2026-02-12 01:53:33,135 - INFO - Upload completed successfully: dummy.cpython-314.pyc
2026-02-12 01:53:33,135 - INFO - Starting upload: lib/prompt_toolkit/layout/__pycache__/dimension.cpython-314.pyc -> /home/kevin/test/lib/prompt_toolkit/layout/__pycache__/dimension.cpython-314.pyc (9500 bytes)
2026-02-12 01:53:33,137 - DEBUG - [chan 0] open(b'/home/kevin/test/lib/prompt_toolkit/layout/__pycache__/dimension.cpython-314.pyc', 'wb')
2026-02-12 01:53:33,138 - DEBUG - [chan 0] open(b'/home/kevin/test/lib/prompt_toolkit/layout/__pycache__/dimension.cpython-314.pyc', 'wb') -> 00000000
2026-02-12 01:53:33,138 - DEBUG - Progress: 9500/9500 bytes
2026-02-12 01:53:33,138 - DEBUG - [chan 0] close(00000000)
2026-02-12 01:53:33,140 - DEBUG - [chan 0] stat(b'/home/kevin/test/lib/prompt_toolkit/layout/__pycache__/dimension.cpython-314.pyc')
2026-02-12 01:53:33,142 - INFO - Upload completed successfully: dimension.cpython-314.pyc
2026-02-12 01:53:33,142 - INFO - Starting upload: lib/prompt_toolkit/layout/__pycache__/controls.cpython-314.pyc -> /home/kevin/test/lib/prompt_toolkit/layout/__pycache__/controls.cpython-314.pyc (44150 bytes)
2026-02-12 01:53:33,145 - DEBUG - [chan 0] open(b'/home/kevin/test/lib/prompt_toolkit/layout/__pycache__/controls.cpython-314.pyc', 'wb')
2026-02-12 01:53:33,145 - DEBUG - [chan 0] open(b'/home/kevin/test/lib/prompt_toolkit/layout/__pycache__/controls.cpython-314.pyc', 'wb') -> 00000000
2026-02-12 01:53:33,146 - DEBUG - [chan 0] close(00000000)
2026-02-12 01:53:33,151 - DEBUG - [chan 0] stat(b'/home/kevin/test/lib/prompt_toolkit/layout/__pycache__/controls.cpython-314.pyc')
2026-02-12 01:53:33,153 - INFO - Upload completed successfully: controls.cpython-314.pyc
2026-02-12 01:53:33,153 - INFO - Starting upload: lib/prompt_toolkit/layout/__pycache__/containers.cpython-314.pyc -> /home/kevin/test/lib/prompt_toolkit/layout/__pycache__/containers.cpython-314.pyc (119326 bytes)
2026-02-12 01:53:33,155 - DEBUG - [chan 0] open(b'/home/kevin/test/lib/prompt_toolkit/layout/__pycache__/containers.cpython-314.pyc', 'wb')
2026-02-12 01:53:33,156 - DEBUG - [chan 0] open(b'/home/kevin/test/lib/prompt_toolkit/layout/__pycache__/containers.cpython-314.pyc', 'wb') -> 00000000
2026-02-12 01:53:33,157 - DEBUG - Progress: 32768/119326 bytes
2026-02-12 01:53:33,157 - DEBUG - Progress: 65536/119326 bytes
2026-02-12 01:53:33,157 - DEBUG - [chan 0] close(00000000)
2026-02-12 01:53:33,172 - DEBUG - [chan 0] stat(b'/home/kevin/test/lib/prompt_toolkit/layout/__pycache__/containers.cpython-314.pyc')
2026-02-12 01:53:33,175 - INFO - Upload completed successfully: containers.cpython-314.pyc
2026-02-12 01:53:33,175 - INFO - Starting upload: lib/prompt_toolkit/layout/__pycache__/__init__.cpython-314.pyc -> /home/kevin/test/lib/prompt_toolkit/layout/__pycache__/__init__.cpython-314.pyc (3956 bytes)
2026-02-12 01:53:33,177 - DEBUG - [chan 0] open(b'/home/kevin/test/lib/prompt_toolkit/layout/__pycache__/__init__.cpython-314.pyc', 'wb')
2026-02-12 01:53:33,178 - DEBUG - [chan 0] open(b'/home/kevin/test/lib/prompt_toolkit/layout/__pycache__/__init__.cpython-314.pyc', 'wb') -> 00000000
2026-02-12 01:53:33,178 - DEBUG - Progress: 3956/3956 bytes
2026-02-12 01:53:33,178 - DEBUG - [chan 0] close(00000000)
2026-02-12 01:53:33,179 - DEBUG - [chan 0] stat(b'/home/kevin/test/lib/prompt_toolkit/layout/__pycache__/__init__.cpython-314.pyc')
2026-02-12 01:53:33,184 - INFO - Upload completed successfully: __init__.cpython-314.pyc
2026-02-12 01:53:33,184 - DEBUG - [chan 0] mkdir(b'/home/kevin/test/lib/prompt_toolkit/key_binding', 511)
2026-02-12 01:53:33,185 - INFO - Created remote folder: /home/kevin/test/lib/prompt_toolkit/key_binding
2026-02-12 01:53:33,185 - INFO - Starting upload: lib/prompt_toolkit/key_binding/vi_state.py -> /home/kevin/test/lib/prompt_toolkit/key_binding/vi_state.py (3337 bytes)
2026-02-12 01:53:33,187 - DEBUG - [chan 0] open(b'/home/kevin/test/lib/prompt_toolkit/key_binding/vi_state.py', 'wb')
2026-02-12 01:53:33,188 - DEBUG - [chan 0] open(b'/home/kevin/test/lib/prompt_toolkit/key_binding/vi_state.py', 'wb') -> 00000000
2026-02-12 01:53:33,189 - DEBUG - Progress: 3337/3337 bytes
2026-02-12 01:53:33,189 - DEBUG - [chan 0] close(00000000)
2026-02-12 01:53:33,190 - DEBUG - [chan 0] stat(b'/home/kevin/test/lib/prompt_toolkit/key_binding/vi_state.py')
2026-02-12 01:53:33,193 - INFO - Upload completed successfully: vi_state.py
2026-02-12 01:53:33,193 - INFO - Starting upload: lib/prompt_toolkit/key_binding/key_processor.py -> /home/kevin/test/lib/prompt_toolkit/key_binding/key_processor.py (17555 bytes)
2026-02-12 01:53:33,196 - DEBUG - [chan 0] open(b'/home/kevin/test/lib/prompt_toolkit/key_binding/key_processor.py', 'wb')
2026-02-12 01:53:33,197 - DEBUG - [chan 0] open(b'/home/kevin/test/lib/prompt_toolkit/key_binding/key_processor.py', 'wb') -> 00000000
2026-02-12 01:53:33,200 - DEBUG - Progress: 17555/17555 bytes
2026-02-12 01:53:33,200 - DEBUG - [chan 0] close(00000000)
2026-02-12 01:53:33,202 - DEBUG - [chan 0] stat(b'/home/kevin/test/lib/prompt_toolkit/key_binding/key_processor.py')
2026-02-12 01:53:33,206 - INFO - Upload completed successfully: key_processor.py
2026-02-12 01:53:33,206 - INFO - Starting upload: lib/prompt_toolkit/key_binding/key_bindings.py -> /home/kevin/test/lib/prompt_toolkit/key_binding/key_bindings.py (20933 bytes)
2026-02-12 01:53:33,209 - DEBUG - [chan 0] open(b'/home/kevin/test/lib/prompt_toolkit/key_binding/key_bindings.py', 'wb')
2026-02-12 01:53:33,209 - DEBUG - [chan 0] open(b'/home/kevin/test/lib/prompt_toolkit/key_binding/key_bindings.py', 'wb') -> 00000000
2026-02-12 01:53:33,210 - DEBUG - Progress: 20933/20933 bytes
2026-02-12 01:53:33,210 - DEBUG - [chan 0] close(00000000)
2026-02-12 01:53:33,213 - DEBUG - [chan 0] stat(b'/home/kevin/test/lib/prompt_toolkit/key_binding/key_bindings.py')
2026-02-12 01:53:33,215 - INFO - Upload completed successfully: key_bindings.py
2026-02-12 01:53:33,215 - INFO - Starting upload: lib/prompt_toolkit/key_binding/emacs_state.py -> /home/kevin/test/lib/prompt_toolkit/key_binding/emacs_state.py (884 bytes)
2026-02-12 01:53:33,217 - DEBUG - [chan 0] open(b'/home/kevin/test/lib/prompt_toolkit/key_binding/emacs_state.py', 'wb')
2026-02-12 01:53:33,218 - DEBUG - [chan 0] open(b'/home/kevin/test/lib/prompt_toolkit/key_binding/emacs_state.py', 'wb') -> 00000000
2026-02-12 01:53:33,218 - DEBUG - Progress: 884/884 bytes
2026-02-12 01:53:33,218 - DEBUG - [chan 0] close(00000000)
2026-02-12 01:53:33,219 - DEBUG - [chan 0] stat(b'/home/kevin/test/lib/prompt_toolkit/key_binding/emacs_state.py')
2026-02-12 01:53:33,221 - INFO - Upload completed successfully: emacs_state.py
2026-02-12 01:53:33,221 - INFO - Starting upload: lib/prompt_toolkit/key_binding/digraphs.py -> /home/kevin/test/lib/prompt_toolkit/key_binding/digraphs.py (32785 bytes)
2026-02-12 01:53:33,223 - DEBUG - [chan 0] open(b'/home/kevin/test/lib/prompt_toolkit/key_binding/digraphs.py', 'wb')
2026-02-12 01:53:33,224 - DEBUG - [chan 0] open(b'/home/kevin/test/lib/prompt_toolkit/key_binding/digraphs.py', 'wb') -> 00000000
2026-02-12 01:53:33,225 - DEBUG - Progress: 32768/32785 bytes
2026-02-12 01:53:33,225 - DEBUG - [chan 0] close(00000000)
2026-02-12 01:53:33,228 - DEBUG - [chan 0] stat(b'/home/kevin/test/lib/prompt_toolkit/key_binding/digraphs.py')
2026-02-12 01:53:33,230 - INFO - Upload completed successfully: digraphs.py
2026-02-12 01:53:33,230 - INFO - Starting upload: lib/prompt_toolkit/key_binding/defaults.py -> /home/kevin/test/lib/prompt_toolkit/key_binding/defaults.py (1975 bytes)
2026-02-12 01:53:33,232 - DEBUG - [chan 0] open(b'/home/kevin/test/lib/prompt_toolkit/key_binding/defaults.py', 'wb')
2026-02-12 01:53:33,232 - DEBUG - [chan 0] open(b'/home/kevin/test/lib/prompt_toolkit/key_binding/defaults.py', 'wb') -> 00000000
2026-02-12 01:53:33,232 - DEBUG - Progress: 1975/1975 bytes
2026-02-12 01:53:33,232 - DEBUG - [chan 0] close(00000000)
2026-02-12 01:53:33,234 - DEBUG - [chan 0] stat(b'/home/kevin/test/lib/prompt_toolkit/key_binding/defaults.py')
2026-02-12 01:53:33,236 - INFO - Upload completed successfully: defaults.py
2026-02-12 01:53:33,236 - INFO - Starting upload: lib/prompt_toolkit/key_binding/__init__.py -> /home/kevin/test/lib/prompt_toolkit/key_binding/__init__.py (447 bytes)
2026-02-12 01:53:33,237 - DEBUG - [chan 0] open(b'/home/kevin/test/lib/prompt_toolkit/key_binding/__init__.py', 'wb')
2026-02-12 01:53:33,238 - DEBUG - [chan 0] open(b'/home/kevin/test/lib/prompt_toolkit/key_binding/__init__.py', 'wb') -> 00000000
2026-02-12 01:53:33,238 - DEBUG - Progress: 447/447 bytes
2026-02-12 01:53:33,238 - DEBUG - [chan 0] close(00000000)
2026-02-12 01:53:33,238 - DEBUG - [chan 0] stat(b'/home/kevin/test/lib/prompt_toolkit/key_binding/__init__.py')
2026-02-12 01:53:33,240 - INFO - Upload completed successfully: __init__.py
2026-02-12 01:53:33,240 - DEBUG - [chan 0] mkdir(b'/home/kevin/test/lib/prompt_toolkit/key_binding/__pycache__', 511)
2026-02-12 01:53:33,240 - INFO - Created remote folder: /home/kevin/test/lib/prompt_toolkit/key_binding/__pycache__
2026-02-12 01:53:33,241 - INFO - Starting upload: lib/prompt_toolkit/key_binding/__pycache__/vi_state.cpython-314.pyc -> /home/kevin/test/lib/prompt_toolkit/key_binding/__pycache__/vi_state.cpython-314.pyc (4110 bytes)
2026-02-12 01:53:33,242 - DEBUG - [chan 0] open(b'/home/kevin/test/lib/prompt_toolkit/key_binding/__pycache__/vi_state.cpython-314.pyc', 'wb')
2026-02-12 01:53:33,243 - DEBUG - [chan 0] open(b'/home/kevin/test/lib/prompt_toolkit/key_binding/__pycache__/vi_state.cpython-314.pyc', 'wb') -> 00000000
2026-02-12 01:53:33,243 - DEBUG - Progress: 4110/4110 bytes
2026-02-12 01:53:33,243 - DEBUG - [chan 0] close(00000000)
2026-02-12 01:53:33,244 - DEBUG - [chan 0] stat(b'/home/kevin/test/lib/prompt_toolkit/key_binding/__pycache__/vi_state.cpython-314.pyc')
2026-02-12 01:53:33,246 - INFO - Upload completed successfully: vi_state.cpython-314.pyc
2026-02-12 01:53:33,246 - INFO - Starting upload: lib/prompt_toolkit/key_binding/__pycache__/key_processor.cpython-314.pyc -> /home/kevin/test/lib/prompt_toolkit/key_binding/__pycache__/key_processor.cpython-314.pyc (26179 bytes)
2026-02-12 01:53:33,248 - DEBUG - [chan 0] open(b'/home/kevin/test/lib/prompt_toolkit/key_binding/__pycache__/key_processor.cpython-314.pyc', 'wb')
2026-02-12 01:53:33,249 - DEBUG - [chan 0] open(b'/home/kevin/test/lib/prompt_toolkit/key_binding/__pycache__/key_processor.cpython-314.pyc', 'wb') -> 00000000
2026-02-12 01:53:33,249 - DEBUG - Progress: 26179/26179 bytes
2026-02-12 01:53:33,249 - DEBUG - [chan 0] close(00000000)
2026-02-12 01:53:33,252 - DEBUG - [chan 0] stat(b'/home/kevin/test/lib/prompt_toolkit/key_binding/__pycache__/key_processor.cpython-314.pyc')
2026-02-12 01:53:33,254 - INFO - Upload completed successfully: key_processor.cpython-314.pyc
2026-02-12 01:53:33,254 - INFO - Starting upload: lib/prompt_toolkit/key_binding/__pycache__/key_bindings.cpython-314.pyc -> /home/kevin/test/lib/prompt_toolkit/key_binding/__pycache__/key_bindings.cpython-314.pyc (30675 bytes)
2026-02-12 01:53:33,255 - DEBUG - [chan 0] open(b'/home/kevin/test/lib/prompt_toolkit/key_binding/__pycache__/key_bindings.cpython-314.pyc', 'wb')
2026-02-12 01:53:33,256 - DEBUG - [chan 0] open(b'/home/kevin/test/lib/prompt_toolkit/key_binding/__pycache__/key_bindings.cpython-314.pyc', 'wb') -> 00000000
2026-02-12 01:53:33,256 - DEBUG - Progress: 30675/30675 bytes
2026-02-12 01:53:33,256 - DEBUG - [chan 0] close(00000000)
2026-02-12 01:53:33,259 - DEBUG - [chan 0] stat(b'/home/kevin/test/lib/prompt_toolkit/key_binding/__pycache__/key_bindings.cpython-314.pyc')
2026-02-12 01:53:33,261 - INFO - Upload completed successfully: key_bindings.cpython-314.pyc
2026-02-12 01:53:33,261 - INFO - Starting upload: lib/prompt_toolkit/key_binding/__pycache__/emacs_state.cpython-314.pyc -> /home/kevin/test/lib/prompt_toolkit/key_binding/__pycache__/emacs_state.cpython-314.pyc (2276 bytes)
2026-02-12 01:53:33,263 - DEBUG - [chan 0] open(b'/home/kevin/test/lib/prompt_toolkit/key_binding/__pycache__/emacs_state.cpython-314.pyc', 'wb')
2026-02-12 01:53:33,264 - DEBUG - [chan 0] open(b'/home/kevin/test/lib/prompt_toolkit/key_binding/__pycache__/emacs_state.cpython-314.pyc', 'wb') -> 00000000
2026-02-12 01:53:33,264 - DEBUG - Progress: 2276/2276 bytes
2026-02-12 01:53:33,264 - DEBUG - [chan 0] close(00000000)
2026-02-12 01:53:33,266 - DEBUG - [chan 0] stat(b'/home/kevin/test/lib/prompt_toolkit/key_binding/__pycache__/emacs_state.cpython-314.pyc')
2026-02-12 01:53:33,268 - INFO - Upload completed successfully: emacs_state.cpython-314.pyc
2026-02-12 01:53:33,268 - INFO - Starting upload: lib/prompt_toolkit/key_binding/__pycache__/digraphs.cpython-314.pyc -> /home/kevin/test/lib/prompt_toolkit/key_binding/__pycache__/digraphs.cpython-314.pyc (55458 bytes)
2026-02-12 01:53:33,270 - DEBUG - [chan 0] open(b'/home/kevin/test/lib/prompt_toolkit/key_binding/__pycache__/digraphs.cpython-314.pyc', 'wb')
2026-02-12 01:53:33,271 - DEBUG - [chan 0] open(b'/home/kevin/test/lib/prompt_toolkit/key_binding/__pycache__/digraphs.cpython-314.pyc', 'wb') -> 00000000
2026-02-12 01:53:33,271 - DEBUG - Progress: 32768/55458 bytes
2026-02-12 01:53:33,271 - DEBUG - [chan 0] close(00000000)
2026-02-12 01:53:33,278 - DEBUG - [chan 0] stat(b'/home/kevin/test/lib/prompt_toolkit/key_binding/__pycache__/digraphs.cpython-314.pyc')
2026-02-12 01:53:33,280 - INFO - Upload completed successfully: digraphs.cpython-314.pyc
2026-02-12 01:53:33,280 - INFO - Starting upload: lib/prompt_toolkit/key_binding/__pycache__/defaults.cpython-314.pyc -> /home/kevin/test/lib/prompt_toolkit/key_binding/__pycache__/defaults.cpython-314.pyc (1864 bytes)
2026-02-12 01:53:33,281 - DEBUG - [chan 0] open(b'/home/kevin/test/lib/prompt_toolkit/key_binding/__pycache__/defaults.cpython-314.pyc', 'wb')
2026-02-12 01:53:33,282 - DEBUG - [chan 0] open(b'/home/kevin/test/lib/prompt_toolkit/key_binding/__pycache__/defaults.cpython-314.pyc', 'wb') -> 00000000
2026-02-12 01:53:33,282 - DEBUG - Progress: 1864/1864 bytes
2026-02-12 01:53:33,282 - DEBUG - [chan 0] close(00000000)
2026-02-12 01:53:33,283 - DEBUG - [chan 0] stat(b'/home/kevin/test/lib/prompt_toolkit/key_binding/__pycache__/defaults.cpython-314.pyc')
2026-02-12 01:53:33,285 - INFO - Upload completed successfully: defaults.cpython-314.pyc
2026-02-12 01:53:33,286 - INFO - Starting upload: lib/prompt_toolkit/key_binding/__pycache__/__init__.cpython-314.pyc -> /home/kevin/test/lib/prompt_toolkit/key_binding/__pycache__/__init__.cpython-314.pyc (529 bytes)
2026-02-12 01:53:33,288 - DEBUG - [chan 0] open(b'/home/kevin/test/lib/prompt_toolkit/key_binding/__pycache__/__init__.cpython-314.pyc', 'wb')
2026-02-12 01:53:33,288 - DEBUG - [chan 0] open(b'/home/kevin/test/lib/prompt_toolkit/key_binding/__pycache__/__init__.cpython-314.pyc', 'wb') -> 00000000
2026-02-12 01:53:33,289 - DEBUG - Progress: 529/529 bytes
2026-02-12 01:53:33,289 - DEBUG - [chan 0] close(00000000)
2026-02-12 01:53:33,289 - DEBUG - [chan 0] stat(b'/home/kevin/test/lib/prompt_toolkit/key_binding/__pycache__/__init__.cpython-314.pyc')
2026-02-12 01:53:33,291 - INFO - Upload completed successfully: __init__.cpython-314.pyc
2026-02-12 01:53:33,291 - DEBUG - [chan 0] mkdir(b'/home/kevin/test/lib/prompt_toolkit/key_binding/bindings', 511)
2026-02-12 01:53:33,292 - INFO - Created remote folder: /home/kevin/test/lib/prompt_toolkit/key_binding/bindings
2026-02-12 01:53:33,292 - INFO - Starting upload: lib/prompt_toolkit/key_binding/bindings/vi.py -> /home/kevin/test/lib/prompt_toolkit/key_binding/bindings/vi.py (75602 bytes)
2026-02-12 01:53:33,294 - DEBUG - [chan 0] open(b'/home/kevin/test/lib/prompt_toolkit/key_binding/bindings/vi.py', 'wb')
2026-02-12 01:53:33,295 - DEBUG - [chan 0] open(b'/home/kevin/test/lib/prompt_toolkit/key_binding/bindings/vi.py', 'wb') -> 00000000
2026-02-12 01:53:33,296 - DEBUG - [chan 0] close(00000000)
2026-02-12 01:53:33,304 - DEBUG - [chan 0] stat(b'/home/kevin/test/lib/prompt_toolkit/key_binding/bindings/vi.py')
2026-02-12 01:53:33,306 - INFO - Upload completed successfully: vi.py
2026-02-12 01:53:33,306 - INFO - Starting upload: lib/prompt_toolkit/key_binding/bindings/search.py -> /home/kevin/test/lib/prompt_toolkit/key_binding/bindings/search.py (2632 bytes)
2026-02-12 01:53:33,308 - DEBUG - [chan 0] open(b'/home/kevin/test/lib/prompt_toolkit/key_binding/bindings/search.py', 'wb')
2026-02-12 01:53:33,309 - DEBUG - [chan 0] open(b'/home/kevin/test/lib/prompt_toolkit/key_binding/bindings/search.py', 'wb') -> 00000000
2026-02-12 01:53:33,309 - DEBUG - Progress: 2632/2632 bytes
2026-02-12 01:53:33,309 - DEBUG - [chan 0] close(00000000)
2026-02-12 01:53:33,311 - DEBUG - [chan 0] stat(b'/home/kevin/test/lib/prompt_toolkit/key_binding/bindings/search.py')
2026-02-12 01:53:33,313 - INFO - Upload completed successfully: search.py
2026-02-12 01:53:33,313 - INFO - Starting upload: lib/prompt_toolkit/key_binding/bindings/scroll.py -> /home/kevin/test/lib/prompt_toolkit/key_binding/bindings/scroll.py (5613 bytes)
2026-02-12 01:53:33,315 - DEBUG - [chan 0] open(b'/home/kevin/test/lib/prompt_toolkit/key_binding/bindings/scroll.py', 'wb')
2026-02-12 01:53:33,316 - DEBUG - [chan 0] open(b'/home/kevin/test/lib/prompt_toolkit/key_binding/bindings/scroll.py', 'wb') -> 00000000
2026-02-12 01:53:33,317 - DEBUG - Progress: 5613/5613 bytes
2026-02-12 01:53:33,317 - DEBUG - [chan 0] close(00000000)
2026-02-12 01:53:33,318 - DEBUG - [chan 0] stat(b'/home/kevin/test/lib/prompt_toolkit/key_binding/bindings/scroll.py')
2026-02-12 01:53:33,320 - INFO - Upload completed successfully: scroll.py
2026-02-12 01:53:33,320 - INFO - Starting upload: lib/prompt_toolkit/key_binding/bindings/page_navigation.py -> /home/kevin/test/lib/prompt_toolkit/key_binding/bindings/page_navigation.py (2392 bytes)
2026-02-12 01:53:33,322 - DEBUG - [chan 0] open(b'/home/kevin/test/lib/prompt_toolkit/key_binding/bindings/page_navigation.py', 'wb')
2026-02-12 01:53:33,323 - DEBUG - [chan 0] open(b'/home/kevin/test/lib/prompt_toolkit/key_binding/bindings/page_navigation.py', 'wb') -> 00000000
2026-02-12 01:53:33,323 - DEBUG - Progress: 2392/2392 bytes
2026-02-12 01:53:33,323 - DEBUG - [chan 0] close(00000000)
2026-02-12 01:53:33,324 - DEBUG - [chan 0] stat(b'/home/kevin/test/lib/prompt_toolkit/key_binding/bindings/page_navigation.py')
2026-02-12 01:53:33,326 - INFO - Upload completed successfully: page_navigation.py
2026-02-12 01:53:33,327 - INFO - Starting upload: lib/prompt_toolkit/key_binding/bindings/open_in_editor.py -> /home/kevin/test/lib/prompt_toolkit/key_binding/bindings/open_in_editor.py (1356 bytes)
2026-02-12 01:53:33,329 - DEBUG - [chan 0] open(b'/home/kevin/test/lib/prompt_toolkit/key_binding/bindings/open_in_editor.py', 'wb')
2026-02-12 01:53:33,329 - DEBUG - [chan 0] open(b'/home/kevin/test/lib/prompt_toolkit/key_binding/bindings/open_in_editor.py', 'wb') -> 00000000
2026-02-12 01:53:33,330 - DEBUG - Progress: 1356/1356 bytes
2026-02-12 01:53:33,330 - DEBUG - [chan 0] close(00000000)
2026-02-12 01:53:33,331 - DEBUG - [chan 0] stat(b'/home/kevin/test/lib/prompt_toolkit/key_binding/bindings/open_in_editor.py')
2026-02-12 01:53:33,333 - INFO - Upload completed successfully: open_in_editor.py
2026-02-12 01:53:33,333 - INFO - Starting upload: lib/prompt_toolkit/key_binding/bindings/named_commands.py -> /home/kevin/test/lib/prompt_toolkit/key_binding/bindings/named_commands.py (18407 bytes)
2026-02-12 01:53:33,335 - DEBUG - [chan 0] open(b'/home/kevin/test/lib/prompt_toolkit/key_binding/bindings/named_commands.py', 'wb')
2026-02-12 01:53:33,336 - DEBUG - [chan 0] open(b'/home/kevin/test/lib/prompt_toolkit/key_binding/bindings/named_commands.py', 'wb') -> 00000000
2026-02-12 01:53:33,336 - DEBUG - Progress: 18407/18407 bytes
2026-02-12 01:53:33,336 - DEBUG - [chan 0] close(00000000)
2026-02-12 01:53:33,339 - DEBUG - [chan 0] stat(b'/home/kevin/test/lib/prompt_toolkit/key_binding/bindings/named_commands.py')
2026-02-12 01:53:33,341 - INFO - Upload completed successfully: named_commands.py
2026-02-12 01:53:33,341 - INFO - Starting upload: lib/prompt_toolkit/key_binding/bindings/mouse.py -> /home/kevin/test/lib/prompt_toolkit/key_binding/bindings/mouse.py (18586 bytes)
2026-02-12 01:53:33,343 - DEBUG - [chan 0] open(b'/home/kevin/test/lib/prompt_toolkit/key_binding/bindings/mouse.py', 'wb')
2026-02-12 01:53:33,344 - DEBUG - [chan 0] open(b'/home/kevin/test/lib/prompt_toolkit/key_binding/bindings/mouse.py', 'wb') -> 00000000
2026-02-12 01:53:33,344 - DEBUG - Progress: 18586/18586 bytes
2026-02-12 01:53:33,344 - DEBUG - [chan 0] close(00000000)
2026-02-12 01:53:33,347 - DEBUG - [chan 0] stat(b'/home/kevin/test/lib/prompt_toolkit/key_binding/bindings/mouse.py')
2026-02-12 01:53:33,349 - INFO - Upload completed successfully: mouse.py
2026-02-12 01:53:33,349 - INFO - Starting upload: lib/prompt_toolkit/key_binding/bindings/focus.py -> /home/kevin/test/lib/prompt_toolkit/key_binding/bindings/focus.py (507 bytes)
2026-02-12 01:53:33,351 - DEBUG - [chan 0] open(b'/home/kevin/test/lib/prompt_toolkit/key_binding/bindings/focus.py', 'wb')
2026-02-12 01:53:33,352 - DEBUG - [chan 0] open(b'/home/kevin/test/lib/prompt_toolkit/key_binding/bindings/focus.py', 'wb') -> 00000000
2026-02-12 01:53:33,352 - DEBUG - Progress: 507/507 bytes
2026-02-12 01:53:33,352 - DEBUG - [chan 0] close(00000000)
2026-02-12 01:53:33,353 - DEBUG - [chan 0] stat(b'/home/kevin/test/lib/prompt_toolkit/key_binding/bindings/focus.py')
2026-02-12 01:53:33,355 - INFO - Upload completed successfully: focus.py
2026-02-12 01:53:33,355 - INFO - Starting upload: lib/prompt_toolkit/key_binding/bindings/emacs.py -> /home/kevin/test/lib/prompt_toolkit/key_binding/bindings/emacs.py (19634 bytes)
2026-02-12 01:53:33,357 - DEBUG - [chan 0] open(b'/home/kevin/test/lib/prompt_toolkit/key_binding/bindings/emacs.py', 'wb')
2026-02-12 01:53:33,358 - DEBUG - [chan 0] open(b'/home/kevin/test/lib/prompt_toolkit/key_binding/bindings/emacs.py', 'wb') -> 00000000
2026-02-12 01:53:33,358 - DEBUG - Progress: 19634/19634 bytes
2026-02-12 01:53:33,358 - DEBUG - [chan 0] close(00000000)
2026-02-12 01:53:33,361 - DEBUG - [chan 0] stat(b'/home/kevin/test/lib/prompt_toolkit/key_binding/bindings/emacs.py')
2026-02-12 01:53:33,363 - INFO - Upload completed successfully: emacs.py
2026-02-12 01:53:33,363 - INFO - Starting upload: lib/prompt_toolkit/key_binding/bindings/cpr.py -> /home/kevin/test/lib/prompt_toolkit/key_binding/bindings/cpr.py (786 bytes)
2026-02-12 01:53:33,365 - DEBUG - [chan 0] open(b'/home/kevin/test/lib/prompt_toolkit/key_binding/bindings/cpr.py', 'wb')
2026-02-12 01:53:33,365 - DEBUG - [chan 0] open(b'/home/kevin/test/lib/prompt_toolkit/key_binding/bindings/cpr.py', 'wb') -> 00000000
2026-02-12 01:53:33,366 - DEBUG - Progress: 786/786 bytes
2026-02-12 01:53:33,366 - DEBUG - [chan 0] close(00000000)
2026-02-12 01:53:33,366 - DEBUG - [chan 0] stat(b'/home/kevin/test/lib/prompt_toolkit/key_binding/bindings/cpr.py')
2026-02-12 01:53:33,368 - INFO - Upload completed successfully: cpr.py
2026-02-12 01:53:33,368 - INFO - Starting upload: lib/prompt_toolkit/key_binding/bindings/completion.py -> /home/kevin/test/lib/prompt_toolkit/key_binding/bindings/completion.py (6903 bytes)
2026-02-12 01:53:33,370 - DEBUG - [chan 0] open(b'/home/kevin/test/lib/prompt_toolkit/key_binding/bindings/completion.py', 'wb')
2026-02-12 01:53:33,371 - DEBUG - [chan 0] open(b'/home/kevin/test/lib/prompt_toolkit/key_binding/bindings/completion.py', 'wb') -> 00000000
2026-02-12 01:53:33,372 - DEBUG - Progress: 6903/6903 bytes
2026-02-12 01:53:33,372 - DEBUG - [chan 0] close(00000000)
2026-02-12 01:53:33,373 - DEBUG - [chan 0] stat(b'/home/kevin/test/lib/prompt_toolkit/key_binding/bindings/completion.py')
2026-02-12 01:53:33,375 - INFO - Upload completed successfully: completion.py
2026-02-12 01:53:33,375 - INFO - Starting upload: lib/prompt_toolkit/key_binding/bindings/basic.py -> /home/kevin/test/lib/prompt_toolkit/key_binding/bindings/basic.py (7229 bytes)
2026-02-12 01:53:33,377 - DEBUG - [chan 0] open(b'/home/kevin/test/lib/prompt_toolkit/key_binding/bindings/basic.py', 'wb')
2026-02-12 01:53:33,378 - DEBUG - [chan 0] open(b'/home/kevin/test/lib/prompt_toolkit/key_binding/bindings/basic.py', 'wb') -> 00000000
2026-02-12 01:53:33,378 - DEBUG - Progress: 7229/7229 bytes
2026-02-12 01:53:33,378 - DEBUG - [chan 0] close(00000000)
2026-02-12 01:53:33,380 - DEBUG - [chan 0] stat(b'/home/kevin/test/lib/prompt_toolkit/key_binding/bindings/basic.py')
2026-02-12 01:53:33,382 - INFO - Upload completed successfully: basic.py
2026-02-12 01:53:33,382 - INFO - Starting upload: lib/prompt_toolkit/key_binding/bindings/auto_suggest.py -> /home/kevin/test/lib/prompt_toolkit/key_binding/bindings/auto_suggest.py (1855 bytes)
2026-02-12 01:53:33,383 - DEBUG - [chan 0] open(b'/home/kevin/test/lib/prompt_toolkit/key_binding/bindings/auto_suggest.py', 'wb')
2026-02-12 01:53:33,384 - DEBUG - [chan 0] open(b'/home/kevin/test/lib/prompt_toolkit/key_binding/bindings/auto_suggest.py', 'wb') -> 00000000
2026-02-12 01:53:33,384 - DEBUG - Progress: 1855/1855 bytes
2026-02-12 01:53:33,384 - DEBUG - [chan 0] close(00000000)
2026-02-12 01:53:33,385 - DEBUG - [chan 0] stat(b'/home/kevin/test/lib/prompt_toolkit/key_binding/bindings/auto_suggest.py')
2026-02-12 01:53:33,387 - INFO - Upload completed successfully: auto_suggest.py
2026-02-12 01:53:33,387 - INFO - Starting upload: lib/prompt_toolkit/key_binding/bindings/__init__.py -> /home/kevin/test/lib/prompt_toolkit/key_binding/bindings/__init__.py (0 bytes)
2026-02-12 01:53:33,388 - DEBUG - [chan 0] open(b'/home/kevin/test/lib/prompt_toolkit/key_binding/bindings/__init__.py', 'wb')
2026-02-12 01:53:33,389 - DEBUG - [chan 0] open(b'/home/kevin/test/lib/prompt_toolkit/key_binding/bindings/__init__.py', 'wb') -> 00000000
2026-02-12 01:53:33,389 - DEBUG - [chan 0] close(00000000)
2026-02-12 01:53:33,389 - DEBUG - [chan 0] stat(b'/home/kevin/test/lib/prompt_toolkit/key_binding/bindings/__init__.py')
2026-02-12 01:53:33,391 - INFO - Upload completed successfully: __init__.py
2026-02-12 01:53:33,391 - DEBUG - [chan 0] mkdir(b'/home/kevin/test/lib/prompt_toolkit/key_binding/bindings/__pycache__', 511)
2026-02-12 01:53:33,391 - INFO - Created remote folder: /home/kevin/test/lib/prompt_toolkit/key_binding/bindings/__pycache__
2026-02-12 01:53:33,391 - INFO - Starting upload: lib/prompt_toolkit/key_binding/bindings/__pycache__/vi.cpython-314.pyc -> /home/kevin/test/lib/prompt_toolkit/key_binding/bindings/__pycache__/vi.cpython-314.pyc (126150 bytes)
2026-02-12 01:53:33,393 - DEBUG - [chan 0] open(b'/home/kevin/test/lib/prompt_toolkit/key_binding/bindings/__pycache__/vi.cpython-314.pyc', 'wb')
2026-02-12 01:53:33,394 - DEBUG - [chan 0] open(b'/home/kevin/test/lib/prompt_toolkit/key_binding/bindings/__pycache__/vi.cpython-314.pyc', 'wb') -> 00000000
2026-02-12 01:53:33,394 - DEBUG - Progress: 32768/126150 bytes
2026-02-12 01:53:33,394 - DEBUG - Progress: 65536/126150 bytes
2026-02-12 01:53:33,394 - DEBUG - Progress: 98304/126150 bytes
2026-02-12 01:53:33,395 - DEBUG - [chan 0] close(00000000)
2026-02-12 01:53:33,409 - DEBUG - [chan 0] stat(b'/home/kevin/test/lib/prompt_toolkit/key_binding/bindings/__pycache__/vi.cpython-314.pyc')
2026-02-12 01:53:33,411 - INFO - Upload completed successfully: vi.cpython-314.pyc
2026-02-12 01:53:33,411 - INFO - Starting upload: lib/prompt_toolkit/key_binding/bindings/__pycache__/search.cpython-314.pyc -> /home/kevin/test/lib/prompt_toolkit/key_binding/bindings/__pycache__/search.cpython-314.pyc (5118 bytes)
2026-02-12 01:53:33,413 - DEBUG - [chan 0] open(b'/home/kevin/test/lib/prompt_toolkit/key_binding/bindings/__pycache__/search.cpython-314.pyc', 'wb')
2026-02-12 01:53:33,413 - DEBUG - [chan 0] open(b'/home/kevin/test/lib/prompt_toolkit/key_binding/bindings/__pycache__/search.cpython-314.pyc', 'wb') -> 00000000
2026-02-12 01:53:33,413 - DEBUG - Progress: 5118/5118 bytes
2026-02-12 01:53:33,414 - DEBUG - [chan 0] close(00000000)
2026-02-12 01:53:33,415 - DEBUG - [chan 0] stat(b'/home/kevin/test/lib/prompt_toolkit/key_binding/bindings/__pycache__/search.cpython-314.pyc')
2026-02-12 01:53:33,417 - INFO - Upload completed successfully: search.cpython-314.pyc
2026-02-12 01:53:33,417 - INFO - Starting upload: lib/prompt_toolkit/key_binding/bindings/__pycache__/scroll.cpython-314.pyc -> /home/kevin/test/lib/prompt_toolkit/key_binding/bindings/__pycache__/scroll.cpython-314.pyc (8532 bytes)
2026-02-12 01:53:33,419 - DEBUG - [chan 0] open(b'/home/kevin/test/lib/prompt_toolkit/key_binding/bindings/__pycache__/scroll.cpython-314.pyc', 'wb')
2026-02-12 01:53:33,420 - DEBUG - [chan 0] open(b'/home/kevin/test/lib/prompt_toolkit/key_binding/bindings/__pycache__/scroll.cpython-314.pyc', 'wb') -> 00000000
2026-02-12 01:53:33,420 - DEBUG - Progress: 8532/8532 bytes
2026-02-12 01:53:33,420 - DEBUG - [chan 0] close(00000000)
2026-02-12 01:53:33,421 - DEBUG - [chan 0] stat(b'/home/kevin/test/lib/prompt_toolkit/key_binding/bindings/__pycache__/scroll.cpython-314.pyc')
2026-02-12 01:53:33,424 - INFO - Upload completed successfully: scroll.cpython-314.pyc
2026-02-12 01:53:33,424 - INFO - Starting upload: lib/prompt_toolkit/key_binding/bindings/__pycache__/page_navigation.cpython-314.pyc -> /home/kevin/test/lib/prompt_toolkit/key_binding/bindings/__pycache__/page_navigation.cpython-314.pyc (3062 bytes)
2026-02-12 01:53:33,426 - DEBUG - [chan 0] open(b'/home/kevin/test/lib/prompt_toolkit/key_binding/bindings/__pycache__/page_navigation.cpython-314.pyc', 'wb')
2026-02-12 01:53:33,426 - DEBUG - [chan 0] open(b'/home/kevin/test/lib/prompt_toolkit/key_binding/bindings/__pycache__/page_navigation.cpython-314.pyc', 'wb') -> 00000000
2026-02-12 01:53:33,426 - DEBUG - Progress: 3062/3062 bytes
2026-02-12 01:53:33,427 - DEBUG - [chan 0] close(00000000)
2026-02-12 01:53:33,428 - DEBUG - [chan 0] stat(b'/home/kevin/test/lib/prompt_toolkit/key_binding/bindings/__pycache__/page_navigation.cpython-314.pyc')
2026-02-12 01:53:33,430 - INFO - Upload completed successfully: page_navigation.cpython-314.pyc
2026-02-12 01:53:33,430 - INFO - Starting upload: lib/prompt_toolkit/key_binding/bindings/__pycache__/open_in_editor.cpython-314.pyc -> /home/kevin/test/lib/prompt_toolkit/key_binding/bindings/__pycache__/open_in_editor.cpython-314.pyc (2154 bytes)
2026-02-12 01:53:33,432 - DEBUG - [chan 0] open(b'/home/kevin/test/lib/prompt_toolkit/key_binding/bindings/__pycache__/open_in_editor.cpython-314.pyc', 'wb')
2026-02-12 01:53:33,433 - DEBUG - [chan 0] open(b'/home/kevin/test/lib/prompt_toolkit/key_binding/bindings/__pycache__/open_in_editor.cpython-314.pyc', 'wb') -> 00000000
2026-02-12 01:53:33,433 - DEBUG - Progress: 2154/2154 bytes
2026-02-12 01:53:33,433 - DEBUG - [chan 0] close(00000000)
2026-02-12 01:53:33,434 - DEBUG - [chan 0] stat(b'/home/kevin/test/lib/prompt_toolkit/key_binding/bindings/__pycache__/open_in_editor.cpython-314.pyc')
2026-02-12 01:53:33,436 - INFO - Upload completed successfully: open_in_editor.cpython-314.pyc
2026-02-12 01:53:33,437 - INFO - Starting upload: lib/prompt_toolkit/key_binding/bindings/__pycache__/named_commands.cpython-314.pyc -> /home/kevin/test/lib/prompt_toolkit/key_binding/bindings/__pycache__/named_commands.cpython-314.pyc (36371 bytes)
2026-02-12 01:53:33,439 - DEBUG - [chan 0] open(b'/home/kevin/test/lib/prompt_toolkit/key_binding/bindings/__pycache__/named_commands.cpython-314.pyc', 'wb')
2026-02-12 01:53:33,439 - DEBUG - [chan 0] open(b'/home/kevin/test/lib/prompt_toolkit/key_binding/bindings/__pycache__/named_commands.cpython-314.pyc', 'wb') -> 00000000
2026-02-12 01:53:33,440 - DEBUG - Progress: 32768/36371 bytes
2026-02-12 01:53:33,440 - DEBUG - [chan 0] close(00000000)
2026-02-12 01:53:33,445 - DEBUG - [chan 0] stat(b'/home/kevin/test/lib/prompt_toolkit/key_binding/bindings/__pycache__/named_commands.cpython-314.pyc')
2026-02-12 01:53:33,448 - INFO - Upload completed successfully: named_commands.cpython-314.pyc
2026-02-12 01:53:33,448 - INFO - Starting upload: lib/prompt_toolkit/key_binding/bindings/__pycache__/mouse.cpython-314.pyc -> /home/kevin/test/lib/prompt_toolkit/key_binding/bindings/__pycache__/mouse.cpython-314.pyc (13064 bytes)
2026-02-12 01:53:33,450 - DEBUG - [chan 0] open(b'/home/kevin/test/lib/prompt_toolkit/key_binding/bindings/__pycache__/mouse.cpython-314.pyc', 'wb')
2026-02-12 01:53:33,450 - DEBUG - [chan 0] open(b'/home/kevin/test/lib/prompt_toolkit/key_binding/bindings/__pycache__/mouse.cpython-314.pyc', 'wb') -> 00000000
2026-02-12 01:53:33,450 - DEBUG - Progress: 13064/13064 bytes
2026-02-12 01:53:33,450 - DEBUG - [chan 0] close(00000000)
2026-02-12 01:53:33,454 - DEBUG - [chan 0] stat(b'/home/kevin/test/lib/prompt_toolkit/key_binding/bindings/__pycache__/mouse.cpython-314.pyc')
2026-02-12 01:53:33,456 - INFO - Upload completed successfully: mouse.cpython-314.pyc
2026-02-12 01:53:33,456 - INFO - Starting upload: lib/prompt_toolkit/key_binding/bindings/__pycache__/focus.cpython-314.pyc -> /home/kevin/test/lib/prompt_toolkit/key_binding/bindings/__pycache__/focus.cpython-314.pyc (1262 bytes)
2026-02-12 01:53:33,458 - DEBUG - [chan 0] open(b'/home/kevin/test/lib/prompt_toolkit/key_binding/bindings/__pycache__/focus.cpython-314.pyc', 'wb')
2026-02-12 01:53:33,458 - DEBUG - [chan 0] open(b'/home/kevin/test/lib/prompt_toolkit/key_binding/bindings/__pycache__/focus.cpython-314.pyc', 'wb') -> 00000000
2026-02-12 01:53:33,458 - DEBUG - Progress: 1262/1262 bytes
2026-02-12 01:53:33,458 - DEBUG - [chan 0] close(00000000)
2026-02-12 01:53:33,459 - DEBUG - [chan 0] stat(b'/home/kevin/test/lib/prompt_toolkit/key_binding/bindings/__pycache__/focus.cpython-314.pyc')
2026-02-12 01:53:33,461 - INFO - Upload completed successfully: focus.cpython-314.pyc
2026-02-12 01:53:33,461 - INFO - Starting upload: lib/prompt_toolkit/key_binding/bindings/__pycache__/emacs.cpython-314.pyc -> /home/kevin/test/lib/prompt_toolkit/key_binding/bindings/__pycache__/emacs.cpython-314.pyc (32709 bytes)
2026-02-12 01:53:33,463 - DEBUG - [chan 0] open(b'/home/kevin/test/lib/prompt_toolkit/key_binding/bindings/__pycache__/emacs.cpython-314.pyc', 'wb')
2026-02-12 01:53:33,464 - DEBUG - [chan 0] open(b'/home/kevin/test/lib/prompt_toolkit/key_binding/bindings/__pycache__/emacs.cpython-314.pyc', 'wb') -> 00000000
2026-02-12 01:53:33,464 - DEBUG - Progress: 32709/32709 bytes
2026-02-12 01:53:33,464 - DEBUG - [chan 0] close(00000000)
2026-02-12 01:53:33,468 - DEBUG - [chan 0] stat(b'/home/kevin/test/lib/prompt_toolkit/key_binding/bindings/__pycache__/emacs.cpython-314.pyc')
2026-02-12 01:53:33,469 - INFO - Upload completed successfully: emacs.cpython-314.pyc
2026-02-12 01:53:33,469 - INFO - Starting upload: lib/prompt_toolkit/key_binding/bindings/__pycache__/cpr.cpython-314.pyc -> /home/kevin/test/lib/prompt_toolkit/key_binding/bindings/__pycache__/cpr.cpython-314.pyc (1719 bytes)
2026-02-12 01:53:33,471 - DEBUG - [chan 0] open(b'/home/kevin/test/lib/prompt_toolkit/key_binding/bindings/__pycache__/cpr.cpython-314.pyc', 'wb')
2026-02-12 01:53:33,472 - DEBUG - [chan 0] open(b'/home/kevin/test/lib/prompt_toolkit/key_binding/bindings/__pycache__/cpr.cpython-314.pyc', 'wb') -> 00000000
2026-02-12 01:53:33,472 - DEBUG - Progress: 1719/1719 bytes
2026-02-12 01:53:33,472 - DEBUG - [chan 0] close(00000000)
2026-02-12 01:53:33,473 - DEBUG - [chan 0] stat(b'/home/kevin/test/lib/prompt_toolkit/key_binding/bindings/__pycache__/cpr.cpython-314.pyc')
2026-02-12 01:53:33,475 - INFO - Upload completed successfully: cpr.cpython-314.pyc
2026-02-12 01:53:33,475 - INFO - Starting upload: lib/prompt_toolkit/key_binding/bindings/__pycache__/completion.cpython-314.pyc -> /home/kevin/test/lib/prompt_toolkit/key_binding/bindings/__pycache__/completion.cpython-314.pyc (10991 bytes)
2026-02-12 01:53:33,477 - DEBUG - [chan 0] open(b'/home/kevin/test/lib/prompt_toolkit/key_binding/bindings/__pycache__/completion.cpython-314.pyc', 'wb')
2026-02-12 01:53:33,478 - DEBUG - [chan 0] open(b'/home/kevin/test/lib/prompt_toolkit/key_binding/bindings/__pycache__/completion.cpython-314.pyc', 'wb') -> 00000000
2026-02-12 01:53:33,478 - DEBUG - Progress: 10991/10991 bytes
2026-02-12 01:53:33,478 - DEBUG - [chan 0] close(00000000)
2026-02-12 01:53:33,480 - DEBUG - [chan 0] stat(b'/home/kevin/test/lib/prompt_toolkit/key_binding/bindings/__pycache__/completion.cpython-314.pyc')
2026-02-12 01:53:33,482 - INFO - Upload completed successfully: completion.cpython-314.pyc
2026-02-12 01:53:33,482 - INFO - Starting upload: lib/prompt_toolkit/key_binding/bindings/__pycache__/basic.cpython-314.pyc -> /home/kevin/test/lib/prompt_toolkit/key_binding/bindings/__pycache__/basic.cpython-314.pyc (13234 bytes)
2026-02-12 01:53:33,484 - DEBUG - [chan 0] open(b'/home/kevin/test/lib/prompt_toolkit/key_binding/bindings/__pycache__/basic.cpython-314.pyc', 'wb')
2026-02-12 01:53:33,485 - DEBUG - [chan 0] open(b'/home/kevin/test/lib/prompt_toolkit/key_binding/bindings/__pycache__/basic.cpython-314.pyc', 'wb') -> 00000000
2026-02-12 01:53:33,485 - DEBUG - Progress: 13234/13234 bytes
2026-02-12 01:53:33,485 - DEBUG - [chan 0] close(00000000)
2026-02-12 01:53:33,487 - DEBUG - [chan 0] stat(b'/home/kevin/test/lib/prompt_toolkit/key_binding/bindings/__pycache__/basic.cpython-314.pyc')
2026-02-12 01:53:33,488 - INFO - Upload completed successfully: basic.cpython-314.pyc
2026-02-12 01:53:33,488 - INFO - Starting upload: lib/prompt_toolkit/key_binding/bindings/__pycache__/auto_suggest.cpython-314.pyc -> /home/kevin/test/lib/prompt_toolkit/key_binding/bindings/__pycache__/auto_suggest.cpython-314.pyc (3794 bytes)
2026-02-12 01:53:33,490 - DEBUG - [chan 0] open(b'/home/kevin/test/lib/prompt_toolkit/key_binding/bindings/__pycache__/auto_suggest.cpython-314.pyc', 'wb')
2026-02-12 01:53:33,490 - DEBUG - [chan 0] open(b'/home/kevin/test/lib/prompt_toolkit/key_binding/bindings/__pycache__/auto_suggest.cpython-314.pyc', 'wb') -> 00000000
2026-02-12 01:53:33,490 - DEBUG - Progress: 3794/3794 bytes
2026-02-12 01:53:33,490 - DEBUG - [chan 0] close(00000000)
2026-02-12 01:53:33,492 - DEBUG - [chan 0] stat(b'/home/kevin/test/lib/prompt_toolkit/key_binding/bindings/__pycache__/auto_suggest.cpython-314.pyc')
2026-02-12 01:53:33,493 - INFO - Upload completed successfully: auto_suggest.cpython-314.pyc
2026-02-12 01:53:33,494 - INFO - Starting upload: lib/prompt_toolkit/key_binding/bindings/__pycache__/__init__.cpython-314.pyc -> /home/kevin/test/lib/prompt_toolkit/key_binding/bindings/__pycache__/__init__.cpython-314.pyc (182 bytes)
2026-02-12 01:53:33,495 - DEBUG - [chan 0] open(b'/home/kevin/test/lib/prompt_toolkit/key_binding/bindings/__pycache__/__init__.cpython-314.pyc', 'wb')
2026-02-12 01:53:33,496 - DEBUG - [chan 0] open(b'/home/kevin/test/lib/prompt_toolkit/key_binding/bindings/__pycache__/__init__.cpython-314.pyc', 'wb') -> 00000000
2026-02-12 01:53:33,496 - DEBUG - Progress: 182/182 bytes
2026-02-12 01:53:33,496 - DEBUG - [chan 0] close(00000000)
2026-02-12 01:53:33,496 - DEBUG - [chan 0] stat(b'/home/kevin/test/lib/prompt_toolkit/key_binding/bindings/__pycache__/__init__.cpython-314.pyc')
2026-02-12 01:53:33,498 - INFO - Upload completed successfully: __init__.cpython-314.pyc
2026-02-12 01:53:33,498 - DEBUG - [chan 0] mkdir(b'/home/kevin/test/lib/prompt_toolkit/input', 511)
2026-02-12 01:53:33,499 - INFO - Created remote folder: /home/kevin/test/lib/prompt_toolkit/input
2026-02-12 01:53:33,499 - INFO - Starting upload: lib/prompt_toolkit/input/win32_pipe.py -> /home/kevin/test/lib/prompt_toolkit/input/win32_pipe.py (4700 bytes)
2026-02-12 01:53:33,500 - DEBUG - [chan 0] open(b'/home/kevin/test/lib/prompt_toolkit/input/win32_pipe.py', 'wb')
2026-02-12 01:53:33,501 - DEBUG - [chan 0] open(b'/home/kevin/test/lib/prompt_toolkit/input/win32_pipe.py', 'wb') -> 00000000
2026-02-12 01:53:33,503 - DEBUG - Progress: 4700/4700 bytes
2026-02-12 01:53:33,503 - DEBUG - [chan 0] close(00000000)
2026-02-12 01:53:33,504 - DEBUG - [chan 0] stat(b'/home/kevin/test/lib/prompt_toolkit/input/win32_pipe.py')
2026-02-12 01:53:33,505 - INFO - Upload completed successfully: win32_pipe.py
2026-02-12 01:53:33,505 - INFO - Starting upload: lib/prompt_toolkit/input/win32.py -> /home/kevin/test/lib/prompt_toolkit/input/win32.py (31410 bytes)
2026-02-12 01:53:33,507 - DEBUG - [chan 0] open(b'/home/kevin/test/lib/prompt_toolkit/input/win32.py', 'wb')
2026-02-12 01:53:33,507 - DEBUG - [chan 0] open(b'/home/kevin/test/lib/prompt_toolkit/input/win32.py', 'wb') -> 00000000
2026-02-12 01:53:33,508 - DEBUG - Progress: 31410/31410 bytes
2026-02-12 01:53:33,508 - DEBUG - [chan 0] close(00000000)
2026-02-12 01:53:33,512 - DEBUG - [chan 0] stat(b'/home/kevin/test/lib/prompt_toolkit/input/win32.py')
2026-02-12 01:53:33,514 - INFO - Upload completed successfully: win32.py
2026-02-12 01:53:33,514 - INFO - Starting upload: lib/prompt_toolkit/input/vt100_parser.py -> /home/kevin/test/lib/prompt_toolkit/input/vt100_parser.py (8407 bytes)
2026-02-12 01:53:33,516 - DEBUG - [chan 0] open(b'/home/kevin/test/lib/prompt_toolkit/input/vt100_parser.py', 'wb')
2026-02-12 01:53:33,516 - DEBUG - [chan 0] open(b'/home/kevin/test/lib/prompt_toolkit/input/vt100_parser.py', 'wb') -> 00000000
2026-02-12 01:53:33,517 - DEBUG - Progress: 8407/8407 bytes
2026-02-12 01:53:33,517 - DEBUG - [chan 0] close(00000000)
2026-02-12 01:53:33,519 - DEBUG - [chan 0] stat(b'/home/kevin/test/lib/prompt_toolkit/input/vt100_parser.py')
2026-02-12 01:53:33,520 - INFO - Upload completed successfully: vt100_parser.py
2026-02-12 01:53:33,520 - INFO - Starting upload: lib/prompt_toolkit/input/vt100.py -> /home/kevin/test/lib/prompt_toolkit/input/vt100.py (10514 bytes)
2026-02-12 01:53:33,522 - DEBUG - [chan 0] open(b'/home/kevin/test/lib/prompt_toolkit/input/vt100.py', 'wb')
2026-02-12 01:53:33,522 - DEBUG - [chan 0] open(b'/home/kevin/test/lib/prompt_toolkit/input/vt100.py', 'wb') -> 00000000
2026-02-12 01:53:33,523 - DEBUG - Progress: 10514/10514 bytes
2026-02-12 01:53:33,523 - DEBUG - [chan 0] close(00000000)
2026-02-12 01:53:33,525 - DEBUG - [chan 0] stat(b'/home/kevin/test/lib/prompt_toolkit/input/vt100.py')
2026-02-12 01:53:33,526 - INFO - Upload completed successfully: vt100.py
2026-02-12 01:53:33,526 - INFO - Starting upload: lib/prompt_toolkit/input/typeahead.py -> /home/kevin/test/lib/prompt_toolkit/input/typeahead.py (2545 bytes)
2026-02-12 01:53:33,528 - DEBUG - [chan 0] open(b'/home/kevin/test/lib/prompt_toolkit/input/typeahead.py', 'wb')
2026-02-12 01:53:33,528 - DEBUG - [chan 0] open(b'/home/kevin/test/lib/prompt_toolkit/input/typeahead.py', 'wb') -> 00000000
2026-02-12 01:53:33,529 - DEBUG - Progress: 2545/2545 bytes
2026-02-12 01:53:33,529 - DEBUG - [chan 0] close(00000000)
2026-02-12 01:53:33,530 - DEBUG - [chan 0] stat(b'/home/kevin/test/lib/prompt_toolkit/input/typeahead.py')
2026-02-12 01:53:33,532 - INFO - Upload completed successfully: typeahead.py
2026-02-12 01:53:33,532 - INFO - Starting upload: lib/prompt_toolkit/input/posix_utils.py -> /home/kevin/test/lib/prompt_toolkit/input/posix_utils.py (3973 bytes)
2026-02-12 01:53:33,534 - DEBUG - [chan 0] open(b'/home/kevin/test/lib/prompt_toolkit/input/posix_utils.py', 'wb')
2026-02-12 01:53:33,534 - DEBUG - [chan 0] open(b'/home/kevin/test/lib/prompt_toolkit/input/posix_utils.py', 'wb') -> 00000000
2026-02-12 01:53:33,534 - DEBUG - Progress: 3973/3973 bytes
2026-02-12 01:53:33,534 - DEBUG - [chan 0] close(00000000)
2026-02-12 01:53:33,536 - DEBUG - [chan 0] stat(b'/home/kevin/test/lib/prompt_toolkit/input/posix_utils.py')
2026-02-12 01:53:33,537 - INFO - Upload completed successfully: posix_utils.py
2026-02-12 01:53:33,537 - INFO - Starting upload: lib/prompt_toolkit/input/posix_pipe.py -> /home/kevin/test/lib/prompt_toolkit/input/posix_pipe.py (3158 bytes)
2026-02-12 01:53:33,538 - DEBUG - [chan 0] open(b'/home/kevin/test/lib/prompt_toolkit/input/posix_pipe.py', 'wb')
2026-02-12 01:53:33,539 - DEBUG - [chan 0] open(b'/home/kevin/test/lib/prompt_toolkit/input/posix_pipe.py', 'wb') -> 00000000
2026-02-12 01:53:33,539 - DEBUG - Progress: 3158/3158 bytes
2026-02-12 01:53:33,539 - DEBUG - [chan 0] close(00000000)
2026-02-12 01:53:33,540 - DEBUG - [chan 0] stat(b'/home/kevin/test/lib/prompt_toolkit/input/posix_pipe.py')
2026-02-12 01:53:33,542 - INFO - Upload completed successfully: posix_pipe.py
2026-02-12 01:53:33,542 - INFO - Starting upload: lib/prompt_toolkit/input/defaults.py -> /home/kevin/test/lib/prompt_toolkit/input/defaults.py (2500 bytes)
2026-02-12 01:53:33,544 - DEBUG - [chan 0] open(b'/home/kevin/test/lib/prompt_toolkit/input/defaults.py', 'wb')
2026-02-12 01:53:33,545 - DEBUG - [chan 0] open(b'/home/kevin/test/lib/prompt_toolkit/input/defaults.py', 'wb') -> 00000000
2026-02-12 01:53:33,545 - DEBUG - Progress: 2500/2500 bytes
2026-02-12 01:53:33,545 - DEBUG - [chan 0] close(00000000)
2026-02-12 01:53:33,546 - DEBUG - [chan 0] stat(b'/home/kevin/test/lib/prompt_toolkit/input/defaults.py')
2026-02-12 01:53:33,548 - INFO - Upload completed successfully: defaults.py
2026-02-12 01:53:33,548 - INFO - Starting upload: lib/prompt_toolkit/input/base.py -> /home/kevin/test/lib/prompt_toolkit/input/base.py (4030 bytes)
2026-02-12 01:53:33,549 - DEBUG - [chan 0] open(b'/home/kevin/test/lib/prompt_toolkit/input/base.py', 'wb')
2026-02-12 01:53:33,550 - DEBUG - [chan 0] open(b'/home/kevin/test/lib/prompt_toolkit/input/base.py', 'wb') -> 00000000
2026-02-12 01:53:33,550 - DEBUG - Progress: 4030/4030 bytes
2026-02-12 01:53:33,550 - DEBUG - [chan 0] close(00000000)
2026-02-12 01:53:33,551 - DEBUG - [chan 0] stat(b'/home/kevin/test/lib/prompt_toolkit/input/base.py')
2026-02-12 01:53:33,553 - INFO - Upload completed successfully: base.py
2026-02-12 01:53:33,553 - INFO - Starting upload: lib/prompt_toolkit/input/ansi_escape_sequences.py -> /home/kevin/test/lib/prompt_toolkit/input/ansi_escape_sequences.py (13663 bytes)
2026-02-12 01:53:33,554 - DEBUG - [chan 0] open(b'/home/kevin/test/lib/prompt_toolkit/input/ansi_escape_sequences.py', 'wb')
2026-02-12 01:53:33,555 - DEBUG - [chan 0] open(b'/home/kevin/test/lib/prompt_toolkit/input/ansi_escape_sequences.py', 'wb') -> 00000000
2026-02-12 01:53:33,555 - DEBUG - Progress: 13663/13663 bytes
2026-02-12 01:53:33,555 - DEBUG - [chan 0] close(00000000)
2026-02-12 01:53:33,559 - DEBUG - [chan 0] stat(b'/home/kevin/test/lib/prompt_toolkit/input/ansi_escape_sequences.py')
2026-02-12 01:53:33,561 - INFO - Upload completed successfully: ansi_escape_sequences.py
2026-02-12 01:53:33,561 - INFO - Starting upload: lib/prompt_toolkit/input/__init__.py -> /home/kevin/test/lib/prompt_toolkit/input/__init__.py (273 bytes)
2026-02-12 01:53:33,562 - DEBUG - [chan 0] open(b'/home/kevin/test/lib/prompt_toolkit/input/__init__.py', 'wb')
2026-02-12 01:53:33,563 - DEBUG - [chan 0] open(b'/home/kevin/test/lib/prompt_toolkit/input/__init__.py', 'wb') -> 00000000
2026-02-12 01:53:33,563 - DEBUG - Progress: 273/273 bytes
2026-02-12 01:53:33,563 - DEBUG - [chan 0] close(00000000)
2026-02-12 01:53:33,564 - DEBUG - [chan 0] stat(b'/home/kevin/test/lib/prompt_toolkit/input/__init__.py')
2026-02-12 01:53:33,565 - INFO - Upload completed successfully: __init__.py
2026-02-12 01:53:33,565 - DEBUG - [chan 0] mkdir(b'/home/kevin/test/lib/prompt_toolkit/input/__pycache__', 511)
2026-02-12 01:53:33,566 - INFO - Created remote folder: /home/kevin/test/lib/prompt_toolkit/input/__pycache__
2026-02-12 01:53:33,566 - INFO - Starting upload: lib/prompt_toolkit/input/__pycache__/win32_pipe.cpython-314.pyc -> /home/kevin/test/lib/prompt_toolkit/input/__pycache__/win32_pipe.cpython-314.pyc (8755 bytes)
2026-02-12 01:53:33,567 - DEBUG - [chan 0] open(b'/home/kevin/test/lib/prompt_toolkit/input/__pycache__/win32_pipe.cpython-314.pyc', 'wb')
2026-02-12 01:53:33,568 - DEBUG - [chan 0] open(b'/home/kevin/test/lib/prompt_toolkit/input/__pycache__/win32_pipe.cpython-314.pyc', 'wb') -> 00000000
2026-02-12 01:53:33,568 - DEBUG - Progress: 8755/8755 bytes
2026-02-12 01:53:33,568 - DEBUG - [chan 0] close(00000000)
2026-02-12 01:53:33,570 - DEBUG - [chan 0] stat(b'/home/kevin/test/lib/prompt_toolkit/input/__pycache__/win32_pipe.cpython-314.pyc')
2026-02-12 01:53:33,572 - INFO - Upload completed successfully: win32_pipe.cpython-314.pyc
2026-02-12 01:53:33,572 - INFO - Starting upload: lib/prompt_toolkit/input/__pycache__/win32.cpython-314.pyc -> /home/kevin/test/lib/prompt_toolkit/input/__pycache__/win32.cpython-314.pyc (41651 bytes)
2026-02-12 01:53:33,574 - DEBUG - [chan 0] open(b'/home/kevin/test/lib/prompt_toolkit/input/__pycache__/win32.cpython-314.pyc', 'wb')
2026-02-12 01:53:33,574 - DEBUG - [chan 0] open(b'/home/kevin/test/lib/prompt_toolkit/input/__pycache__/win32.cpython-314.pyc', 'wb') -> 00000000
2026-02-12 01:53:33,575 - DEBUG - Progress: 32768/41651 bytes
2026-02-12 01:53:33,575 - DEBUG - [chan 0] close(00000000)
2026-02-12 01:53:33,580 - DEBUG - [chan 0] stat(b'/home/kevin/test/lib/prompt_toolkit/input/__pycache__/win32.cpython-314.pyc')
2026-02-12 01:53:33,582 - INFO - Upload completed successfully: win32.cpython-314.pyc
2026-02-12 01:53:33,582 - INFO - Starting upload: lib/prompt_toolkit/input/__pycache__/vt100_parser.cpython-314.pyc -> /home/kevin/test/lib/prompt_toolkit/input/__pycache__/vt100_parser.cpython-314.pyc (10696 bytes)
2026-02-12 01:53:33,584 - DEBUG - [chan 0] open(b'/home/kevin/test/lib/prompt_toolkit/input/__pycache__/vt100_parser.cpython-314.pyc', 'wb')
2026-02-12 01:53:33,584 - DEBUG - [chan 0] open(b'/home/kevin/test/lib/prompt_toolkit/input/__pycache__/vt100_parser.cpython-314.pyc', 'wb') -> 00000000
2026-02-12 01:53:33,585 - DEBUG - Progress: 10696/10696 bytes
2026-02-12 01:53:33,585 - DEBUG - [chan 0] close(00000000)
2026-02-12 01:53:33,587 - DEBUG - [chan 0] stat(b'/home/kevin/test/lib/prompt_toolkit/input/__pycache__/vt100_parser.cpython-314.pyc')
2026-02-12 01:53:33,589 - INFO - Upload completed successfully: vt100_parser.cpython-314.pyc
2026-02-12 01:53:33,589 - INFO - Starting upload: lib/prompt_toolkit/input/__pycache__/vt100.cpython-314.pyc -> /home/kevin/test/lib/prompt_toolkit/input/__pycache__/vt100.cpython-314.pyc (15196 bytes)
2026-02-12 01:53:33,591 - DEBUG - [chan 0] open(b'/home/kevin/test/lib/prompt_toolkit/input/__pycache__/vt100.cpython-314.pyc', 'wb')
2026-02-12 01:53:33,592 - DEBUG - [chan 0] open(b'/home/kevin/test/lib/prompt_toolkit/input/__pycache__/vt100.cpython-314.pyc', 'wb') -> 00000000
2026-02-12 01:53:33,592 - DEBUG - Progress: 15196/15196 bytes
2026-02-12 01:53:33,592 - DEBUG - [chan 0] close(00000000)
2026-02-12 01:53:33,594 - DEBUG - [chan 0] stat(b'/home/kevin/test/lib/prompt_toolkit/input/__pycache__/vt100.cpython-314.pyc')
2026-02-12 01:53:33,596 - INFO - Upload completed successfully: vt100.cpython-314.pyc
2026-02-12 01:53:33,596 - INFO - Starting upload: lib/prompt_toolkit/input/__pycache__/typeahead.cpython-314.pyc -> /home/kevin/test/lib/prompt_toolkit/input/__pycache__/typeahead.cpython-314.pyc (3558 bytes)
2026-02-12 01:53:33,598 - DEBUG - [chan 0] open(b'/home/kevin/test/lib/prompt_toolkit/input/__pycache__/typeahead.cpython-314.pyc', 'wb')
2026-02-12 01:53:33,599 - DEBUG - [chan 0] open(b'/home/kevin/test/lib/prompt_toolkit/input/__pycache__/typeahead.cpython-314.pyc', 'wb') -> 00000000
2026-02-12 01:53:33,599 - DEBUG - Progress: 3558/3558 bytes
2026-02-12 01:53:33,599 - DEBUG - [chan 0] close(00000000)
2026-02-12 01:53:33,600 - DEBUG - [chan 0] stat(b'/home/kevin/test/lib/prompt_toolkit/input/__pycache__/typeahead.cpython-314.pyc')
2026-02-12 01:53:33,602 - INFO - Upload completed successfully: typeahead.cpython-314.pyc
2026-02-12 01:53:33,602 - INFO - Starting upload: lib/prompt_toolkit/input/__pycache__/posix_utils.cpython-314.pyc -> /home/kevin/test/lib/prompt_toolkit/input/__pycache__/posix_utils.cpython-314.pyc (3366 bytes)
2026-02-12 01:53:33,604 - DEBUG - [chan 0] open(b'/home/kevin/test/lib/prompt_toolkit/input/__pycache__/posix_utils.cpython-314.pyc', 'wb')
2026-02-12 01:53:33,605 - DEBUG - [chan 0] open(b'/home/kevin/test/lib/prompt_toolkit/input/__pycache__/posix_utils.cpython-314.pyc', 'wb') -> 00000000
2026-02-12 01:53:33,605 - DEBUG - Progress: 3366/3366 bytes
2026-02-12 01:53:33,605 - DEBUG - [chan 0] close(00000000)
2026-02-12 01:53:33,607 - DEBUG - [chan 0] stat(b'/home/kevin/test/lib/prompt_toolkit/input/__pycache__/posix_utils.cpython-314.pyc')
2026-02-12 01:53:33,609 - INFO - Upload completed successfully: posix_utils.cpython-314.pyc
2026-02-12 01:53:33,609 - INFO - Starting upload: lib/prompt_toolkit/input/__pycache__/posix_pipe.cpython-314.pyc -> /home/kevin/test/lib/prompt_toolkit/input/__pycache__/posix_pipe.cpython-314.pyc (7768 bytes)
2026-02-12 01:53:33,611 - DEBUG - [chan 0] open(b'/home/kevin/test/lib/prompt_toolkit/input/__pycache__/posix_pipe.cpython-314.pyc', 'wb')
2026-02-12 01:53:33,612 - DEBUG - [chan 0] open(b'/home/kevin/test/lib/prompt_toolkit/input/__pycache__/posix_pipe.cpython-314.pyc', 'wb') -> 00000000
2026-02-12 01:53:33,612 - DEBUG - Progress: 7768/7768 bytes
2026-02-12 01:53:33,612 - DEBUG - [chan 0] close(00000000)
2026-02-12 01:53:33,614 - DEBUG - [chan 0] stat(b'/home/kevin/test/lib/prompt_toolkit/input/__pycache__/posix_pipe.cpython-314.pyc')
2026-02-12 01:53:33,616 - INFO - Upload completed successfully: posix_pipe.cpython-314.pyc
2026-02-12 01:53:33,616 - INFO - Starting upload: lib/prompt_toolkit/input/__pycache__/defaults.cpython-314.pyc -> /home/kevin/test/lib/prompt_toolkit/input/__pycache__/defaults.cpython-314.pyc (2923 bytes)
2026-02-12 01:53:33,617 - DEBUG - [chan 0] open(b'/home/kevin/test/lib/prompt_toolkit/input/__pycache__/defaults.cpython-314.pyc', 'wb')
2026-02-12 01:53:33,618 - DEBUG - [chan 0] open(b'/home/kevin/test/lib/prompt_toolkit/input/__pycache__/defaults.cpython-314.pyc', 'wb') -> 00000000
2026-02-12 01:53:33,618 - DEBUG - Progress: 2923/2923 bytes
2026-02-12 01:53:33,618 - DEBUG - [chan 0] close(00000000)
2026-02-12 01:53:33,619 - DEBUG - [chan 0] stat(b'/home/kevin/test/lib/prompt_toolkit/input/__pycache__/defaults.cpython-314.pyc')
2026-02-12 01:53:33,621 - INFO - Upload completed successfully: defaults.cpython-314.pyc
2026-02-12 01:53:33,621 - INFO - Starting upload: lib/prompt_toolkit/input/__pycache__/base.cpython-314.pyc -> /home/kevin/test/lib/prompt_toolkit/input/__pycache__/base.cpython-314.pyc (8716 bytes)
2026-02-12 01:53:33,623 - DEBUG - [chan 0] open(b'/home/kevin/test/lib/prompt_toolkit/input/__pycache__/base.cpython-314.pyc', 'wb')
2026-02-12 01:53:33,624 - DEBUG - [chan 0] open(b'/home/kevin/test/lib/prompt_toolkit/input/__pycache__/base.cpython-314.pyc', 'wb') -> 00000000
2026-02-12 01:53:33,624 - DEBUG - Progress: 8716/8716 bytes
2026-02-12 01:53:33,624 - DEBUG - [chan 0] close(00000000)
2026-02-12 01:53:33,626 - DEBUG - [chan 0] stat(b'/home/kevin/test/lib/prompt_toolkit/input/__pycache__/base.cpython-314.pyc')
2026-02-12 01:53:33,628 - INFO - Upload completed successfully: base.cpython-314.pyc
2026-02-12 01:53:33,628 - INFO - Starting upload: lib/prompt_toolkit/input/__pycache__/ansi_escape_sequences.cpython-314.pyc -> /home/kevin/test/lib/prompt_toolkit/input/__pycache__/ansi_escape_sequences.cpython-314.pyc (17919 bytes)
2026-02-12 01:53:33,629 - DEBUG - [chan 0] open(b'/home/kevin/test/lib/prompt_toolkit/input/__pycache__/ansi_escape_sequences.cpython-314.pyc', 'wb')
2026-02-12 01:53:33,630 - DEBUG - [chan 0] open(b'/home/kevin/test/lib/prompt_toolkit/input/__pycache__/ansi_escape_sequences.cpython-314.pyc', 'wb') -> 00000000
2026-02-12 01:53:33,630 - DEBUG - Progress: 17919/17919 bytes
2026-02-12 01:53:33,630 - DEBUG - [chan 0] close(00000000)
2026-02-12 01:53:33,632 - DEBUG - [chan 0] stat(b'/home/kevin/test/lib/prompt_toolkit/input/__pycache__/ansi_escape_sequences.cpython-314.pyc')
2026-02-12 01:53:33,635 - INFO - Upload completed successfully: ansi_escape_sequences.cpython-314.pyc
2026-02-12 01:53:33,635 - INFO - Starting upload: lib/prompt_toolkit/input/__pycache__/__init__.cpython-314.pyc -> /home/kevin/test/lib/prompt_toolkit/input/__pycache__/__init__.cpython-314.pyc (420 bytes)
2026-02-12 01:53:33,638 - DEBUG - [chan 0] open(b'/home/kevin/test/lib/prompt_toolkit/input/__pycache__/__init__.cpython-314.pyc', 'wb')
2026-02-12 01:53:33,639 - DEBUG - [chan 0] open(b'/home/kevin/test/lib/prompt_toolkit/input/__pycache__/__init__.cpython-314.pyc', 'wb') -> 00000000
2026-02-12 01:53:33,640 - DEBUG - Progress: 420/420 bytes
2026-02-12 01:53:33,640 - DEBUG - [chan 0] close(00000000)
2026-02-12 01:53:33,641 - DEBUG - [chan 0] stat(b'/home/kevin/test/lib/prompt_toolkit/input/__pycache__/__init__.cpython-314.pyc')
2026-02-12 01:53:33,643 - INFO - Upload completed successfully: __init__.cpython-314.pyc
2026-02-12 01:53:33,643 - DEBUG - [chan 0] mkdir(b'/home/kevin/test/lib/prompt_toolkit/formatted_text', 511)
2026-02-12 01:53:33,644 - INFO - Created remote folder: /home/kevin/test/lib/prompt_toolkit/formatted_text
2026-02-12 01:53:33,644 - INFO - Starting upload: lib/prompt_toolkit/formatted_text/utils.py -> /home/kevin/test/lib/prompt_toolkit/formatted_text/utils.py (3044 bytes)
2026-02-12 01:53:33,646 - DEBUG - [chan 0] open(b'/home/kevin/test/lib/prompt_toolkit/formatted_text/utils.py', 'wb')
2026-02-12 01:53:33,647 - DEBUG - [chan 0] open(b'/home/kevin/test/lib/prompt_toolkit/formatted_text/utils.py', 'wb') -> 00000000
2026-02-12 01:53:33,647 - DEBUG - Progress: 3044/3044 bytes
2026-02-12 01:53:33,647 - DEBUG - [chan 0] close(00000000)
2026-02-12 01:53:33,648 - DEBUG - [chan 0] stat(b'/home/kevin/test/lib/prompt_toolkit/formatted_text/utils.py')
2026-02-12 01:53:33,650 - INFO - Upload completed successfully: utils.py
2026-02-12 01:53:33,650 - INFO - Starting upload: lib/prompt_toolkit/formatted_text/pygments.py -> /home/kevin/test/lib/prompt_toolkit/formatted_text/pygments.py (780 bytes)
2026-02-12 01:53:33,652 - DEBUG - [chan 0] open(b'/home/kevin/test/lib/prompt_toolkit/formatted_text/pygments.py', 'wb')
2026-02-12 01:53:33,652 - DEBUG - [chan 0] open(b'/home/kevin/test/lib/prompt_toolkit/formatted_text/pygments.py', 'wb') -> 00000000
2026-02-12 01:53:33,652 - DEBUG - Progress: 780/780 bytes
2026-02-12 01:53:33,652 - DEBUG - [chan 0] close(00000000)
2026-02-12 01:53:33,653 - DEBUG - [chan 0] stat(b'/home/kevin/test/lib/prompt_toolkit/formatted_text/pygments.py')
2026-02-12 01:53:33,655 - INFO - Upload completed successfully: pygments.py
2026-02-12 01:53:33,655 - INFO - Starting upload: lib/prompt_toolkit/formatted_text/html.py -> /home/kevin/test/lib/prompt_toolkit/formatted_text/html.py (4374 bytes)
2026-02-12 01:53:33,656 - DEBUG - [chan 0] open(b'/home/kevin/test/lib/prompt_toolkit/formatted_text/html.py', 'wb')
2026-02-12 01:53:33,657 - DEBUG - [chan 0] open(b'/home/kevin/test/lib/prompt_toolkit/formatted_text/html.py', 'wb') -> 00000000
2026-02-12 01:53:33,658 - DEBUG - Progress: 4374/4374 bytes
2026-02-12 01:53:33,658 - DEBUG - [chan 0] close(00000000)
2026-02-12 01:53:33,659 - DEBUG - [chan 0] stat(b'/home/kevin/test/lib/prompt_toolkit/formatted_text/html.py')
2026-02-12 01:53:33,661 - INFO - Upload completed successfully: html.py
2026-02-12 01:53:33,661 - INFO - Starting upload: lib/prompt_toolkit/formatted_text/base.py -> /home/kevin/test/lib/prompt_toolkit/formatted_text/base.py (5162 bytes)
2026-02-12 01:53:33,662 - DEBUG - [chan 0] open(b'/home/kevin/test/lib/prompt_toolkit/formatted_text/base.py', 'wb')
2026-02-12 01:53:33,663 - DEBUG - [chan 0] open(b'/home/kevin/test/lib/prompt_toolkit/formatted_text/base.py', 'wb') -> 00000000
2026-02-12 01:53:33,663 - DEBUG - Progress: 5162/5162 bytes
2026-02-12 01:53:33,664 - DEBUG - [chan 0] close(00000000)
2026-02-12 01:53:33,665 - DEBUG - [chan 0] stat(b'/home/kevin/test/lib/prompt_toolkit/formatted_text/base.py')
2026-02-12 01:53:33,667 - INFO - Upload completed successfully: base.py
2026-02-12 01:53:33,667 - INFO - Starting upload: lib/prompt_toolkit/formatted_text/ansi.py -> /home/kevin/test/lib/prompt_toolkit/formatted_text/ansi.py (9824 bytes)
2026-02-12 01:53:33,669 - DEBUG - [chan 0] open(b'/home/kevin/test/lib/prompt_toolkit/formatted_text/ansi.py', 'wb')
2026-02-12 01:53:33,669 - DEBUG - [chan 0] open(b'/home/kevin/test/lib/prompt_toolkit/formatted_text/ansi.py', 'wb') -> 00000000
2026-02-12 01:53:33,670 - DEBUG - Progress: 9824/9824 bytes
2026-02-12 01:53:33,670 - DEBUG - [chan 0] close(00000000)
2026-02-12 01:53:33,672 - DEBUG - [chan 0] stat(b'/home/kevin/test/lib/prompt_toolkit/formatted_text/ansi.py')
2026-02-12 01:53:33,674 - INFO - Upload completed successfully: ansi.py
2026-02-12 01:53:33,674 - INFO - Starting upload: lib/prompt_toolkit/formatted_text/__init__.py -> /home/kevin/test/lib/prompt_toolkit/formatted_text/__init__.py (1509 bytes)
2026-02-12 01:53:33,675 - DEBUG - [chan 0] open(b'/home/kevin/test/lib/prompt_toolkit/formatted_text/__init__.py', 'wb')
2026-02-12 01:53:33,676 - DEBUG - [chan 0] open(b'/home/kevin/test/lib/prompt_toolkit/formatted_text/__init__.py', 'wb') -> 00000000
2026-02-12 01:53:33,676 - DEBUG - Progress: 1509/1509 bytes
2026-02-12 01:53:33,676 - DEBUG - [chan 0] close(00000000)
2026-02-12 01:53:33,677 - DEBUG - [chan 0] stat(b'/home/kevin/test/lib/prompt_toolkit/formatted_text/__init__.py')
2026-02-12 01:53:33,679 - INFO - Upload completed successfully: __init__.py
2026-02-12 01:53:33,679 - DEBUG - [chan 0] mkdir(b'/home/kevin/test/lib/prompt_toolkit/formatted_text/__pycache__', 511)
2026-02-12 01:53:33,680 - INFO - Created remote folder: /home/kevin/test/lib/prompt_toolkit/formatted_text/__pycache__
2026-02-12 01:53:33,680 - INFO - Starting upload: lib/prompt_toolkit/formatted_text/__pycache__/utils.cpython-314.pyc -> /home/kevin/test/lib/prompt_toolkit/formatted_text/__pycache__/utils.cpython-314.pyc (4696 bytes)
2026-02-12 01:53:33,682 - DEBUG - [chan 0] open(b'/home/kevin/test/lib/prompt_toolkit/formatted_text/__pycache__/utils.cpython-314.pyc', 'wb')
2026-02-12 01:53:33,683 - DEBUG - [chan 0] open(b'/home/kevin/test/lib/prompt_toolkit/formatted_text/__pycache__/utils.cpython-314.pyc', 'wb') -> 00000000
2026-02-12 01:53:33,683 - DEBUG - Progress: 4696/4696 bytes
2026-02-12 01:53:33,683 - DEBUG - [chan 0] close(00000000)
2026-02-12 01:53:33,685 - DEBUG - [chan 0] stat(b'/home/kevin/test/lib/prompt_toolkit/formatted_text/__pycache__/utils.cpython-314.pyc')
2026-02-12 01:53:33,686 - INFO - Upload completed successfully: utils.cpython-314.pyc
2026-02-12 01:53:33,687 - INFO - Starting upload: lib/prompt_toolkit/formatted_text/__pycache__/pygments.cpython-314.pyc -> /home/kevin/test/lib/prompt_toolkit/formatted_text/__pycache__/pygments.cpython-314.pyc (1749 bytes)
2026-02-12 01:53:33,689 - DEBUG - [chan 0] open(b'/home/kevin/test/lib/prompt_toolkit/formatted_text/__pycache__/pygments.cpython-314.pyc', 'wb')
2026-02-12 01:53:33,689 - DEBUG - [chan 0] open(b'/home/kevin/test/lib/prompt_toolkit/formatted_text/__pycache__/pygments.cpython-314.pyc', 'wb') -> 00000000
2026-02-12 01:53:33,690 - DEBUG - Progress: 1749/1749 bytes
2026-02-12 01:53:33,690 - DEBUG - [chan 0] close(00000000)
2026-02-12 01:53:33,691 - DEBUG - [chan 0] stat(b'/home/kevin/test/lib/prompt_toolkit/formatted_text/__pycache__/pygments.cpython-314.pyc')
2026-02-12 01:53:33,693 - INFO - Upload completed successfully: pygments.cpython-314.pyc
2026-02-12 01:53:33,693 - INFO - Starting upload: lib/prompt_toolkit/formatted_text/__pycache__/html.cpython-314.pyc -> /home/kevin/test/lib/prompt_toolkit/formatted_text/__pycache__/html.cpython-314.pyc (7488 bytes)
2026-02-12 01:53:33,694 - DEBUG - [chan 0] open(b'/home/kevin/test/lib/prompt_toolkit/formatted_text/__pycache__/html.cpython-314.pyc', 'wb')
2026-02-12 01:53:33,695 - DEBUG - [chan 0] open(b'/home/kevin/test/lib/prompt_toolkit/formatted_text/__pycache__/html.cpython-314.pyc', 'wb') -> 00000000
2026-02-12 01:53:33,695 - DEBUG - Progress: 7488/7488 bytes
2026-02-12 01:53:33,695 - DEBUG - [chan 0] close(00000000)
2026-02-12 01:53:33,698 - DEBUG - [chan 0] stat(b'/home/kevin/test/lib/prompt_toolkit/formatted_text/__pycache__/html.cpython-314.pyc')
2026-02-12 01:53:33,699 - INFO - Upload completed successfully: html.cpython-314.pyc
2026-02-12 01:53:33,700 - INFO - Starting upload: lib/prompt_toolkit/formatted_text/__pycache__/base.cpython-314.pyc -> /home/kevin/test/lib/prompt_toolkit/formatted_text/__pycache__/base.cpython-314.pyc (8152 bytes)
2026-02-12 01:53:33,701 - DEBUG - [chan 0] open(b'/home/kevin/test/lib/prompt_toolkit/formatted_text/__pycache__/base.cpython-314.pyc', 'wb')
2026-02-12 01:53:33,702 - DEBUG - [chan 0] open(b'/home/kevin/test/lib/prompt_toolkit/formatted_text/__pycache__/base.cpython-314.pyc', 'wb') -> 00000000
2026-02-12 01:53:33,702 - DEBUG - Progress: 8152/8152 bytes
2026-02-12 01:53:33,702 - DEBUG - [chan 0] close(00000000)
2026-02-12 01:53:33,704 - DEBUG - [chan 0] stat(b'/home/kevin/test/lib/prompt_toolkit/formatted_text/__pycache__/base.cpython-314.pyc')
2026-02-12 01:53:33,706 - INFO - Upload completed successfully: base.cpython-314.pyc
2026-02-12 01:53:33,706 - INFO - Starting upload: lib/prompt_toolkit/formatted_text/__pycache__/ansi.cpython-314.pyc -> /home/kevin/test/lib/prompt_toolkit/formatted_text/__pycache__/ansi.cpython-314.pyc (11612 bytes)
2026-02-12 01:53:33,708 - DEBUG - [chan 0] open(b'/home/kevin/test/lib/prompt_toolkit/formatted_text/__pycache__/ansi.cpython-314.pyc', 'wb')
2026-02-12 01:53:33,708 - DEBUG - [chan 0] open(b'/home/kevin/test/lib/prompt_toolkit/formatted_text/__pycache__/ansi.cpython-314.pyc', 'wb') -> 00000000
2026-02-12 01:53:33,708 - DEBUG - Progress: 11612/11612 bytes
2026-02-12 01:53:33,709 - DEBUG - [chan 0] close(00000000)
2026-02-12 01:53:33,710 - DEBUG - [chan 0] stat(b'/home/kevin/test/lib/prompt_toolkit/formatted_text/__pycache__/ansi.cpython-314.pyc')
2026-02-12 01:53:33,712 - INFO - Upload completed successfully: ansi.cpython-314.pyc
2026-02-12 01:53:33,712 - INFO - Starting upload: lib/prompt_toolkit/formatted_text/__pycache__/__init__.cpython-314.pyc -> /home/kevin/test/lib/prompt_toolkit/formatted_text/__pycache__/__init__.cpython-314.pyc (1489 bytes)
2026-02-12 01:53:33,714 - DEBUG - [chan 0] open(b'/home/kevin/test/lib/prompt_toolkit/formatted_text/__pycache__/__init__.cpython-314.pyc', 'wb')
2026-02-12 01:53:33,714 - DEBUG - [chan 0] open(b'/home/kevin/test/lib/prompt_toolkit/formatted_text/__pycache__/__init__.cpython-314.pyc', 'wb') -> 00000000
2026-02-12 01:53:33,714 - DEBUG - Progress: 1489/1489 bytes
2026-02-12 01:53:33,715 - DEBUG - [chan 0] close(00000000)
2026-02-12 01:53:33,715 - DEBUG - [chan 0] stat(b'/home/kevin/test/lib/prompt_toolkit/formatted_text/__pycache__/__init__.cpython-314.pyc')
2026-02-12 01:53:33,717 - INFO - Upload completed successfully: __init__.cpython-314.pyc
2026-02-12 01:53:33,717 - DEBUG - [chan 0] mkdir(b'/home/kevin/test/lib/prompt_toolkit/filters', 511)
2026-02-12 01:53:33,718 - INFO - Created remote folder: /home/kevin/test/lib/prompt_toolkit/filters
2026-02-12 01:53:33,718 - INFO - Starting upload: lib/prompt_toolkit/filters/utils.py -> /home/kevin/test/lib/prompt_toolkit/filters/utils.py (859 bytes)
2026-02-12 01:53:33,720 - DEBUG - [chan 0] open(b'/home/kevin/test/lib/prompt_toolkit/filters/utils.py', 'wb')
2026-02-12 01:53:33,720 - DEBUG - [chan 0] open(b'/home/kevin/test/lib/prompt_toolkit/filters/utils.py', 'wb') -> 00000000
2026-02-12 01:53:33,721 - DEBUG - Progress: 859/859 bytes
2026-02-12 01:53:33,721 - DEBUG - [chan 0] close(00000000)
2026-02-12 01:53:33,721 - DEBUG - [chan 0] stat(b'/home/kevin/test/lib/prompt_toolkit/filters/utils.py')
2026-02-12 01:53:33,723 - INFO - Upload completed successfully: utils.py
2026-02-12 01:53:33,723 - INFO - Starting upload: lib/prompt_toolkit/filters/cli.py -> /home/kevin/test/lib/prompt_toolkit/filters/cli.py (1867 bytes)
2026-02-12 01:53:33,724 - DEBUG - [chan 0] open(b'/home/kevin/test/lib/prompt_toolkit/filters/cli.py', 'wb')
2026-02-12 01:53:33,725 - DEBUG - [chan 0] open(b'/home/kevin/test/lib/prompt_toolkit/filters/cli.py', 'wb') -> 00000000
2026-02-12 01:53:33,725 - DEBUG - Progress: 1867/1867 bytes
2026-02-12 01:53:33,725 - DEBUG - [chan 0] close(00000000)
2026-02-12 01:53:33,726 - DEBUG - [chan 0] stat(b'/home/kevin/test/lib/prompt_toolkit/filters/cli.py')
2026-02-12 01:53:33,728 - INFO - Upload completed successfully: cli.py
2026-02-12 01:53:33,728 - INFO - Starting upload: lib/prompt_toolkit/filters/base.py -> /home/kevin/test/lib/prompt_toolkit/filters/base.py (6855 bytes)
2026-02-12 01:53:33,730 - DEBUG - [chan 0] open(b'/home/kevin/test/lib/prompt_toolkit/filters/base.py', 'wb')
2026-02-12 01:53:33,730 - DEBUG - [chan 0] open(b'/home/kevin/test/lib/prompt_toolkit/filters/base.py', 'wb') -> 00000000
2026-02-12 01:53:33,731 - DEBUG - Progress: 6855/6855 bytes
2026-02-12 01:53:33,731 - DEBUG - [chan 0] close(00000000)
2026-02-12 01:53:33,733 - DEBUG - [chan 0] stat(b'/home/kevin/test/lib/prompt_toolkit/filters/base.py')
2026-02-12 01:53:33,734 - INFO - Upload completed successfully: base.py
2026-02-12 01:53:33,734 - INFO - Starting upload: lib/prompt_toolkit/filters/app.py -> /home/kevin/test/lib/prompt_toolkit/filters/app.py (10374 bytes)
2026-02-12 01:53:33,736 - DEBUG - [chan 0] open(b'/home/kevin/test/lib/prompt_toolkit/filters/app.py', 'wb')
2026-02-12 01:53:33,736 - DEBUG - [chan 0] open(b'/home/kevin/test/lib/prompt_toolkit/filters/app.py', 'wb') -> 00000000
2026-02-12 01:53:33,737 - DEBUG - Progress: 10374/10374 bytes
2026-02-12 01:53:33,737 - DEBUG - [chan 0] close(00000000)
2026-02-12 01:53:33,739 - DEBUG - [chan 0] stat(b'/home/kevin/test/lib/prompt_toolkit/filters/app.py')
2026-02-12 01:53:33,740 - INFO - Upload completed successfully: app.py
2026-02-12 01:53:33,740 - INFO - Starting upload: lib/prompt_toolkit/filters/__init__.py -> /home/kevin/test/lib/prompt_toolkit/filters/__init__.py (1990 bytes)
2026-02-12 01:53:33,742 - DEBUG - [chan 0] open(b'/home/kevin/test/lib/prompt_toolkit/filters/__init__.py', 'wb')
2026-02-12 01:53:33,742 - DEBUG - [chan 0] open(b'/home/kevin/test/lib/prompt_toolkit/filters/__init__.py', 'wb') -> 00000000
2026-02-12 01:53:33,743 - DEBUG - Progress: 1990/1990 bytes
2026-02-12 01:53:33,743 - DEBUG - [chan 0] close(00000000)
2026-02-12 01:53:33,744 - DEBUG - [chan 0] stat(b'/home/kevin/test/lib/prompt_toolkit/filters/__init__.py')
2026-02-12 01:53:33,746 - INFO - Upload completed successfully: __init__.py
2026-02-12 01:53:33,746 - DEBUG - [chan 0] mkdir(b'/home/kevin/test/lib/prompt_toolkit/filters/__pycache__', 511)
2026-02-12 01:53:33,747 - INFO - Created remote folder: /home/kevin/test/lib/prompt_toolkit/filters/__pycache__
2026-02-12 01:53:33,747 - INFO - Starting upload: lib/prompt_toolkit/filters/__pycache__/utils.cpython-314.pyc -> /home/kevin/test/lib/prompt_toolkit/filters/__pycache__/utils.cpython-314.pyc (1652 bytes)
2026-02-12 01:53:33,748 - DEBUG - [chan 0] open(b'/home/kevin/test/lib/prompt_toolkit/filters/__pycache__/utils.cpython-314.pyc', 'wb')
2026-02-12 01:53:33,749 - DEBUG - [chan 0] open(b'/home/kevin/test/lib/prompt_toolkit/filters/__pycache__/utils.cpython-314.pyc', 'wb') -> 00000000
2026-02-12 01:53:33,749 - DEBUG - Progress: 1652/1652 bytes
2026-02-12 01:53:33,749 - DEBUG - [chan 0] close(00000000)
2026-02-12 01:53:33,750 - DEBUG - [chan 0] stat(b'/home/kevin/test/lib/prompt_toolkit/filters/__pycache__/utils.cpython-314.pyc')
2026-02-12 01:53:33,751 - INFO - Upload completed successfully: utils.cpython-314.pyc
2026-02-12 01:53:33,752 - INFO - Starting upload: lib/prompt_toolkit/filters/__pycache__/cli.cpython-314.pyc -> /home/kevin/test/lib/prompt_toolkit/filters/__pycache__/cli.cpython-314.pyc (3655 bytes)
2026-02-12 01:53:33,755 - DEBUG - [chan 0] open(b'/home/kevin/test/lib/prompt_toolkit/filters/__pycache__/cli.cpython-314.pyc', 'wb')
2026-02-12 01:53:33,756 - DEBUG - [chan 0] open(b'/home/kevin/test/lib/prompt_toolkit/filters/__pycache__/cli.cpython-314.pyc', 'wb') -> 00000000
2026-02-12 01:53:33,756 - DEBUG - Progress: 3655/3655 bytes
2026-02-12 01:53:33,756 - DEBUG - [chan 0] close(00000000)
2026-02-12 01:53:33,757 - DEBUG - [chan 0] stat(b'/home/kevin/test/lib/prompt_toolkit/filters/__pycache__/cli.cpython-314.pyc')
2026-02-12 01:53:33,760 - INFO - Upload completed successfully: cli.cpython-314.pyc
2026-02-12 01:53:33,760 - INFO - Starting upload: lib/prompt_toolkit/filters/__pycache__/base.cpython-314.pyc -> /home/kevin/test/lib/prompt_toolkit/filters/__pycache__/base.cpython-314.pyc (14996 bytes)
2026-02-12 01:53:33,761 - DEBUG - [chan 0] open(b'/home/kevin/test/lib/prompt_toolkit/filters/__pycache__/base.cpython-314.pyc', 'wb')
2026-02-12 01:53:33,762 - DEBUG - [chan 0] open(b'/home/kevin/test/lib/prompt_toolkit/filters/__pycache__/base.cpython-314.pyc', 'wb') -> 00000000
2026-02-12 01:53:33,762 - DEBUG - Progress: 14996/14996 bytes
2026-02-12 01:53:33,762 - DEBUG - [chan 0] close(00000000)
2026-02-12 01:53:33,766 - DEBUG - [chan 0] stat(b'/home/kevin/test/lib/prompt_toolkit/filters/__pycache__/base.cpython-314.pyc')
2026-02-12 01:53:33,768 - INFO - Upload completed successfully: base.cpython-314.pyc
2026-02-12 01:53:33,768 - INFO - Starting upload: lib/prompt_toolkit/filters/__pycache__/app.cpython-314.pyc -> /home/kevin/test/lib/prompt_toolkit/filters/__pycache__/app.cpython-314.pyc (21184 bytes)
2026-02-12 01:53:33,770 - DEBUG - [chan 0] open(b'/home/kevin/test/lib/prompt_toolkit/filters/__pycache__/app.cpython-314.pyc', 'wb')
2026-02-12 01:53:33,770 - DEBUG - [chan 0] open(b'/home/kevin/test/lib/prompt_toolkit/filters/__pycache__/app.cpython-314.pyc', 'wb') -> 00000000
2026-02-12 01:53:33,770 - DEBUG - Progress: 21184/21184 bytes
2026-02-12 01:53:33,771 - DEBUG - [chan 0] close(00000000)
2026-02-12 01:53:33,774 - DEBUG - [chan 0] stat(b'/home/kevin/test/lib/prompt_toolkit/filters/__pycache__/app.cpython-314.pyc')
2026-02-12 01:53:33,775 - INFO - Upload completed successfully: app.cpython-314.pyc
2026-02-12 01:53:33,775 - INFO - Starting upload: lib/prompt_toolkit/filters/__pycache__/__init__.cpython-314.pyc -> /home/kevin/test/lib/prompt_toolkit/filters/__pycache__/__init__.cpython-314.pyc (2520 bytes)
2026-02-12 01:53:33,778 - DEBUG - [chan 0] open(b'/home/kevin/test/lib/prompt_toolkit/filters/__pycache__/__init__.cpython-314.pyc', 'wb')
2026-02-12 01:53:33,779 - DEBUG - [chan 0] open(b'/home/kevin/test/lib/prompt_toolkit/filters/__pycache__/__init__.cpython-314.pyc', 'wb') -> 00000000
2026-02-12 01:53:33,779 - DEBUG - Progress: 2520/2520 bytes
2026-02-12 01:53:33,780 - DEBUG - [chan 0] close(00000000)
2026-02-12 01:53:33,781 - DEBUG - [chan 0] stat(b'/home/kevin/test/lib/prompt_toolkit/filters/__pycache__/__init__.cpython-314.pyc')
2026-02-12 01:53:33,784 - INFO - Upload completed successfully: __init__.cpython-314.pyc
2026-02-12 01:53:33,784 - DEBUG - [chan 0] mkdir(b'/home/kevin/test/lib/prompt_toolkit/eventloop', 511)
2026-02-12 01:53:33,784 - INFO - Created remote folder: /home/kevin/test/lib/prompt_toolkit/eventloop
2026-02-12 01:53:33,785 - INFO - Starting upload: lib/prompt_toolkit/eventloop/win32.py -> /home/kevin/test/lib/prompt_toolkit/eventloop/win32.py (2286 bytes)
2026-02-12 01:53:33,788 - DEBUG - [chan 0] open(b'/home/kevin/test/lib/prompt_toolkit/eventloop/win32.py', 'wb')
2026-02-12 01:53:33,789 - DEBUG - [chan 0] open(b'/home/kevin/test/lib/prompt_toolkit/eventloop/win32.py', 'wb') -> 00000000
2026-02-12 01:53:33,789 - DEBUG - Progress: 2286/2286 bytes
2026-02-12 01:53:33,790 - DEBUG - [chan 0] close(00000000)
2026-02-12 01:53:33,791 - DEBUG - [chan 0] stat(b'/home/kevin/test/lib/prompt_toolkit/eventloop/win32.py')
2026-02-12 01:53:33,795 - INFO - Upload completed successfully: win32.py
2026-02-12 01:53:33,795 - INFO - Starting upload: lib/prompt_toolkit/eventloop/utils.py -> /home/kevin/test/lib/prompt_toolkit/eventloop/utils.py (3200 bytes)
2026-02-12 01:53:33,798 - DEBUG - [chan 0] open(b'/home/kevin/test/lib/prompt_toolkit/eventloop/utils.py', 'wb')
2026-02-12 01:53:33,799 - DEBUG - [chan 0] open(b'/home/kevin/test/lib/prompt_toolkit/eventloop/utils.py', 'wb') -> 00000000
2026-02-12 01:53:33,799 - DEBUG - Progress: 3200/3200 bytes
2026-02-12 01:53:33,799 - DEBUG - [chan 0] close(00000000)
2026-02-12 01:53:33,800 - DEBUG - [chan 0] stat(b'/home/kevin/test/lib/prompt_toolkit/eventloop/utils.py')
2026-02-12 01:53:33,802 - INFO - Upload completed successfully: utils.py
2026-02-12 01:53:33,802 - INFO - Starting upload: lib/prompt_toolkit/eventloop/inputhook.py -> /home/kevin/test/lib/prompt_toolkit/eventloop/inputhook.py (6130 bytes)
2026-02-12 01:53:33,803 - DEBUG - [chan 0] open(b'/home/kevin/test/lib/prompt_toolkit/eventloop/inputhook.py', 'wb')
2026-02-12 01:53:33,804 - DEBUG - [chan 0] open(b'/home/kevin/test/lib/prompt_toolkit/eventloop/inputhook.py', 'wb') -> 00000000
2026-02-12 01:53:33,804 - DEBUG - Progress: 6130/6130 bytes
2026-02-12 01:53:33,805 - DEBUG - [chan 0] close(00000000)
2026-02-12 01:53:33,806 - DEBUG - [chan 0] stat(b'/home/kevin/test/lib/prompt_toolkit/eventloop/inputhook.py')
2026-02-12 01:53:33,807 - INFO - Upload completed successfully: inputhook.py
2026-02-12 01:53:33,808 - INFO - Starting upload: lib/prompt_toolkit/eventloop/async_generator.py -> /home/kevin/test/lib/prompt_toolkit/eventloop/async_generator.py (3933 bytes)
2026-02-12 01:53:33,809 - DEBUG - [chan 0] open(b'/home/kevin/test/lib/prompt_toolkit/eventloop/async_generator.py', 'wb')
2026-02-12 01:53:33,810 - DEBUG - [chan 0] open(b'/home/kevin/test/lib/prompt_toolkit/eventloop/async_generator.py', 'wb') -> 00000000
2026-02-12 01:53:33,810 - DEBUG - Progress: 3933/3933 bytes
2026-02-12 01:53:33,810 - DEBUG - [chan 0] close(00000000)
2026-02-12 01:53:33,811 - DEBUG - [chan 0] stat(b'/home/kevin/test/lib/prompt_toolkit/eventloop/async_generator.py')
2026-02-12 01:53:33,813 - INFO - Upload completed successfully: async_generator.py
2026-02-12 01:53:33,813 - INFO - Starting upload: lib/prompt_toolkit/eventloop/__init__.py -> /home/kevin/test/lib/prompt_toolkit/eventloop/__init__.py (730 bytes)
2026-02-12 01:53:33,814 - DEBUG - [chan 0] open(b'/home/kevin/test/lib/prompt_toolkit/eventloop/__init__.py', 'wb')
2026-02-12 01:53:33,815 - DEBUG - [chan 0] open(b'/home/kevin/test/lib/prompt_toolkit/eventloop/__init__.py', 'wb') -> 00000000
2026-02-12 01:53:33,815 - DEBUG - Progress: 730/730 bytes
2026-02-12 01:53:33,815 - DEBUG - [chan 0] close(00000000)
2026-02-12 01:53:33,816 - DEBUG - [chan 0] stat(b'/home/kevin/test/lib/prompt_toolkit/eventloop/__init__.py')
2026-02-12 01:53:33,817 - INFO - Upload completed successfully: __init__.py
2026-02-12 01:53:33,817 - DEBUG - [chan 0] mkdir(b'/home/kevin/test/lib/prompt_toolkit/eventloop/__pycache__', 511)
2026-02-12 01:53:33,818 - INFO - Created remote folder: /home/kevin/test/lib/prompt_toolkit/eventloop/__pycache__
2026-02-12 01:53:33,818 - INFO - Starting upload: lib/prompt_toolkit/eventloop/__pycache__/win32.cpython-314.pyc -> /home/kevin/test/lib/prompt_toolkit/eventloop/__pycache__/win32.cpython-314.pyc (2945 bytes)
2026-02-12 01:53:33,820 - DEBUG - [chan 0] open(b'/home/kevin/test/lib/prompt_toolkit/eventloop/__pycache__/win32.cpython-314.pyc', 'wb')
2026-02-12 01:53:33,820 - DEBUG - [chan 0] open(b'/home/kevin/test/lib/prompt_toolkit/eventloop/__pycache__/win32.cpython-314.pyc', 'wb') -> 00000000
2026-02-12 01:53:33,820 - DEBUG - Progress: 2945/2945 bytes
2026-02-12 01:53:33,820 - DEBUG - [chan 0] close(00000000)
2026-02-12 01:53:33,822 - DEBUG - [chan 0] stat(b'/home/kevin/test/lib/prompt_toolkit/eventloop/__pycache__/win32.cpython-314.pyc')
2026-02-12 01:53:33,824 - INFO - Upload completed successfully: win32.cpython-314.pyc
2026-02-12 01:53:33,824 - INFO - Starting upload: lib/prompt_toolkit/eventloop/__pycache__/utils.cpython-314.pyc -> /home/kevin/test/lib/prompt_toolkit/eventloop/__pycache__/utils.cpython-314.pyc (4178 bytes)
2026-02-12 01:53:33,825 - DEBUG - [chan 0] open(b'/home/kevin/test/lib/prompt_toolkit/eventloop/__pycache__/utils.cpython-314.pyc', 'wb')
2026-02-12 01:53:33,826 - DEBUG - [chan 0] open(b'/home/kevin/test/lib/prompt_toolkit/eventloop/__pycache__/utils.cpython-314.pyc', 'wb') -> 00000000
2026-02-12 01:53:33,826 - DEBUG - Progress: 4178/4178 bytes
2026-02-12 01:53:33,826 - DEBUG - [chan 0] close(00000000)
2026-02-12 01:53:33,827 - DEBUG - [chan 0] stat(b'/home/kevin/test/lib/prompt_toolkit/eventloop/__pycache__/utils.cpython-314.pyc')
2026-02-12 01:53:33,829 - INFO - Upload completed successfully: utils.cpython-314.pyc
2026-02-12 01:53:33,829 - INFO - Starting upload: lib/prompt_toolkit/eventloop/__pycache__/inputhook.cpython-314.pyc -> /home/kevin/test/lib/prompt_toolkit/eventloop/__pycache__/inputhook.cpython-314.pyc (9443 bytes)
2026-02-12 01:53:33,830 - DEBUG - [chan 0] open(b'/home/kevin/test/lib/prompt_toolkit/eventloop/__pycache__/inputhook.cpython-314.pyc', 'wb')
2026-02-12 01:53:33,831 - DEBUG - [chan 0] open(b'/home/kevin/test/lib/prompt_toolkit/eventloop/__pycache__/inputhook.cpython-314.pyc', 'wb') -> 00000000
2026-02-12 01:53:33,831 - DEBUG - Progress: 9443/9443 bytes
2026-02-12 01:53:33,831 - DEBUG - [chan 0] close(00000000)
2026-02-12 01:53:33,833 - DEBUG - [chan 0] stat(b'/home/kevin/test/lib/prompt_toolkit/eventloop/__pycache__/inputhook.cpython-314.pyc')
2026-02-12 01:53:33,835 - INFO - Upload completed successfully: inputhook.cpython-314.pyc
2026-02-12 01:53:33,835 - INFO - Starting upload: lib/prompt_toolkit/eventloop/__pycache__/async_generator.cpython-314.pyc -> /home/kevin/test/lib/prompt_toolkit/eventloop/__pycache__/async_generator.cpython-314.pyc (4847 bytes)
2026-02-12 01:53:33,837 - DEBUG - [chan 0] open(b'/home/kevin/test/lib/prompt_toolkit/eventloop/__pycache__/async_generator.cpython-314.pyc', 'wb')
2026-02-12 01:53:33,837 - DEBUG - [chan 0] open(b'/home/kevin/test/lib/prompt_toolkit/eventloop/__pycache__/async_generator.cpython-314.pyc', 'wb') -> 00000000
2026-02-12 01:53:33,837 - DEBUG - Progress: 4847/4847 bytes
2026-02-12 01:53:33,838 - DEBUG - [chan 0] close(00000000)
2026-02-12 01:53:33,839 - DEBUG - [chan 0] stat(b'/home/kevin/test/lib/prompt_toolkit/eventloop/__pycache__/async_generator.cpython-314.pyc')
2026-02-12 01:53:33,841 - INFO - Upload completed successfully: async_generator.cpython-314.pyc
2026-02-12 01:53:33,841 - INFO - Starting upload: lib/prompt_toolkit/eventloop/__pycache__/__init__.cpython-314.pyc -> /home/kevin/test/lib/prompt_toolkit/eventloop/__pycache__/__init__.cpython-314.pyc (702 bytes)
2026-02-12 01:53:33,842 - DEBUG - [chan 0] open(b'/home/kevin/test/lib/prompt_toolkit/eventloop/__pycache__/__init__.cpython-314.pyc', 'wb')
2026-02-12 01:53:33,843 - DEBUG - [chan 0] open(b'/home/kevin/test/lib/prompt_toolkit/eventloop/__pycache__/__init__.cpython-314.pyc', 'wb') -> 00000000
2026-02-12 01:53:33,843 - DEBUG - Progress: 702/702 bytes
2026-02-12 01:53:33,843 - DEBUG - [chan 0] close(00000000)
2026-02-12 01:53:33,844 - DEBUG - [chan 0] stat(b'/home/kevin/test/lib/prompt_toolkit/eventloop/__pycache__/__init__.cpython-314.pyc')
2026-02-12 01:53:33,845 - INFO - Upload completed successfully: __init__.cpython-314.pyc
2026-02-12 01:53:33,845 - DEBUG - [chan 0] mkdir(b'/home/kevin/test/lib/prompt_toolkit/contrib', 511)
2026-02-12 01:53:33,846 - INFO - Created remote folder: /home/kevin/test/lib/prompt_toolkit/contrib
2026-02-12 01:53:33,846 - INFO - Starting upload: lib/prompt_toolkit/contrib/__init__.py -> /home/kevin/test/lib/prompt_toolkit/contrib/__init__.py (0 bytes)
2026-02-12 01:53:33,848 - DEBUG - [chan 0] open(b'/home/kevin/test/lib/prompt_toolkit/contrib/__init__.py', 'wb')
2026-02-12 01:53:33,848 - DEBUG - [chan 0] open(b'/home/kevin/test/lib/prompt_toolkit/contrib/__init__.py', 'wb') -> 00000000
2026-02-12 01:53:33,849 - DEBUG - [chan 0] close(00000000)
2026-02-12 01:53:33,849 - DEBUG - [chan 0] stat(b'/home/kevin/test/lib/prompt_toolkit/contrib/__init__.py')
2026-02-12 01:53:33,850 - INFO - Upload completed successfully: __init__.py
2026-02-12 01:53:33,851 - DEBUG - [chan 0] mkdir(b'/home/kevin/test/lib/prompt_toolkit/contrib/__pycache__', 511)
2026-02-12 01:53:33,851 - INFO - Created remote folder: /home/kevin/test/lib/prompt_toolkit/contrib/__pycache__
2026-02-12 01:53:33,851 - INFO - Starting upload: lib/prompt_toolkit/contrib/__pycache__/__init__.cpython-314.pyc -> /home/kevin/test/lib/prompt_toolkit/contrib/__pycache__/__init__.cpython-314.pyc (169 bytes)
2026-02-12 01:53:33,853 - DEBUG - [chan 0] open(b'/home/kevin/test/lib/prompt_toolkit/contrib/__pycache__/__init__.cpython-314.pyc', 'wb')
2026-02-12 01:53:33,853 - DEBUG - [chan 0] open(b'/home/kevin/test/lib/prompt_toolkit/contrib/__pycache__/__init__.cpython-314.pyc', 'wb') -> 00000000
2026-02-12 01:53:33,853 - DEBUG - Progress: 169/169 bytes
2026-02-12 01:53:33,853 - DEBUG - [chan 0] close(00000000)
2026-02-12 01:53:33,854 - DEBUG - [chan 0] stat(b'/home/kevin/test/lib/prompt_toolkit/contrib/__pycache__/__init__.cpython-314.pyc')
2026-02-12 01:53:33,855 - INFO - Upload completed successfully: __init__.cpython-314.pyc
2026-02-12 01:53:33,855 - DEBUG - [chan 0] mkdir(b'/home/kevin/test/lib/prompt_toolkit/contrib/telnet', 511)
2026-02-12 01:53:33,856 - INFO - Created remote folder: /home/kevin/test/lib/prompt_toolkit/contrib/telnet
2026-02-12 01:53:33,856 - INFO - Starting upload: lib/prompt_toolkit/contrib/telnet/server.py -> /home/kevin/test/lib/prompt_toolkit/contrib/telnet/server.py (13461 bytes)
2026-02-12 01:53:33,858 - DEBUG - [chan 0] open(b'/home/kevin/test/lib/prompt_toolkit/contrib/telnet/server.py', 'wb')
2026-02-12 01:53:33,858 - DEBUG - [chan 0] open(b'/home/kevin/test/lib/prompt_toolkit/contrib/telnet/server.py', 'wb') -> 00000000
2026-02-12 01:53:33,859 - DEBUG - Progress: 13461/13461 bytes
2026-02-12 01:53:33,859 - DEBUG - [chan 0] close(00000000)
2026-02-12 01:53:33,861 - DEBUG - [chan 0] stat(b'/home/kevin/test/lib/prompt_toolkit/contrib/telnet/server.py')
2026-02-12 01:53:33,863 - INFO - Upload completed successfully: server.py
2026-02-12 01:53:33,863 - INFO - Starting upload: lib/prompt_toolkit/contrib/telnet/protocol.py -> /home/kevin/test/lib/prompt_toolkit/contrib/telnet/protocol.py (5584 bytes)
2026-02-12 01:53:33,864 - DEBUG - [chan 0] open(b'/home/kevin/test/lib/prompt_toolkit/contrib/telnet/protocol.py', 'wb')
2026-02-12 01:53:33,865 - DEBUG - [chan 0] open(b'/home/kevin/test/lib/prompt_toolkit/contrib/telnet/protocol.py', 'wb') -> 00000000
2026-02-12 01:53:33,865 - DEBUG - Progress: 5584/5584 bytes
2026-02-12 01:53:33,865 - DEBUG - [chan 0] close(00000000)
2026-02-12 01:53:33,866 - DEBUG - [chan 0] stat(b'/home/kevin/test/lib/prompt_toolkit/contrib/telnet/protocol.py')
2026-02-12 01:53:33,868 - INFO - Upload completed successfully: protocol.py
2026-02-12 01:53:33,868 - INFO - Starting upload: lib/prompt_toolkit/contrib/telnet/log.py -> /home/kevin/test/lib/prompt_toolkit/contrib/telnet/log.py (167 bytes)
2026-02-12 01:53:33,870 - DEBUG - [chan 0] open(b'/home/kevin/test/lib/prompt_toolkit/contrib/telnet/log.py', 'wb')
2026-02-12 01:53:33,870 - DEBUG - [chan 0] open(b'/home/kevin/test/lib/prompt_toolkit/contrib/telnet/log.py', 'wb') -> 00000000
2026-02-12 01:53:33,871 - DEBUG - Progress: 167/167 bytes
2026-02-12 01:53:33,871 - DEBUG - [chan 0] close(00000000)
2026-02-12 01:53:33,871 - DEBUG - [chan 0] stat(b'/home/kevin/test/lib/prompt_toolkit/contrib/telnet/log.py')
2026-02-12 01:53:33,873 - INFO - Upload completed successfully: log.py
2026-02-12 01:53:33,873 - INFO - Starting upload: lib/prompt_toolkit/contrib/telnet/__init__.py -> /home/kevin/test/lib/prompt_toolkit/contrib/telnet/__init__.py (104 bytes)
2026-02-12 01:53:33,876 - DEBUG - [chan 0] open(b'/home/kevin/test/lib/prompt_toolkit/contrib/telnet/__init__.py', 'wb')
2026-02-12 01:53:33,877 - DEBUG - [chan 0] open(b'/home/kevin/test/lib/prompt_toolkit/contrib/telnet/__init__.py', 'wb') -> 00000000
2026-02-12 01:53:33,877 - DEBUG - Progress: 104/104 bytes
2026-02-12 01:53:33,877 - DEBUG - [chan 0] close(00000000)
2026-02-12 01:53:33,878 - DEBUG - [chan 0] stat(b'/home/kevin/test/lib/prompt_toolkit/contrib/telnet/__init__.py')
2026-02-12 01:53:33,880 - INFO - Upload completed successfully: __init__.py
2026-02-12 01:53:33,880 - DEBUG - [chan 0] mkdir(b'/home/kevin/test/lib/prompt_toolkit/contrib/telnet/__pycache__', 511)
2026-02-12 01:53:33,881 - INFO - Created remote folder: /home/kevin/test/lib/prompt_toolkit/contrib/telnet/__pycache__
2026-02-12 01:53:33,881 - INFO - Starting upload: lib/prompt_toolkit/contrib/telnet/__pycache__/server.cpython-314.pyc -> /home/kevin/test/lib/prompt_toolkit/contrib/telnet/__pycache__/server.cpython-314.pyc (25007 bytes)
2026-02-12 01:53:33,883 - DEBUG - [chan 0] open(b'/home/kevin/test/lib/prompt_toolkit/contrib/telnet/__pycache__/server.cpython-314.pyc', 'wb')
2026-02-12 01:53:33,883 - DEBUG - [chan 0] open(b'/home/kevin/test/lib/prompt_toolkit/contrib/telnet/__pycache__/server.cpython-314.pyc', 'wb') -> 00000000
2026-02-12 01:53:33,884 - DEBUG - Progress: 25007/25007 bytes
2026-02-12 01:53:33,884 - DEBUG - [chan 0] close(00000000)
2026-02-12 01:53:33,887 - DEBUG - [chan 0] stat(b'/home/kevin/test/lib/prompt_toolkit/contrib/telnet/__pycache__/server.cpython-314.pyc')
2026-02-12 01:53:33,889 - INFO - Upload completed successfully: server.cpython-314.pyc
2026-02-12 01:53:33,889 - INFO - Starting upload: lib/prompt_toolkit/contrib/telnet/__pycache__/protocol.cpython-314.pyc -> /home/kevin/test/lib/prompt_toolkit/contrib/telnet/__pycache__/protocol.cpython-314.pyc (9403 bytes)
2026-02-12 01:53:33,891 - DEBUG - [chan 0] open(b'/home/kevin/test/lib/prompt_toolkit/contrib/telnet/__pycache__/protocol.cpython-314.pyc', 'wb')
2026-02-12 01:53:33,892 - DEBUG - [chan 0] open(b'/home/kevin/test/lib/prompt_toolkit/contrib/telnet/__pycache__/protocol.cpython-314.pyc', 'wb') -> 00000000
2026-02-12 01:53:33,892 - DEBUG - Progress: 9403/9403 bytes
2026-02-12 01:53:33,892 - DEBUG - [chan 0] close(00000000)
2026-02-12 01:53:33,894 - DEBUG - [chan 0] stat(b'/home/kevin/test/lib/prompt_toolkit/contrib/telnet/__pycache__/protocol.cpython-314.pyc')
2026-02-12 01:53:33,896 - INFO - Upload completed successfully: protocol.cpython-314.pyc
2026-02-12 01:53:33,896 - INFO - Starting upload: lib/prompt_toolkit/contrib/telnet/__pycache__/log.cpython-314.pyc -> /home/kevin/test/lib/prompt_toolkit/contrib/telnet/__pycache__/log.cpython-314.pyc (411 bytes)
2026-02-12 01:53:33,899 - DEBUG - [chan 0] open(b'/home/kevin/test/lib/prompt_toolkit/contrib/telnet/__pycache__/log.cpython-314.pyc', 'wb')
2026-02-12 01:53:33,899 - DEBUG - [chan 0] open(b'/home/kevin/test/lib/prompt_toolkit/contrib/telnet/__pycache__/log.cpython-314.pyc', 'wb') -> 00000000
2026-02-12 01:53:33,900 - DEBUG - Progress: 411/411 bytes
2026-02-12 01:53:33,900 - DEBUG - [chan 0] close(00000000)
2026-02-12 01:53:33,901 - DEBUG - [chan 0] stat(b'/home/kevin/test/lib/prompt_toolkit/contrib/telnet/__pycache__/log.cpython-314.pyc')
2026-02-12 01:53:33,903 - INFO - Upload completed successfully: log.cpython-314.pyc
2026-02-12 01:53:33,903 - INFO - Starting upload: lib/prompt_toolkit/contrib/telnet/__pycache__/__init__.cpython-314.pyc -> /home/kevin/test/lib/prompt_toolkit/contrib/telnet/__pycache__/__init__.cpython-314.pyc (301 bytes)
2026-02-12 01:53:33,905 - DEBUG - [chan 0] open(b'/home/kevin/test/lib/prompt_toolkit/contrib/telnet/__pycache__/__init__.cpython-314.pyc', 'wb')
2026-02-12 01:53:33,906 - DEBUG - [chan 0] open(b'/home/kevin/test/lib/prompt_toolkit/contrib/telnet/__pycache__/__init__.cpython-314.pyc', 'wb') -> 00000000
2026-02-12 01:53:33,906 - DEBUG - Progress: 301/301 bytes
2026-02-12 01:53:33,906 - DEBUG - [chan 0] close(00000000)
2026-02-12 01:53:33,906 - DEBUG - [chan 0] stat(b'/home/kevin/test/lib/prompt_toolkit/contrib/telnet/__pycache__/__init__.cpython-314.pyc')
2026-02-12 01:53:33,908 - INFO - Upload completed successfully: __init__.cpython-314.pyc
2026-02-12 01:53:33,908 - DEBUG - [chan 0] mkdir(b'/home/kevin/test/lib/prompt_toolkit/contrib/ssh', 511)
2026-02-12 01:53:33,909 - INFO - Created remote folder: /home/kevin/test/lib/prompt_toolkit/contrib/ssh
2026-02-12 01:53:33,909 - INFO - Starting upload: lib/prompt_toolkit/contrib/ssh/server.py -> /home/kevin/test/lib/prompt_toolkit/contrib/ssh/server.py (6130 bytes)
2026-02-12 01:53:33,910 - DEBUG - [chan 0] open(b'/home/kevin/test/lib/prompt_toolkit/contrib/ssh/server.py', 'wb')
2026-02-12 01:53:33,911 - DEBUG - [chan 0] open(b'/home/kevin/test/lib/prompt_toolkit/contrib/ssh/server.py', 'wb') -> 00000000
2026-02-12 01:53:33,911 - DEBUG - Progress: 6130/6130 bytes
2026-02-12 01:53:33,911 - DEBUG - [chan 0] close(00000000)
2026-02-12 01:53:33,912 - DEBUG - [chan 0] stat(b'/home/kevin/test/lib/prompt_toolkit/contrib/ssh/server.py')
2026-02-12 01:53:33,914 - INFO - Upload completed successfully: server.py
2026-02-12 01:53:33,914 - INFO - Starting upload: lib/prompt_toolkit/contrib/ssh/__init__.py -> /home/kevin/test/lib/prompt_toolkit/contrib/ssh/__init__.py (180 bytes)
2026-02-12 01:53:33,916 - DEBUG - [chan 0] open(b'/home/kevin/test/lib/prompt_toolkit/contrib/ssh/__init__.py', 'wb')
2026-02-12 01:53:33,916 - DEBUG - [chan 0] open(b'/home/kevin/test/lib/prompt_toolkit/contrib/ssh/__init__.py', 'wb') -> 00000000
2026-02-12 01:53:33,917 - DEBUG - Progress: 180/180 bytes
2026-02-12 01:53:33,917 - DEBUG - [chan 0] close(00000000)
2026-02-12 01:53:33,917 - DEBUG - [chan 0] stat(b'/home/kevin/test/lib/prompt_toolkit/contrib/ssh/__init__.py')
2026-02-12 01:53:33,919 - INFO - Upload completed successfully: __init__.py
2026-02-12 01:53:33,919 - DEBUG - [chan 0] mkdir(b'/home/kevin/test/lib/prompt_toolkit/contrib/ssh/__pycache__', 511)
2026-02-12 01:53:33,919 - INFO - Created remote folder: /home/kevin/test/lib/prompt_toolkit/contrib/ssh/__pycache__
2026-02-12 01:53:33,919 - INFO - Starting upload: lib/prompt_toolkit/contrib/ssh/__pycache__/server.cpython-314.pyc -> /home/kevin/test/lib/prompt_toolkit/contrib/ssh/__pycache__/server.cpython-314.pyc (11405 bytes)
2026-02-12 01:53:33,921 - DEBUG - [chan 0] open(b'/home/kevin/test/lib/prompt_toolkit/contrib/ssh/__pycache__/server.cpython-314.pyc', 'wb')
2026-02-12 01:53:33,921 - DEBUG - [chan 0] open(b'/home/kevin/test/lib/prompt_toolkit/contrib/ssh/__pycache__/server.cpython-314.pyc', 'wb') -> 00000000
2026-02-12 01:53:33,922 - DEBUG - Progress: 11405/11405 bytes
2026-02-12 01:53:33,922 - DEBUG - [chan 0] close(00000000)
2026-02-12 01:53:33,924 - DEBUG - [chan 0] stat(b'/home/kevin/test/lib/prompt_toolkit/contrib/ssh/__pycache__/server.cpython-314.pyc')
2026-02-12 01:53:33,926 - INFO - Upload completed successfully: server.cpython-314.pyc
2026-02-12 01:53:33,926 - INFO - Starting upload: lib/prompt_toolkit/contrib/ssh/__pycache__/__init__.cpython-314.pyc -> /home/kevin/test/lib/prompt_toolkit/contrib/ssh/__pycache__/__init__.cpython-314.pyc (352 bytes)
2026-02-12 01:53:33,928 - DEBUG - [chan 0] open(b'/home/kevin/test/lib/prompt_toolkit/contrib/ssh/__pycache__/__init__.cpython-314.pyc', 'wb')
2026-02-12 01:53:33,928 - DEBUG - [chan 0] open(b'/home/kevin/test/lib/prompt_toolkit/contrib/ssh/__pycache__/__init__.cpython-314.pyc', 'wb') -> 00000000
2026-02-12 01:53:33,928 - DEBUG - Progress: 352/352 bytes
2026-02-12 01:53:33,929 - DEBUG - [chan 0] close(00000000)
2026-02-12 01:53:33,929 - DEBUG - [chan 0] stat(b'/home/kevin/test/lib/prompt_toolkit/contrib/ssh/__pycache__/__init__.cpython-314.pyc')
2026-02-12 01:53:33,931 - INFO - Upload completed successfully: __init__.cpython-314.pyc
2026-02-12 01:53:33,931 - DEBUG - [chan 0] mkdir(b'/home/kevin/test/lib/prompt_toolkit/contrib/regular_languages', 511)
2026-02-12 01:53:33,932 - INFO - Created remote folder: /home/kevin/test/lib/prompt_toolkit/contrib/regular_languages
2026-02-12 01:53:33,932 - INFO - Starting upload: lib/prompt_toolkit/contrib/regular_languages/validation.py -> /home/kevin/test/lib/prompt_toolkit/contrib/regular_languages/validation.py (2059 bytes)
2026-02-12 01:53:33,933 - DEBUG - [chan 0] open(b'/home/kevin/test/lib/prompt_toolkit/contrib/regular_languages/validation.py', 'wb')
2026-02-12 01:53:33,934 - DEBUG - [chan 0] open(b'/home/kevin/test/lib/prompt_toolkit/contrib/regular_languages/validation.py', 'wb') -> 00000000
2026-02-12 01:53:33,934 - DEBUG - Progress: 2059/2059 bytes
2026-02-12 01:53:33,934 - DEBUG - [chan 0] close(00000000)
2026-02-12 01:53:33,935 - DEBUG - [chan 0] stat(b'/home/kevin/test/lib/prompt_toolkit/contrib/regular_languages/validation.py')
2026-02-12 01:53:33,937 - INFO - Upload completed successfully: validation.py
2026-02-12 01:53:33,937 - INFO - Starting upload: lib/prompt_toolkit/contrib/regular_languages/regex_parser.py -> /home/kevin/test/lib/prompt_toolkit/contrib/regular_languages/regex_parser.py (7732 bytes)
2026-02-12 01:53:33,938 - DEBUG - [chan 0] open(b'/home/kevin/test/lib/prompt_toolkit/contrib/regular_languages/regex_parser.py', 'wb')
2026-02-12 01:53:33,939 - DEBUG - [chan 0] open(b'/home/kevin/test/lib/prompt_toolkit/contrib/regular_languages/regex_parser.py', 'wb') -> 00000000
2026-02-12 01:53:33,939 - DEBUG - Progress: 7732/7732 bytes
2026-02-12 01:53:33,939 - DEBUG - [chan 0] close(00000000)
2026-02-12 01:53:33,941 - DEBUG - [chan 0] stat(b'/home/kevin/test/lib/prompt_toolkit/contrib/regular_languages/regex_parser.py')
2026-02-12 01:53:33,943 - INFO - Upload completed successfully: regex_parser.py
2026-02-12 01:53:33,943 - INFO - Starting upload: lib/prompt_toolkit/contrib/regular_languages/lexer.py -> /home/kevin/test/lib/prompt_toolkit/contrib/regular_languages/lexer.py (3415 bytes)
2026-02-12 01:53:33,944 - DEBUG - [chan 0] open(b'/home/kevin/test/lib/prompt_toolkit/contrib/regular_languages/lexer.py', 'wb')
2026-02-12 01:53:33,945 - DEBUG - [chan 0] open(b'/home/kevin/test/lib/prompt_toolkit/contrib/regular_languages/lexer.py', 'wb') -> 00000000
2026-02-12 01:53:33,945 - DEBUG - Progress: 3415/3415 bytes
2026-02-12 01:53:33,945 - DEBUG - [chan 0] close(00000000)
2026-02-12 01:53:33,946 - DEBUG - [chan 0] stat(b'/home/kevin/test/lib/prompt_toolkit/contrib/regular_languages/lexer.py')
2026-02-12 01:53:33,948 - INFO - Upload completed successfully: lexer.py
2026-02-12 01:53:33,948 - INFO - Starting upload: lib/prompt_toolkit/contrib/regular_languages/completion.py -> /home/kevin/test/lib/prompt_toolkit/contrib/regular_languages/completion.py (3468 bytes)
2026-02-12 01:53:33,949 - DEBUG - [chan 0] open(b'/home/kevin/test/lib/prompt_toolkit/contrib/regular_languages/completion.py', 'wb')
2026-02-12 01:53:33,950 - DEBUG - [chan 0] open(b'/home/kevin/test/lib/prompt_toolkit/contrib/regular_languages/completion.py', 'wb') -> 00000000
2026-02-12 01:53:33,950 - DEBUG - Progress: 3468/3468 bytes
2026-02-12 01:53:33,950 - DEBUG - [chan 0] close(00000000)
2026-02-12 01:53:33,951 - DEBUG - [chan 0] stat(b'/home/kevin/test/lib/prompt_toolkit/contrib/regular_languages/completion.py')
2026-02-12 01:53:33,953 - INFO - Upload completed successfully: completion.py
2026-02-12 01:53:33,953 - INFO - Starting upload: lib/prompt_toolkit/contrib/regular_languages/compiler.py -> /home/kevin/test/lib/prompt_toolkit/contrib/regular_languages/compiler.py (21948 bytes)
2026-02-12 01:53:33,955 - DEBUG - [chan 0] open(b'/home/kevin/test/lib/prompt_toolkit/contrib/regular_languages/compiler.py', 'wb')
2026-02-12 01:53:33,956 - DEBUG - [chan 0] open(b'/home/kevin/test/lib/prompt_toolkit/contrib/regular_languages/compiler.py', 'wb') -> 00000000
2026-02-12 01:53:33,956 - DEBUG - Progress: 21948/21948 bytes
2026-02-12 01:53:33,956 - DEBUG - [chan 0] close(00000000)
2026-02-12 01:53:33,959 - DEBUG - [chan 0] stat(b'/home/kevin/test/lib/prompt_toolkit/contrib/regular_languages/compiler.py')
2026-02-12 01:53:33,961 - INFO - Upload completed successfully: compiler.py
2026-02-12 01:53:33,961 - INFO - Starting upload: lib/prompt_toolkit/contrib/regular_languages/__init__.py -> /home/kevin/test/lib/prompt_toolkit/contrib/regular_languages/__init__.py (3279 bytes)
2026-02-12 01:53:33,962 - DEBUG - [chan 0] open(b'/home/kevin/test/lib/prompt_toolkit/contrib/regular_languages/__init__.py', 'wb')
2026-02-12 01:53:33,963 - DEBUG - [chan 0] open(b'/home/kevin/test/lib/prompt_toolkit/contrib/regular_languages/__init__.py', 'wb') -> 00000000
2026-02-12 01:53:33,963 - DEBUG - Progress: 3279/3279 bytes
2026-02-12 01:53:33,963 - DEBUG - [chan 0] close(00000000)
2026-02-12 01:53:33,964 - DEBUG - [chan 0] stat(b'/home/kevin/test/lib/prompt_toolkit/contrib/regular_languages/__init__.py')
2026-02-12 01:53:33,966 - INFO - Upload completed successfully: __init__.py
2026-02-12 01:53:33,966 - DEBUG - [chan 0] mkdir(b'/home/kevin/test/lib/prompt_toolkit/contrib/regular_languages/__pycache__', 511)
2026-02-12 01:53:33,967 - INFO - Created remote folder: /home/kevin/test/lib/prompt_toolkit/contrib/regular_languages/__pycache__
2026-02-12 01:53:33,967 - INFO - Starting upload: lib/prompt_toolkit/contrib/regular_languages/__pycache__/validation.cpython-314.pyc -> /home/kevin/test/lib/prompt_toolkit/contrib/regular_languages/__pycache__/validation.cpython-314.pyc (2917 bytes)
2026-02-12 01:53:33,969 - DEBUG - [chan 0] open(b'/home/kevin/test/lib/prompt_toolkit/contrib/regular_languages/__pycache__/validation.cpython-314.pyc', 'wb')
2026-02-12 01:53:33,969 - DEBUG - [chan 0] open(b'/home/kevin/test/lib/prompt_toolkit/contrib/regular_languages/__pycache__/validation.cpython-314.pyc', 'wb') -> 00000000
2026-02-12 01:53:33,970 - DEBUG - Progress: 2917/2917 bytes
2026-02-12 01:53:33,970 - DEBUG - [chan 0] close(00000000)
2026-02-12 01:53:33,971 - DEBUG - [chan 0] stat(b'/home/kevin/test/lib/prompt_toolkit/contrib/regular_languages/__pycache__/validation.cpython-314.pyc')
2026-02-12 01:53:33,973 - INFO - Upload completed successfully: validation.cpython-314.pyc
2026-02-12 01:53:33,973 - INFO - Starting upload: lib/prompt_toolkit/contrib/regular_languages/__pycache__/regex_parser.cpython-314.pyc -> /home/kevin/test/lib/prompt_toolkit/contrib/regular_languages/__pycache__/regex_parser.cpython-314.pyc (14535 bytes)
2026-02-12 01:53:33,974 - DEBUG - [chan 0] open(b'/home/kevin/test/lib/prompt_toolkit/contrib/regular_languages/__pycache__/regex_parser.cpython-314.pyc', 'wb')
2026-02-12 01:53:33,975 - DEBUG - [chan 0] open(b'/home/kevin/test/lib/prompt_toolkit/contrib/regular_languages/__pycache__/regex_parser.cpython-314.pyc', 'wb') -> 00000000
2026-02-12 01:53:33,975 - DEBUG - Progress: 14535/14535 bytes
2026-02-12 01:53:33,976 - DEBUG - [chan 0] close(00000000)
2026-02-12 01:53:33,979 - DEBUG - [chan 0] stat(b'/home/kevin/test/lib/prompt_toolkit/contrib/regular_languages/__pycache__/regex_parser.cpython-314.pyc')
2026-02-12 01:53:33,981 - INFO - Upload completed successfully: regex_parser.cpython-314.pyc
2026-02-12 01:53:33,981 - INFO - Starting upload: lib/prompt_toolkit/contrib/regular_languages/__pycache__/lexer.cpython-314.pyc -> /home/kevin/test/lib/prompt_toolkit/contrib/regular_languages/__pycache__/lexer.cpython-314.pyc (5079 bytes)
2026-02-12 01:53:33,983 - DEBUG - [chan 0] open(b'/home/kevin/test/lib/prompt_toolkit/contrib/regular_languages/__pycache__/lexer.cpython-314.pyc', 'wb')
2026-02-12 01:53:33,983 - DEBUG - [chan 0] open(b'/home/kevin/test/lib/prompt_toolkit/contrib/regular_languages/__pycache__/lexer.cpython-314.pyc', 'wb') -> 00000000
2026-02-12 01:53:33,984 - DEBUG - Progress: 5079/5079 bytes
2026-02-12 01:53:33,984 - DEBUG - [chan 0] close(00000000)
2026-02-12 01:53:33,985 - DEBUG - [chan 0] stat(b'/home/kevin/test/lib/prompt_toolkit/contrib/regular_languages/__pycache__/lexer.cpython-314.pyc')
2026-02-12 01:53:33,987 - INFO - Upload completed successfully: lexer.cpython-314.pyc
2026-02-12 01:53:33,987 - INFO - Starting upload: lib/prompt_toolkit/contrib/regular_languages/__pycache__/completion.cpython-314.pyc -> /home/kevin/test/lib/prompt_toolkit/contrib/regular_languages/__pycache__/completion.cpython-314.pyc (5197 bytes)
2026-02-12 01:53:33,988 - DEBUG - [chan 0] open(b'/home/kevin/test/lib/prompt_toolkit/contrib/regular_languages/__pycache__/completion.cpython-314.pyc', 'wb')
2026-02-12 01:53:33,989 - DEBUG - [chan 0] open(b'/home/kevin/test/lib/prompt_toolkit/contrib/regular_languages/__pycache__/completion.cpython-314.pyc', 'wb') -> 00000000
2026-02-12 01:53:33,989 - DEBUG - Progress: 5197/5197 bytes
2026-02-12 01:53:33,989 - DEBUG - [chan 0] close(00000000)
2026-02-12 01:53:33,990 - DEBUG - [chan 0] stat(b'/home/kevin/test/lib/prompt_toolkit/contrib/regular_languages/__pycache__/completion.cpython-314.pyc')
2026-02-12 01:53:33,992 - INFO - Upload completed successfully: completion.cpython-314.pyc
2026-02-12 01:53:33,992 - INFO - Starting upload: lib/prompt_toolkit/contrib/regular_languages/__pycache__/compiler.cpython-314.pyc -> /home/kevin/test/lib/prompt_toolkit/contrib/regular_languages/__pycache__/compiler.cpython-314.pyc (30836 bytes)
2026-02-12 01:53:33,993 - DEBUG - [chan 0] open(b'/home/kevin/test/lib/prompt_toolkit/contrib/regular_languages/__pycache__/compiler.cpython-314.pyc', 'wb')
2026-02-12 01:53:33,994 - DEBUG - [chan 0] open(b'/home/kevin/test/lib/prompt_toolkit/contrib/regular_languages/__pycache__/compiler.cpython-314.pyc', 'wb') -> 00000000
2026-02-12 01:53:33,995 - DEBUG - Progress: 30836/30836 bytes
2026-02-12 01:53:33,995 - DEBUG - [chan 0] close(00000000)
2026-02-12 01:53:33,998 - DEBUG - [chan 0] stat(b'/home/kevin/test/lib/prompt_toolkit/contrib/regular_languages/__pycache__/compiler.cpython-314.pyc')
2026-02-12 01:53:34,000 - INFO - Upload completed successfully: compiler.cpython-314.pyc
2026-02-12 01:53:34,000 - INFO - Starting upload: lib/prompt_toolkit/contrib/regular_languages/__pycache__/__init__.cpython-314.pyc -> /home/kevin/test/lib/prompt_toolkit/contrib/regular_languages/__pycache__/__init__.cpython-314.pyc (3507 bytes)
2026-02-12 01:53:34,002 - DEBUG - [chan 0] open(b'/home/kevin/test/lib/prompt_toolkit/contrib/regular_languages/__pycache__/__init__.cpython-314.pyc', 'wb')
2026-02-12 01:53:34,002 - DEBUG - [chan 0] open(b'/home/kevin/test/lib/prompt_toolkit/contrib/regular_languages/__pycache__/__init__.cpython-314.pyc', 'wb') -> 00000000
2026-02-12 01:53:34,003 - DEBUG - Progress: 3507/3507 bytes
2026-02-12 01:53:34,003 - DEBUG - [chan 0] close(00000000)
2026-02-12 01:53:34,004 - DEBUG - [chan 0] stat(b'/home/kevin/test/lib/prompt_toolkit/contrib/regular_languages/__pycache__/__init__.cpython-314.pyc')
2026-02-12 01:53:34,006 - INFO - Upload completed successfully: __init__.cpython-314.pyc
2026-02-12 01:53:34,006 - DEBUG - [chan 0] mkdir(b'/home/kevin/test/lib/prompt_toolkit/contrib/completers', 511)
2026-02-12 01:53:34,006 - INFO - Created remote folder: /home/kevin/test/lib/prompt_toolkit/contrib/completers
2026-02-12 01:53:34,006 - INFO - Starting upload: lib/prompt_toolkit/contrib/completers/system.py -> /home/kevin/test/lib/prompt_toolkit/contrib/completers/system.py (2057 bytes)
2026-02-12 01:53:34,008 - DEBUG - [chan 0] open(b'/home/kevin/test/lib/prompt_toolkit/contrib/completers/system.py', 'wb')
2026-02-12 01:53:34,009 - DEBUG - [chan 0] open(b'/home/kevin/test/lib/prompt_toolkit/contrib/completers/system.py', 'wb') -> 00000000
2026-02-12 01:53:34,009 - DEBUG - Progress: 2057/2057 bytes
2026-02-12 01:53:34,009 - DEBUG - [chan 0] close(00000000)
2026-02-12 01:53:34,010 - DEBUG - [chan 0] stat(b'/home/kevin/test/lib/prompt_toolkit/contrib/completers/system.py')
2026-02-12 01:53:34,011 - INFO - Upload completed successfully: system.py
2026-02-12 01:53:34,011 - INFO - Starting upload: lib/prompt_toolkit/contrib/completers/__init__.py -> /home/kevin/test/lib/prompt_toolkit/contrib/completers/__init__.py (103 bytes)
2026-02-12 01:53:34,012 - DEBUG - [chan 0] open(b'/home/kevin/test/lib/prompt_toolkit/contrib/completers/__init__.py', 'wb')
2026-02-12 01:53:34,013 - DEBUG - [chan 0] open(b'/home/kevin/test/lib/prompt_toolkit/contrib/completers/__init__.py', 'wb') -> 00000000
2026-02-12 01:53:34,013 - DEBUG - Progress: 103/103 bytes
2026-02-12 01:53:34,013 - DEBUG - [chan 0] close(00000000)
2026-02-12 01:53:34,014 - DEBUG - [chan 0] stat(b'/home/kevin/test/lib/prompt_toolkit/contrib/completers/__init__.py')
2026-02-12 01:53:34,015 - INFO - Upload completed successfully: __init__.py
2026-02-12 01:53:34,015 - DEBUG - [chan 0] mkdir(b'/home/kevin/test/lib/prompt_toolkit/contrib/completers/__pycache__', 511)
2026-02-12 01:53:34,016 - INFO - Created remote folder: /home/kevin/test/lib/prompt_toolkit/contrib/completers/__pycache__
2026-02-12 01:53:34,016 - INFO - Starting upload: lib/prompt_toolkit/contrib/completers/__pycache__/system.cpython-314.pyc -> /home/kevin/test/lib/prompt_toolkit/contrib/completers/__pycache__/system.cpython-314.pyc (2760 bytes)
2026-02-12 01:53:34,017 - DEBUG - [chan 0] open(b'/home/kevin/test/lib/prompt_toolkit/contrib/completers/__pycache__/system.cpython-314.pyc', 'wb')
2026-02-12 01:53:34,018 - DEBUG - [chan 0] open(b'/home/kevin/test/lib/prompt_toolkit/contrib/completers/__pycache__/system.cpython-314.pyc', 'wb') -> 00000000
2026-02-12 01:53:34,018 - DEBUG - Progress: 2760/2760 bytes
2026-02-12 01:53:34,018 - DEBUG - [chan 0] close(00000000)
2026-02-12 01:53:34,019 - DEBUG - [chan 0] stat(b'/home/kevin/test/lib/prompt_toolkit/contrib/completers/__pycache__/system.cpython-314.pyc')
2026-02-12 01:53:34,021 - INFO - Upload completed successfully: system.cpython-314.pyc
2026-02-12 01:53:34,021 - INFO - Starting upload: lib/prompt_toolkit/contrib/completers/__pycache__/__init__.cpython-314.pyc -> /home/kevin/test/lib/prompt_toolkit/contrib/completers/__pycache__/__init__.cpython-314.pyc (304 bytes)
2026-02-12 01:53:34,023 - DEBUG - [chan 0] open(b'/home/kevin/test/lib/prompt_toolkit/contrib/completers/__pycache__/__init__.cpython-314.pyc', 'wb')
2026-02-12 01:53:34,024 - DEBUG - [chan 0] open(b'/home/kevin/test/lib/prompt_toolkit/contrib/completers/__pycache__/__init__.cpython-314.pyc', 'wb') -> 00000000
2026-02-12 01:53:34,024 - DEBUG - Progress: 304/304 bytes
2026-02-12 01:53:34,024 - DEBUG - [chan 0] close(00000000)
2026-02-12 01:53:34,025 - DEBUG - [chan 0] stat(b'/home/kevin/test/lib/prompt_toolkit/contrib/completers/__pycache__/__init__.cpython-314.pyc')
2026-02-12 01:53:34,026 - INFO - Upload completed successfully: __init__.cpython-314.pyc
2026-02-12 01:53:34,026 - DEBUG - [chan 0] mkdir(b'/home/kevin/test/lib/prompt_toolkit/completion', 511)
2026-02-12 01:53:34,027 - INFO - Created remote folder: /home/kevin/test/lib/prompt_toolkit/completion
2026-02-12 01:53:34,027 - INFO - Starting upload: lib/prompt_toolkit/completion/word_completer.py -> /home/kevin/test/lib/prompt_toolkit/completion/word_completer.py (3435 bytes)
2026-02-12 01:53:34,028 - DEBUG - [chan 0] open(b'/home/kevin/test/lib/prompt_toolkit/completion/word_completer.py', 'wb')
2026-02-12 01:53:34,029 - DEBUG - [chan 0] open(b'/home/kevin/test/lib/prompt_toolkit/completion/word_completer.py', 'wb') -> 00000000
2026-02-12 01:53:34,029 - DEBUG - Progress: 3435/3435 bytes
2026-02-12 01:53:34,029 - DEBUG - [chan 0] close(00000000)
2026-02-12 01:53:34,030 - DEBUG - [chan 0] stat(b'/home/kevin/test/lib/prompt_toolkit/completion/word_completer.py')
2026-02-12 01:53:34,032 - INFO - Upload completed successfully: word_completer.py
2026-02-12 01:53:34,032 - INFO - Starting upload: lib/prompt_toolkit/completion/nested.py -> /home/kevin/test/lib/prompt_toolkit/completion/nested.py (3844 bytes)
2026-02-12 01:53:34,033 - DEBUG - [chan 0] open(b'/home/kevin/test/lib/prompt_toolkit/completion/nested.py', 'wb')
2026-02-12 01:53:34,034 - DEBUG - [chan 0] open(b'/home/kevin/test/lib/prompt_toolkit/completion/nested.py', 'wb') -> 00000000
2026-02-12 01:53:34,034 - DEBUG - Progress: 3844/3844 bytes
2026-02-12 01:53:34,034 - DEBUG - [chan 0] close(00000000)
2026-02-12 01:53:34,036 - DEBUG - [chan 0] stat(b'/home/kevin/test/lib/prompt_toolkit/completion/nested.py')
2026-02-12 01:53:34,038 - INFO - Upload completed successfully: nested.py
2026-02-12 01:53:34,038 - INFO - Starting upload: lib/prompt_toolkit/completion/fuzzy_completer.py -> /home/kevin/test/lib/prompt_toolkit/completion/fuzzy_completer.py (7738 bytes)
2026-02-12 01:53:34,039 - DEBUG - [chan 0] open(b'/home/kevin/test/lib/prompt_toolkit/completion/fuzzy_completer.py', 'wb')
2026-02-12 01:53:34,040 - DEBUG - [chan 0] open(b'/home/kevin/test/lib/prompt_toolkit/completion/fuzzy_completer.py', 'wb') -> 00000000
2026-02-12 01:53:34,040 - DEBUG - Progress: 7738/7738 bytes
2026-02-12 01:53:34,040 - DEBUG - [chan 0] close(00000000)
2026-02-12 01:53:34,042 - DEBUG - [chan 0] stat(b'/home/kevin/test/lib/prompt_toolkit/completion/fuzzy_completer.py')
2026-02-12 01:53:34,044 - INFO - Upload completed successfully: fuzzy_completer.py
2026-02-12 01:53:34,044 - INFO - Starting upload: lib/prompt_toolkit/completion/filesystem.py -> /home/kevin/test/lib/prompt_toolkit/completion/filesystem.py (3949 bytes)
2026-02-12 01:53:34,045 - DEBUG - [chan 0] open(b'/home/kevin/test/lib/prompt_toolkit/completion/filesystem.py', 'wb')
2026-02-12 01:53:34,046 - DEBUG - [chan 0] open(b'/home/kevin/test/lib/prompt_toolkit/completion/filesystem.py', 'wb') -> 00000000
2026-02-12 01:53:34,046 - DEBUG - Progress: 3949/3949 bytes
2026-02-12 01:53:34,046 - DEBUG - [chan 0] close(00000000)
2026-02-12 01:53:34,048 - DEBUG - [chan 0] stat(b'/home/kevin/test/lib/prompt_toolkit/completion/filesystem.py')
2026-02-12 01:53:34,049 - INFO - Upload completed successfully: filesystem.py
2026-02-12 01:53:34,050 - INFO - Starting upload: lib/prompt_toolkit/completion/deduplicate.py -> /home/kevin/test/lib/prompt_toolkit/completion/deduplicate.py (1436 bytes)
2026-02-12 01:53:34,051 - DEBUG - [chan 0] open(b'/home/kevin/test/lib/prompt_toolkit/completion/deduplicate.py', 'wb')
2026-02-12 01:53:34,052 - DEBUG - [chan 0] open(b'/home/kevin/test/lib/prompt_toolkit/completion/deduplicate.py', 'wb') -> 00000000
2026-02-12 01:53:34,052 - DEBUG - Progress: 1436/1436 bytes
2026-02-12 01:53:34,052 - DEBUG - [chan 0] close(00000000)
2026-02-12 01:53:34,053 - DEBUG - [chan 0] stat(b'/home/kevin/test/lib/prompt_toolkit/completion/deduplicate.py')
2026-02-12 01:53:34,054 - INFO - Upload completed successfully: deduplicate.py
2026-02-12 01:53:34,054 - INFO - Starting upload: lib/prompt_toolkit/completion/base.py -> /home/kevin/test/lib/prompt_toolkit/completion/base.py (16103 bytes)
2026-02-12 01:53:34,055 - DEBUG - [chan 0] open(b'/home/kevin/test/lib/prompt_toolkit/completion/base.py', 'wb')
2026-02-12 01:53:34,056 - DEBUG - [chan 0] open(b'/home/kevin/test/lib/prompt_toolkit/completion/base.py', 'wb') -> 00000000
2026-02-12 01:53:34,056 - DEBUG - Progress: 16103/16103 bytes
2026-02-12 01:53:34,056 - DEBUG - [chan 0] close(00000000)
2026-02-12 01:53:34,059 - DEBUG - [chan 0] stat(b'/home/kevin/test/lib/prompt_toolkit/completion/base.py')
2026-02-12 01:53:34,060 - INFO - Upload completed successfully: base.py
2026-02-12 01:53:34,060 - INFO - Starting upload: lib/prompt_toolkit/completion/__init__.py -> /home/kevin/test/lib/prompt_toolkit/completion/__init__.py (992 bytes)
2026-02-12 01:53:34,062 - DEBUG - [chan 0] open(b'/home/kevin/test/lib/prompt_toolkit/completion/__init__.py', 'wb')
2026-02-12 01:53:34,063 - DEBUG - [chan 0] open(b'/home/kevin/test/lib/prompt_toolkit/completion/__init__.py', 'wb') -> 00000000
2026-02-12 01:53:34,063 - DEBUG - Progress: 992/992 bytes
2026-02-12 01:53:34,063 - DEBUG - [chan 0] close(00000000)
2026-02-12 01:53:34,064 - DEBUG - [chan 0] stat(b'/home/kevin/test/lib/prompt_toolkit/completion/__init__.py')
2026-02-12 01:53:34,066 - INFO - Upload completed successfully: __init__.py
2026-02-12 01:53:34,066 - DEBUG - [chan 0] mkdir(b'/home/kevin/test/lib/prompt_toolkit/completion/__pycache__', 511)
2026-02-12 01:53:34,066 - INFO - Created remote folder: /home/kevin/test/lib/prompt_toolkit/completion/__pycache__
2026-02-12 01:53:34,066 - INFO - Starting upload: lib/prompt_toolkit/completion/__pycache__/word_completer.cpython-314.pyc -> /home/kevin/test/lib/prompt_toolkit/completion/__pycache__/word_completer.cpython-314.pyc (4813 bytes)
2026-02-12 01:53:34,068 - DEBUG - [chan 0] open(b'/home/kevin/test/lib/prompt_toolkit/completion/__pycache__/word_completer.cpython-314.pyc', 'wb')
2026-02-12 01:53:34,068 - DEBUG - [chan 0] open(b'/home/kevin/test/lib/prompt_toolkit/completion/__pycache__/word_completer.cpython-314.pyc', 'wb') -> 00000000
2026-02-12 01:53:34,069 - DEBUG - Progress: 4813/4813 bytes
2026-02-12 01:53:34,069 - DEBUG - [chan 0] close(00000000)
2026-02-12 01:53:34,070 - DEBUG - [chan 0] stat(b'/home/kevin/test/lib/prompt_toolkit/completion/__pycache__/word_completer.cpython-314.pyc')
2026-02-12 01:53:34,071 - INFO - Upload completed successfully: word_completer.cpython-314.pyc
2026-02-12 01:53:34,071 - INFO - Starting upload: lib/prompt_toolkit/completion/__pycache__/nested.cpython-314.pyc -> /home/kevin/test/lib/prompt_toolkit/completion/__pycache__/nested.cpython-314.pyc (5325 bytes)
2026-02-12 01:53:34,074 - DEBUG - [chan 0] open(b'/home/kevin/test/lib/prompt_toolkit/completion/__pycache__/nested.cpython-314.pyc', 'wb')
2026-02-12 01:53:34,075 - DEBUG - [chan 0] open(b'/home/kevin/test/lib/prompt_toolkit/completion/__pycache__/nested.cpython-314.pyc', 'wb') -> 00000000
2026-02-12 01:53:34,075 - DEBUG - Progress: 5325/5325 bytes
2026-02-12 01:53:34,075 - DEBUG - [chan 0] close(00000000)
2026-02-12 01:53:34,076 - DEBUG - [chan 0] stat(b'/home/kevin/test/lib/prompt_toolkit/completion/__pycache__/nested.cpython-314.pyc')
2026-02-12 01:53:34,078 - INFO - Upload completed successfully: nested.cpython-314.pyc
2026-02-12 01:53:34,078 - INFO - Starting upload: lib/prompt_toolkit/completion/__pycache__/fuzzy_completer.cpython-314.pyc -> /home/kevin/test/lib/prompt_toolkit/completion/__pycache__/fuzzy_completer.cpython-314.pyc (10991 bytes)
2026-02-12 01:53:34,081 - DEBUG - [chan 0] open(b'/home/kevin/test/lib/prompt_toolkit/completion/__pycache__/fuzzy_completer.cpython-314.pyc', 'wb')
2026-02-12 01:53:34,082 - DEBUG - [chan 0] open(b'/home/kevin/test/lib/prompt_toolkit/completion/__pycache__/fuzzy_completer.cpython-314.pyc', 'wb') -> 00000000
2026-02-12 01:53:34,082 - DEBUG - Progress: 10991/10991 bytes
2026-02-12 01:53:34,082 - DEBUG - [chan 0] close(00000000)
2026-02-12 01:53:34,084 - DEBUG - [chan 0] stat(b'/home/kevin/test/lib/prompt_toolkit/completion/__pycache__/fuzzy_completer.cpython-314.pyc')
2026-02-12 01:53:34,086 - INFO - Upload completed successfully: fuzzy_completer.cpython-314.pyc
2026-02-12 01:53:34,086 - INFO - Starting upload: lib/prompt_toolkit/completion/__pycache__/filesystem.cpython-314.pyc -> /home/kevin/test/lib/prompt_toolkit/completion/__pycache__/filesystem.cpython-314.pyc (5951 bytes)
2026-02-12 01:53:34,089 - DEBUG - [chan 0] open(b'/home/kevin/test/lib/prompt_toolkit/completion/__pycache__/filesystem.cpython-314.pyc', 'wb')
2026-02-12 01:53:34,089 - DEBUG - [chan 0] open(b'/home/kevin/test/lib/prompt_toolkit/completion/__pycache__/filesystem.cpython-314.pyc', 'wb') -> 00000000
2026-02-12 01:53:34,089 - DEBUG - Progress: 5951/5951 bytes
2026-02-12 01:53:34,089 - DEBUG - [chan 0] close(00000000)
2026-02-12 01:53:34,091 - DEBUG - [chan 0] stat(b'/home/kevin/test/lib/prompt_toolkit/completion/__pycache__/filesystem.cpython-314.pyc')
2026-02-12 01:53:34,093 - INFO - Upload completed successfully: filesystem.cpython-314.pyc
2026-02-12 01:53:34,093 - INFO - Starting upload: lib/prompt_toolkit/completion/__pycache__/deduplicate.cpython-314.pyc -> /home/kevin/test/lib/prompt_toolkit/completion/__pycache__/deduplicate.cpython-314.pyc (2295 bytes)
2026-02-12 01:53:34,095 - DEBUG - [chan 0] open(b'/home/kevin/test/lib/prompt_toolkit/completion/__pycache__/deduplicate.cpython-314.pyc', 'wb')
2026-02-12 01:53:34,096 - DEBUG - [chan 0] open(b'/home/kevin/test/lib/prompt_toolkit/completion/__pycache__/deduplicate.cpython-314.pyc', 'wb') -> 00000000
2026-02-12 01:53:34,096 - DEBUG - Progress: 2295/2295 bytes
2026-02-12 01:53:34,096 - DEBUG - [chan 0] close(00000000)
2026-02-12 01:53:34,097 - DEBUG - [chan 0] stat(b'/home/kevin/test/lib/prompt_toolkit/completion/__pycache__/deduplicate.cpython-314.pyc')
2026-02-12 01:53:34,099 - INFO - Upload completed successfully: deduplicate.cpython-314.pyc
2026-02-12 01:53:34,099 - INFO - Starting upload: lib/prompt_toolkit/completion/__pycache__/base.cpython-314.pyc -> /home/kevin/test/lib/prompt_toolkit/completion/__pycache__/base.cpython-314.pyc (23460 bytes)
2026-02-12 01:53:34,101 - DEBUG - [chan 0] open(b'/home/kevin/test/lib/prompt_toolkit/completion/__pycache__/base.cpython-314.pyc', 'wb')
2026-02-12 01:53:34,101 - DEBUG - [chan 0] open(b'/home/kevin/test/lib/prompt_toolkit/completion/__pycache__/base.cpython-314.pyc', 'wb') -> 00000000
2026-02-12 01:53:34,102 - DEBUG - Progress: 23460/23460 bytes
2026-02-12 01:53:34,102 - DEBUG - [chan 0] close(00000000)
2026-02-12 01:53:34,105 - DEBUG - [chan 0] stat(b'/home/kevin/test/lib/prompt_toolkit/completion/__pycache__/base.cpython-314.pyc')
2026-02-12 01:53:34,106 - INFO - Upload completed successfully: base.cpython-314.pyc
2026-02-12 01:53:34,106 - INFO - Starting upload: lib/prompt_toolkit/completion/__pycache__/__init__.cpython-314.pyc -> /home/kevin/test/lib/prompt_toolkit/completion/__pycache__/__init__.cpython-314.pyc (920 bytes)
2026-02-12 01:53:34,108 - DEBUG - [chan 0] open(b'/home/kevin/test/lib/prompt_toolkit/completion/__pycache__/__init__.cpython-314.pyc', 'wb')
2026-02-12 01:53:34,108 - DEBUG - [chan 0] open(b'/home/kevin/test/lib/prompt_toolkit/completion/__pycache__/__init__.cpython-314.pyc', 'wb') -> 00000000
2026-02-12 01:53:34,108 - DEBUG - Progress: 920/920 bytes
2026-02-12 01:53:34,108 - DEBUG - [chan 0] close(00000000)
2026-02-12 01:53:34,109 - DEBUG - [chan 0] stat(b'/home/kevin/test/lib/prompt_toolkit/completion/__pycache__/__init__.cpython-314.pyc')
2026-02-12 01:53:34,111 - INFO - Upload completed successfully: __init__.cpython-314.pyc
2026-02-12 01:53:34,111 - DEBUG - [chan 0] mkdir(b'/home/kevin/test/lib/prompt_toolkit/clipboard', 511)
2026-02-12 01:53:34,111 - INFO - Created remote folder: /home/kevin/test/lib/prompt_toolkit/clipboard
2026-02-12 01:53:34,111 - INFO - Starting upload: lib/prompt_toolkit/clipboard/pyperclip.py -> /home/kevin/test/lib/prompt_toolkit/clipboard/pyperclip.py (1160 bytes)
2026-02-12 01:53:34,113 - DEBUG - [chan 0] open(b'/home/kevin/test/lib/prompt_toolkit/clipboard/pyperclip.py', 'wb')
2026-02-12 01:53:34,113 - DEBUG - [chan 0] open(b'/home/kevin/test/lib/prompt_toolkit/clipboard/pyperclip.py', 'wb') -> 00000000
2026-02-12 01:53:34,114 - DEBUG - Progress: 1160/1160 bytes
2026-02-12 01:53:34,114 - DEBUG - [chan 0] close(00000000)
2026-02-12 01:53:34,114 - DEBUG - [chan 0] stat(b'/home/kevin/test/lib/prompt_toolkit/clipboard/pyperclip.py')
2026-02-12 01:53:34,116 - INFO - Upload completed successfully: pyperclip.py
2026-02-12 01:53:34,116 - INFO - Starting upload: lib/prompt_toolkit/clipboard/in_memory.py -> /home/kevin/test/lib/prompt_toolkit/clipboard/in_memory.py (1060 bytes)
2026-02-12 01:53:34,118 - DEBUG - [chan 0] open(b'/home/kevin/test/lib/prompt_toolkit/clipboard/in_memory.py', 'wb')
2026-02-12 01:53:34,118 - DEBUG - [chan 0] open(b'/home/kevin/test/lib/prompt_toolkit/clipboard/in_memory.py', 'wb') -> 00000000
2026-02-12 01:53:34,118 - DEBUG - Progress: 1060/1060 bytes
2026-02-12 01:53:34,119 - DEBUG - [chan 0] close(00000000)
2026-02-12 01:53:34,119 - DEBUG - [chan 0] stat(b'/home/kevin/test/lib/prompt_toolkit/clipboard/in_memory.py')
2026-02-12 01:53:34,121 - INFO - Upload completed successfully: in_memory.py
2026-02-12 01:53:34,121 - INFO - Starting upload: lib/prompt_toolkit/clipboard/base.py -> /home/kevin/test/lib/prompt_toolkit/clipboard/base.py (2515 bytes)
2026-02-12 01:53:34,122 - DEBUG - [chan 0] open(b'/home/kevin/test/lib/prompt_toolkit/clipboard/base.py', 'wb')
2026-02-12 01:53:34,123 - DEBUG - [chan 0] open(b'/home/kevin/test/lib/prompt_toolkit/clipboard/base.py', 'wb') -> 00000000
2026-02-12 01:53:34,123 - DEBUG - Progress: 2515/2515 bytes
2026-02-12 01:53:34,123 - DEBUG - [chan 0] close(00000000)
2026-02-12 01:53:34,124 - DEBUG - [chan 0] stat(b'/home/kevin/test/lib/prompt_toolkit/clipboard/base.py')
2026-02-12 01:53:34,126 - INFO - Upload completed successfully: base.py
2026-02-12 01:53:34,126 - INFO - Starting upload: lib/prompt_toolkit/clipboard/__init__.py -> /home/kevin/test/lib/prompt_toolkit/clipboard/__init__.py (439 bytes)
2026-02-12 01:53:34,127 - DEBUG - [chan 0] open(b'/home/kevin/test/lib/prompt_toolkit/clipboard/__init__.py', 'wb')
2026-02-12 01:53:34,128 - DEBUG - [chan 0] open(b'/home/kevin/test/lib/prompt_toolkit/clipboard/__init__.py', 'wb') -> 00000000
2026-02-12 01:53:34,128 - DEBUG - Progress: 439/439 bytes
2026-02-12 01:53:34,128 - DEBUG - [chan 0] close(00000000)
2026-02-12 01:53:34,129 - DEBUG - [chan 0] stat(b'/home/kevin/test/lib/prompt_toolkit/clipboard/__init__.py')
2026-02-12 01:53:34,130 - INFO - Upload completed successfully: __init__.py
2026-02-12 01:53:34,130 - DEBUG - [chan 0] mkdir(b'/home/kevin/test/lib/prompt_toolkit/clipboard/__pycache__', 511)
2026-02-12 01:53:34,131 - INFO - Created remote folder: /home/kevin/test/lib/prompt_toolkit/clipboard/__pycache__
2026-02-12 01:53:34,131 - INFO - Starting upload: lib/prompt_toolkit/clipboard/__pycache__/pyperclip.cpython-314.pyc -> /home/kevin/test/lib/prompt_toolkit/clipboard/__pycache__/pyperclip.cpython-314.pyc (2225 bytes)
2026-02-12 01:53:34,133 - DEBUG - [chan 0] open(b'/home/kevin/test/lib/prompt_toolkit/clipboard/__pycache__/pyperclip.cpython-314.pyc', 'wb')
2026-02-12 01:53:34,133 - DEBUG - [chan 0] open(b'/home/kevin/test/lib/prompt_toolkit/clipboard/__pycache__/pyperclip.cpython-314.pyc', 'wb') -> 00000000
2026-02-12 01:53:34,133 - DEBUG - Progress: 2225/2225 bytes
2026-02-12 01:53:34,133 - DEBUG - [chan 0] close(00000000)
2026-02-12 01:53:34,135 - DEBUG - [chan 0] stat(b'/home/kevin/test/lib/prompt_toolkit/clipboard/__pycache__/pyperclip.cpython-314.pyc')
2026-02-12 01:53:34,136 - INFO - Upload completed successfully: pyperclip.cpython-314.pyc
2026-02-12 01:53:34,136 - INFO - Starting upload: lib/prompt_toolkit/clipboard/__pycache__/in_memory.cpython-314.pyc -> /home/kevin/test/lib/prompt_toolkit/clipboard/__pycache__/in_memory.cpython-314.pyc (2761 bytes)
2026-02-12 01:53:34,137 - DEBUG - [chan 0] open(b'/home/kevin/test/lib/prompt_toolkit/clipboard/__pycache__/in_memory.cpython-314.pyc', 'wb')
2026-02-12 01:53:34,138 - DEBUG - [chan 0] open(b'/home/kevin/test/lib/prompt_toolkit/clipboard/__pycache__/in_memory.cpython-314.pyc', 'wb') -> 00000000
2026-02-12 01:53:34,138 - DEBUG - Progress: 2761/2761 bytes
2026-02-12 01:53:34,138 - DEBUG - [chan 0] close(00000000)
2026-02-12 01:53:34,140 - DEBUG - [chan 0] stat(b'/home/kevin/test/lib/prompt_toolkit/clipboard/__pycache__/in_memory.cpython-314.pyc')
2026-02-12 01:53:34,142 - INFO - Upload completed successfully: in_memory.cpython-314.pyc
2026-02-12 01:53:34,142 - INFO - Starting upload: lib/prompt_toolkit/clipboard/__pycache__/base.cpython-314.pyc -> /home/kevin/test/lib/prompt_toolkit/clipboard/__pycache__/base.cpython-314.pyc (6896 bytes)
2026-02-12 01:53:34,143 - DEBUG - [chan 0] open(b'/home/kevin/test/lib/prompt_toolkit/clipboard/__pycache__/base.cpython-314.pyc', 'wb')
2026-02-12 01:53:34,144 - DEBUG - [chan 0] open(b'/home/kevin/test/lib/prompt_toolkit/clipboard/__pycache__/base.cpython-314.pyc', 'wb') -> 00000000
2026-02-12 01:53:34,144 - DEBUG - Progress: 6896/6896 bytes
2026-02-12 01:53:34,144 - DEBUG - [chan 0] close(00000000)
2026-02-12 01:53:34,145 - DEBUG - [chan 0] stat(b'/home/kevin/test/lib/prompt_toolkit/clipboard/__pycache__/base.cpython-314.pyc')
2026-02-12 01:53:34,147 - INFO - Upload completed successfully: base.cpython-314.pyc
2026-02-12 01:53:34,147 - INFO - Starting upload: lib/prompt_toolkit/clipboard/__pycache__/__init__.cpython-314.pyc -> /home/kevin/test/lib/prompt_toolkit/clipboard/__pycache__/__init__.cpython-314.pyc (441 bytes)
2026-02-12 01:53:34,149 - DEBUG - [chan 0] open(b'/home/kevin/test/lib/prompt_toolkit/clipboard/__pycache__/__init__.cpython-314.pyc', 'wb')
2026-02-12 01:53:34,149 - DEBUG - [chan 0] open(b'/home/kevin/test/lib/prompt_toolkit/clipboard/__pycache__/__init__.cpython-314.pyc', 'wb') -> 00000000
2026-02-12 01:53:34,149 - DEBUG - Progress: 441/441 bytes
2026-02-12 01:53:34,149 - DEBUG - [chan 0] close(00000000)
2026-02-12 01:53:34,150 - DEBUG - [chan 0] stat(b'/home/kevin/test/lib/prompt_toolkit/clipboard/__pycache__/__init__.cpython-314.pyc')
2026-02-12 01:53:34,151 - INFO - Upload completed successfully: __init__.cpython-314.pyc
2026-02-12 01:53:34,152 - DEBUG - [chan 0] mkdir(b'/home/kevin/test/lib/prompt_toolkit/application', 511)
2026-02-12 01:53:34,152 - INFO - Created remote folder: /home/kevin/test/lib/prompt_toolkit/application
2026-02-12 01:53:34,152 - INFO - Starting upload: lib/prompt_toolkit/application/run_in_terminal.py -> /home/kevin/test/lib/prompt_toolkit/application/run_in_terminal.py (3767 bytes)
2026-02-12 01:53:34,154 - DEBUG - [chan 0] open(b'/home/kevin/test/lib/prompt_toolkit/application/run_in_terminal.py', 'wb')
2026-02-12 01:53:34,155 - DEBUG - [chan 0] open(b'/home/kevin/test/lib/prompt_toolkit/application/run_in_terminal.py', 'wb') -> 00000000
2026-02-12 01:53:34,155 - DEBUG - Progress: 3767/3767 bytes
2026-02-12 01:53:34,155 - DEBUG - [chan 0] close(00000000)
2026-02-12 01:53:34,156 - DEBUG - [chan 0] stat(b'/home/kevin/test/lib/prompt_toolkit/application/run_in_terminal.py')
2026-02-12 01:53:34,157 - INFO - Upload completed successfully: run_in_terminal.py
2026-02-12 01:53:34,158 - INFO - Starting upload: lib/prompt_toolkit/application/dummy.py -> /home/kevin/test/lib/prompt_toolkit/application/dummy.py (1619 bytes)
2026-02-12 01:53:34,159 - DEBUG - [chan 0] open(b'/home/kevin/test/lib/prompt_toolkit/application/dummy.py', 'wb')
2026-02-12 01:53:34,159 - DEBUG - [chan 0] open(b'/home/kevin/test/lib/prompt_toolkit/application/dummy.py', 'wb') -> 00000000
2026-02-12 01:53:34,160 - DEBUG - Progress: 1619/1619 bytes
2026-02-12 01:53:34,160 - DEBUG - [chan 0] close(00000000)
2026-02-12 01:53:34,160 - DEBUG - [chan 0] stat(b'/home/kevin/test/lib/prompt_toolkit/application/dummy.py')
2026-02-12 01:53:34,162 - INFO - Upload completed successfully: dummy.py
2026-02-12 01:53:34,162 - INFO - Starting upload: lib/prompt_toolkit/application/current.py -> /home/kevin/test/lib/prompt_toolkit/application/current.py (6209 bytes)
2026-02-12 01:53:34,163 - DEBUG - [chan 0] open(b'/home/kevin/test/lib/prompt_toolkit/application/current.py', 'wb')
2026-02-12 01:53:34,164 - DEBUG - [chan 0] open(b'/home/kevin/test/lib/prompt_toolkit/application/current.py', 'wb') -> 00000000
2026-02-12 01:53:34,166 - DEBUG - Progress: 6209/6209 bytes
2026-02-12 01:53:34,166 - DEBUG - [chan 0] close(00000000)
2026-02-12 01:53:34,167 - DEBUG - [chan 0] stat(b'/home/kevin/test/lib/prompt_toolkit/application/current.py')
2026-02-12 01:53:34,169 - INFO - Upload completed successfully: current.py
2026-02-12 01:53:34,169 - INFO - Starting upload: lib/prompt_toolkit/application/application.py -> /home/kevin/test/lib/prompt_toolkit/application/application.py (63242 bytes)
2026-02-12 01:53:34,171 - DEBUG - [chan 0] open(b'/home/kevin/test/lib/prompt_toolkit/application/application.py', 'wb')
2026-02-12 01:53:34,171 - DEBUG - [chan 0] open(b'/home/kevin/test/lib/prompt_toolkit/application/application.py', 'wb') -> 00000000
2026-02-12 01:53:34,172 - DEBUG - Progress: 32768/63242 bytes
2026-02-12 01:53:34,172 - DEBUG - [chan 0] close(00000000)
2026-02-12 01:53:34,180 - DEBUG - [chan 0] stat(b'/home/kevin/test/lib/prompt_toolkit/application/application.py')
2026-02-12 01:53:34,183 - INFO - Upload completed successfully: application.py
2026-02-12 01:53:34,183 - INFO - Starting upload: lib/prompt_toolkit/application/__init__.py -> /home/kevin/test/lib/prompt_toolkit/application/__init__.py (657 bytes)
2026-02-12 01:53:34,185 - DEBUG - [chan 0] open(b'/home/kevin/test/lib/prompt_toolkit/application/__init__.py', 'wb')
2026-02-12 01:53:34,186 - DEBUG - [chan 0] open(b'/home/kevin/test/lib/prompt_toolkit/application/__init__.py', 'wb') -> 00000000
2026-02-12 01:53:34,186 - DEBUG - Progress: 657/657 bytes
2026-02-12 01:53:34,186 - DEBUG - [chan 0] close(00000000)
2026-02-12 01:53:34,187 - DEBUG - [chan 0] stat(b'/home/kevin/test/lib/prompt_toolkit/application/__init__.py')
2026-02-12 01:53:34,189 - INFO - Upload completed successfully: __init__.py
2026-02-12 01:53:34,189 - DEBUG - [chan 0] mkdir(b'/home/kevin/test/lib/prompt_toolkit/application/__pycache__', 511)
2026-02-12 01:53:34,190 - INFO - Created remote folder: /home/kevin/test/lib/prompt_toolkit/application/__pycache__
2026-02-12 01:53:34,190 - INFO - Starting upload: lib/prompt_toolkit/application/__pycache__/run_in_terminal.cpython-314.pyc -> /home/kevin/test/lib/prompt_toolkit/application/__pycache__/run_in_terminal.cpython-314.pyc (5689 bytes)
2026-02-12 01:53:34,192 - DEBUG - [chan 0] open(b'/home/kevin/test/lib/prompt_toolkit/application/__pycache__/run_in_terminal.cpython-314.pyc', 'wb')
2026-02-12 01:53:34,192 - DEBUG - [chan 0] open(b'/home/kevin/test/lib/prompt_toolkit/application/__pycache__/run_in_terminal.cpython-314.pyc', 'wb') -> 00000000
2026-02-12 01:53:34,193 - DEBUG - Progress: 5689/5689 bytes
2026-02-12 01:53:34,193 - DEBUG - [chan 0] close(00000000)
2026-02-12 01:53:34,194 - DEBUG - [chan 0] stat(b'/home/kevin/test/lib/prompt_toolkit/application/__pycache__/run_in_terminal.cpython-314.pyc')
2026-02-12 01:53:34,196 - INFO - Upload completed successfully: run_in_terminal.cpython-314.pyc
2026-02-12 01:53:34,196 - INFO - Starting upload: lib/prompt_toolkit/application/__pycache__/dummy.cpython-314.pyc -> /home/kevin/test/lib/prompt_toolkit/application/__pycache__/dummy.cpython-314.pyc (3398 bytes)
2026-02-12 01:53:34,198 - DEBUG - [chan 0] open(b'/home/kevin/test/lib/prompt_toolkit/application/__pycache__/dummy.cpython-314.pyc', 'wb')
2026-02-12 01:53:34,199 - DEBUG - [chan 0] open(b'/home/kevin/test/lib/prompt_toolkit/application/__pycache__/dummy.cpython-314.pyc', 'wb') -> 00000000
2026-02-12 01:53:34,199 - DEBUG - Progress: 3398/3398 bytes
2026-02-12 01:53:34,199 - DEBUG - [chan 0] close(00000000)
2026-02-12 01:53:34,200 - DEBUG - [chan 0] stat(b'/home/kevin/test/lib/prompt_toolkit/application/__pycache__/dummy.cpython-314.pyc')
2026-02-12 01:53:34,202 - INFO - Upload completed successfully: dummy.cpython-314.pyc
2026-02-12 01:53:34,202 - INFO - Starting upload: lib/prompt_toolkit/application/__pycache__/current.cpython-314.pyc -> /home/kevin/test/lib/prompt_toolkit/application/__pycache__/current.cpython-314.pyc (8355 bytes)
2026-02-12 01:53:34,204 - DEBUG - [chan 0] open(b'/home/kevin/test/lib/prompt_toolkit/application/__pycache__/current.cpython-314.pyc', 'wb')
2026-02-12 01:53:34,205 - DEBUG - [chan 0] open(b'/home/kevin/test/lib/prompt_toolkit/application/__pycache__/current.cpython-314.pyc', 'wb') -> 00000000
2026-02-12 01:53:34,205 - DEBUG - Progress: 8355/8355 bytes
2026-02-12 01:53:34,205 - DEBUG - [chan 0] close(00000000)
2026-02-12 01:53:34,207 - DEBUG - [chan 0] stat(b'/home/kevin/test/lib/prompt_toolkit/application/__pycache__/current.cpython-314.pyc')
2026-02-12 01:53:34,209 - INFO - Upload completed successfully: current.cpython-314.pyc
2026-02-12 01:53:34,209 - INFO - Starting upload: lib/prompt_toolkit/application/__pycache__/application.cpython-314.pyc -> /home/kevin/test/lib/prompt_toolkit/application/__pycache__/application.cpython-314.pyc (78749 bytes)
2026-02-12 01:53:34,211 - DEBUG - [chan 0] open(b'/home/kevin/test/lib/prompt_toolkit/application/__pycache__/application.cpython-314.pyc', 'wb')
2026-02-12 01:53:34,212 - DEBUG - [chan 0] open(b'/home/kevin/test/lib/prompt_toolkit/application/__pycache__/application.cpython-314.pyc', 'wb') -> 00000000
2026-02-12 01:53:34,212 - DEBUG - Progress: 65536/78749 bytes
2026-02-12 01:53:34,212 - DEBUG - [chan 0] close(00000000)
2026-02-12 01:53:34,222 - DEBUG - [chan 0] stat(b'/home/kevin/test/lib/prompt_toolkit/application/__pycache__/application.cpython-314.pyc')
2026-02-12 01:53:34,224 - INFO - Upload completed successfully: application.cpython-314.pyc
2026-02-12 01:53:34,224 - INFO - Starting upload: lib/prompt_toolkit/application/__pycache__/__init__.cpython-314.pyc -> /home/kevin/test/lib/prompt_toolkit/application/__pycache__/__init__.cpython-314.pyc (671 bytes)
2026-02-12 01:53:34,226 - DEBUG - [chan 0] open(b'/home/kevin/test/lib/prompt_toolkit/application/__pycache__/__init__.cpython-314.pyc', 'wb')
2026-02-12 01:53:34,227 - DEBUG - [chan 0] open(b'/home/kevin/test/lib/prompt_toolkit/application/__pycache__/__init__.cpython-314.pyc', 'wb') -> 00000000
2026-02-12 01:53:34,227 - DEBUG - Progress: 671/671 bytes
2026-02-12 01:53:34,227 - DEBUG - [chan 0] close(00000000)
2026-02-12 01:53:34,228 - DEBUG - [chan 0] stat(b'/home/kevin/test/lib/prompt_toolkit/application/__pycache__/__init__.cpython-314.pyc')
2026-02-12 01:53:34,229 - INFO - Upload completed successfully: __init__.cpython-314.pyc
2026-02-12 01:53:34,229 - DEBUG - [chan 0] mkdir(b'/home/kevin/test/lib/wcwidth-0.6.0.dist-info', 511)
2026-02-12 01:53:34,230 - INFO - Created remote folder: /home/kevin/test/lib/wcwidth-0.6.0.dist-info
2026-02-12 01:53:34,230 - INFO - Starting upload: lib/wcwidth-0.6.0.dist-info/RECORD -> /home/kevin/test/lib/wcwidth-0.6.0.dist-info/RECORD (2429 bytes)
2026-02-12 01:53:34,232 - DEBUG - [chan 0] open(b'/home/kevin/test/lib/wcwidth-0.6.0.dist-info/RECORD', 'wb')
2026-02-12 01:53:34,233 - DEBUG - [chan 0] open(b'/home/kevin/test/lib/wcwidth-0.6.0.dist-info/RECORD', 'wb') -> 00000000
2026-02-12 01:53:34,233 - DEBUG - Progress: 2429/2429 bytes
2026-02-12 01:53:34,233 - DEBUG - [chan 0] close(00000000)
2026-02-12 01:53:34,234 - DEBUG - [chan 0] stat(b'/home/kevin/test/lib/wcwidth-0.6.0.dist-info/RECORD')
2026-02-12 01:53:34,236 - INFO - Upload completed successfully: RECORD
2026-02-12 01:53:34,236 - INFO - Starting upload: lib/wcwidth-0.6.0.dist-info/INSTALLER -> /home/kevin/test/lib/wcwidth-0.6.0.dist-info/INSTALLER (4 bytes)
2026-02-12 01:53:34,238 - DEBUG - [chan 0] open(b'/home/kevin/test/lib/wcwidth-0.6.0.dist-info/INSTALLER', 'wb')
2026-02-12 01:53:34,239 - DEBUG - [chan 0] open(b'/home/kevin/test/lib/wcwidth-0.6.0.dist-info/INSTALLER', 'wb') -> 00000000
2026-02-12 01:53:34,239 - DEBUG - Progress: 4/4 bytes
2026-02-12 01:53:34,239 - DEBUG - [chan 0] close(00000000)
2026-02-12 01:53:34,240 - DEBUG - [chan 0] stat(b'/home/kevin/test/lib/wcwidth-0.6.0.dist-info/INSTALLER')
2026-02-12 01:53:34,242 - INFO - Upload completed successfully: INSTALLER
2026-02-12 01:53:34,242 - INFO - Starting upload: lib/wcwidth-0.6.0.dist-info/WHEEL -> /home/kevin/test/lib/wcwidth-0.6.0.dist-info/WHEEL (87 bytes)
2026-02-12 01:53:34,244 - DEBUG - [chan 0] open(b'/home/kevin/test/lib/wcwidth-0.6.0.dist-info/WHEEL', 'wb')
2026-02-12 01:53:34,244 - DEBUG - [chan 0] open(b'/home/kevin/test/lib/wcwidth-0.6.0.dist-info/WHEEL', 'wb') -> 00000000
2026-02-12 01:53:34,244 - DEBUG - Progress: 87/87 bytes
2026-02-12 01:53:34,244 - DEBUG - [chan 0] close(00000000)
2026-02-12 01:53:34,245 - DEBUG - [chan 0] stat(b'/home/kevin/test/lib/wcwidth-0.6.0.dist-info/WHEEL')
2026-02-12 01:53:34,247 - INFO - Upload completed successfully: WHEEL
2026-02-12 01:53:34,247 - INFO - Starting upload: lib/wcwidth-0.6.0.dist-info/METADATA -> /home/kevin/test/lib/wcwidth-0.6.0.dist-info/METADATA (30525 bytes)
2026-02-12 01:53:34,249 - DEBUG - [chan 0] open(b'/home/kevin/test/lib/wcwidth-0.6.0.dist-info/METADATA', 'wb')
2026-02-12 01:53:34,250 - DEBUG - [chan 0] open(b'/home/kevin/test/lib/wcwidth-0.6.0.dist-info/METADATA', 'wb') -> 00000000
2026-02-12 01:53:34,250 - DEBUG - Progress: 30525/30525 bytes
2026-02-12 01:53:34,251 - DEBUG - [chan 0] close(00000000)
2026-02-12 01:53:34,254 - DEBUG - [chan 0] stat(b'/home/kevin/test/lib/wcwidth-0.6.0.dist-info/METADATA')
2026-02-12 01:53:34,256 - INFO - Upload completed successfully: METADATA
2026-02-12 01:53:34,256 - DEBUG - [chan 0] mkdir(b'/home/kevin/test/lib/wcwidth-0.6.0.dist-info/licenses', 511)
2026-02-12 01:53:34,256 - INFO - Created remote folder: /home/kevin/test/lib/wcwidth-0.6.0.dist-info/licenses
2026-02-12 01:53:34,256 - INFO - Starting upload: lib/wcwidth-0.6.0.dist-info/licenses/LICENSE -> /home/kevin/test/lib/wcwidth-0.6.0.dist-info/licenses/LICENSE (1322 bytes)
2026-02-12 01:53:34,258 - DEBUG - [chan 0] open(b'/home/kevin/test/lib/wcwidth-0.6.0.dist-info/licenses/LICENSE', 'wb')
2026-02-12 01:53:34,258 - DEBUG - [chan 0] open(b'/home/kevin/test/lib/wcwidth-0.6.0.dist-info/licenses/LICENSE', 'wb') -> 00000000
2026-02-12 01:53:34,258 - DEBUG - Progress: 1322/1322 bytes
2026-02-12 01:53:34,259 - DEBUG - [chan 0] close(00000000)
2026-02-12 01:53:34,259 - DEBUG - [chan 0] stat(b'/home/kevin/test/lib/wcwidth-0.6.0.dist-info/licenses/LICENSE')
2026-02-12 01:53:34,261 - INFO - Upload completed successfully: LICENSE
2026-02-12 01:53:34,261 - DEBUG - [chan 0] mkdir(b'/home/kevin/test/lib/wcwidth', 511)
2026-02-12 01:53:34,262 - INFO - Created remote folder: /home/kevin/test/lib/wcwidth
2026-02-12 01:53:34,262 - INFO - Starting upload: lib/wcwidth/wcwidth.py -> /home/kevin/test/lib/wcwidth/wcwidth.py (41127 bytes)
2026-02-12 01:53:34,263 - DEBUG - [chan 0] open(b'/home/kevin/test/lib/wcwidth/wcwidth.py', 'wb')
2026-02-12 01:53:34,264 - DEBUG - [chan 0] open(b'/home/kevin/test/lib/wcwidth/wcwidth.py', 'wb') -> 00000000
2026-02-12 01:53:34,265 - DEBUG - Progress: 32768/41127 bytes
2026-02-12 01:53:34,265 - DEBUG - [chan 0] close(00000000)
2026-02-12 01:53:34,270 - DEBUG - [chan 0] stat(b'/home/kevin/test/lib/wcwidth/wcwidth.py')
2026-02-12 01:53:34,271 - INFO - Upload completed successfully: wcwidth.py
2026-02-12 01:53:34,272 - INFO - Starting upload: lib/wcwidth/unicode_versions.py -> /home/kevin/test/lib/wcwidth/unicode_versions.py (541 bytes)
2026-02-12 01:53:34,273 - DEBUG - [chan 0] open(b'/home/kevin/test/lib/wcwidth/unicode_versions.py', 'wb')
2026-02-12 01:53:34,274 - DEBUG - [chan 0] open(b'/home/kevin/test/lib/wcwidth/unicode_versions.py', 'wb') -> 00000000
2026-02-12 01:53:34,274 - DEBUG - Progress: 541/541 bytes
2026-02-12 01:53:34,274 - DEBUG - [chan 0] close(00000000)
2026-02-12 01:53:34,275 - DEBUG - [chan 0] stat(b'/home/kevin/test/lib/wcwidth/unicode_versions.py')
2026-02-12 01:53:34,276 - INFO - Upload completed successfully: unicode_versions.py
2026-02-12 01:53:34,276 - INFO - Starting upload: lib/wcwidth/textwrap.py -> /home/kevin/test/lib/wcwidth/textwrap.py (28997 bytes)
2026-02-12 01:53:34,278 - DEBUG - [chan 0] open(b'/home/kevin/test/lib/wcwidth/textwrap.py', 'wb')
2026-02-12 01:53:34,278 - DEBUG - [chan 0] open(b'/home/kevin/test/lib/wcwidth/textwrap.py', 'wb') -> 00000000
2026-02-12 01:53:34,279 - DEBUG - Progress: 28997/28997 bytes
2026-02-12 01:53:34,279 - DEBUG - [chan 0] close(00000000)
2026-02-12 01:53:34,283 - DEBUG - [chan 0] stat(b'/home/kevin/test/lib/wcwidth/textwrap.py')
2026-02-12 01:53:34,284 - INFO - Upload completed successfully: textwrap.py
2026-02-12 01:53:34,285 - INFO - Starting upload: lib/wcwidth/table_zero.py -> /home/kevin/test/lib/wcwidth/table_zero.py (25642 bytes)
2026-02-12 01:53:34,286 - DEBUG - [chan 0] open(b'/home/kevin/test/lib/wcwidth/table_zero.py', 'wb')
2026-02-12 01:53:34,287 - DEBUG - [chan 0] open(b'/home/kevin/test/lib/wcwidth/table_zero.py', 'wb') -> 00000000
2026-02-12 01:53:34,287 - DEBUG - Progress: 25642/25642 bytes
2026-02-12 01:53:34,287 - DEBUG - [chan 0] close(00000000)
2026-02-12 01:53:34,291 - DEBUG - [chan 0] stat(b'/home/kevin/test/lib/wcwidth/table_zero.py')
2026-02-12 01:53:34,293 - INFO - Upload completed successfully: table_zero.py
2026-02-12 01:53:34,293 - INFO - Starting upload: lib/wcwidth/table_wide.py -> /home/kevin/test/lib/wcwidth/table_wide.py (8974 bytes)
2026-02-12 01:53:34,295 - DEBUG - [chan 0] open(b'/home/kevin/test/lib/wcwidth/table_wide.py', 'wb')
2026-02-12 01:53:34,295 - DEBUG - [chan 0] open(b'/home/kevin/test/lib/wcwidth/table_wide.py', 'wb') -> 00000000
2026-02-12 01:53:34,296 - DEBUG - Progress: 8974/8974 bytes
2026-02-12 01:53:34,296 - DEBUG - [chan 0] close(00000000)
2026-02-12 01:53:34,297 - DEBUG - [chan 0] stat(b'/home/kevin/test/lib/wcwidth/table_wide.py')
2026-02-12 01:53:34,299 - INFO - Upload completed successfully: table_wide.py
2026-02-12 01:53:34,299 - INFO - Starting upload: lib/wcwidth/table_vs16.py -> /home/kevin/test/lib/wcwidth/table_vs16.py (6890 bytes)
2026-02-12 01:53:34,301 - DEBUG - [chan 0] open(b'/home/kevin/test/lib/wcwidth/table_vs16.py', 'wb')
2026-02-12 01:53:34,302 - DEBUG - [chan 0] open(b'/home/kevin/test/lib/wcwidth/table_vs16.py', 'wb') -> 00000000
2026-02-12 01:53:34,302 - DEBUG - Progress: 6890/6890 bytes
2026-02-12 01:53:34,302 - DEBUG - [chan 0] close(00000000)
2026-02-12 01:53:34,304 - DEBUG - [chan 0] stat(b'/home/kevin/test/lib/wcwidth/table_vs16.py')
2026-02-12 01:53:34,306 - INFO - Upload completed successfully: table_vs16.py
2026-02-12 01:53:34,306 - INFO - Starting upload: lib/wcwidth/table_mc.py -> /home/kevin/test/lib/wcwidth/table_mc.py (13993 bytes)
2026-02-12 01:53:34,308 - DEBUG - [chan 0] open(b'/home/kevin/test/lib/wcwidth/table_mc.py', 'wb')
2026-02-12 01:53:34,308 - DEBUG - [chan 0] open(b'/home/kevin/test/lib/wcwidth/table_mc.py', 'wb') -> 00000000
2026-02-12 01:53:34,309 - DEBUG - Progress: 13993/13993 bytes
2026-02-12 01:53:34,309 - DEBUG - [chan 0] close(00000000)
2026-02-12 01:53:34,311 - DEBUG - [chan 0] stat(b'/home/kevin/test/lib/wcwidth/table_mc.py')
2026-02-12 01:53:34,313 - INFO - Upload completed successfully: table_mc.py
2026-02-12 01:53:34,314 - INFO - Starting upload: lib/wcwidth/table_grapheme.py -> /home/kevin/test/lib/wcwidth/table_grapheme.py (142899 bytes)
2026-02-12 01:53:34,316 - DEBUG - [chan 0] open(b'/home/kevin/test/lib/wcwidth/table_grapheme.py', 'wb')
2026-02-12 01:53:34,316 - DEBUG - [chan 0] open(b'/home/kevin/test/lib/wcwidth/table_grapheme.py', 'wb') -> 00000000
2026-02-12 01:53:34,318 - DEBUG - [chan 0] close(00000000)
2026-02-12 01:53:34,334 - DEBUG - [chan 0] stat(b'/home/kevin/test/lib/wcwidth/table_grapheme.py')
2026-02-12 01:53:34,337 - INFO - Upload completed successfully: table_grapheme.py
2026-02-12 01:53:34,337 - INFO - Starting upload: lib/wcwidth/table_ambiguous.py -> /home/kevin/test/lib/wcwidth/table_ambiguous.py (11900 bytes)
2026-02-12 01:53:34,339 - DEBUG - [chan 0] open(b'/home/kevin/test/lib/wcwidth/table_ambiguous.py', 'wb')
2026-02-12 01:53:34,339 - DEBUG - [chan 0] open(b'/home/kevin/test/lib/wcwidth/table_ambiguous.py', 'wb') -> 00000000
2026-02-12 01:53:34,340 - DEBUG - Progress: 11900/11900 bytes
2026-02-12 01:53:34,340 - DEBUG - [chan 0] close(00000000)
2026-02-12 01:53:34,342 - DEBUG - [chan 0] stat(b'/home/kevin/test/lib/wcwidth/table_ambiguous.py')
2026-02-12 01:53:34,344 - INFO - Upload completed successfully: table_ambiguous.py
2026-02-12 01:53:34,344 - INFO - Starting upload: lib/wcwidth/sgr_state.py -> /home/kevin/test/lib/wcwidth/sgr_state.py (12429 bytes)
2026-02-12 01:53:34,346 - DEBUG - [chan 0] open(b'/home/kevin/test/lib/wcwidth/sgr_state.py', 'wb')
2026-02-12 01:53:34,347 - DEBUG - [chan 0] open(b'/home/kevin/test/lib/wcwidth/sgr_state.py', 'wb') -> 00000000
2026-02-12 01:53:34,348 - DEBUG - Progress: 12429/12429 bytes
2026-02-12 01:53:34,348 - DEBUG - [chan 0] close(00000000)
2026-02-12 01:53:34,350 - DEBUG - [chan 0] stat(b'/home/kevin/test/lib/wcwidth/sgr_state.py')
2026-02-12 01:53:34,352 - INFO - Upload completed successfully: sgr_state.py
2026-02-12 01:53:34,352 - INFO - Starting upload: lib/wcwidth/py.typed -> /home/kevin/test/lib/wcwidth/py.typed (0 bytes)
2026-02-12 01:53:34,354 - DEBUG - [chan 0] open(b'/home/kevin/test/lib/wcwidth/py.typed', 'wb')
2026-02-12 01:53:34,355 - DEBUG - [chan 0] open(b'/home/kevin/test/lib/wcwidth/py.typed', 'wb') -> 00000000
2026-02-12 01:53:34,355 - DEBUG - [chan 0] close(00000000)
2026-02-12 01:53:34,356 - DEBUG - [chan 0] stat(b'/home/kevin/test/lib/wcwidth/py.typed')
2026-02-12 01:53:34,357 - INFO - Upload completed successfully: py.typed
2026-02-12 01:53:34,358 - INFO - Starting upload: lib/wcwidth/grapheme.py -> /home/kevin/test/lib/wcwidth/grapheme.py (13382 bytes)
2026-02-12 01:53:34,359 - DEBUG - [chan 0] open(b'/home/kevin/test/lib/wcwidth/grapheme.py', 'wb')
2026-02-12 01:53:34,360 - DEBUG - [chan 0] open(b'/home/kevin/test/lib/wcwidth/grapheme.py', 'wb') -> 00000000
2026-02-12 01:53:34,361 - DEBUG - Progress: 13382/13382 bytes
2026-02-12 01:53:34,361 - DEBUG - [chan 0] close(00000000)
2026-02-12 01:53:34,364 - DEBUG - [chan 0] stat(b'/home/kevin/test/lib/wcwidth/grapheme.py')
2026-02-12 01:53:34,366 - INFO - Upload completed successfully: grapheme.py
2026-02-12 01:53:34,367 - INFO - Starting upload: lib/wcwidth/escape_sequences.py -> /home/kevin/test/lib/wcwidth/escape_sequences.py (3097 bytes)
2026-02-12 01:53:34,369 - DEBUG - [chan 0] open(b'/home/kevin/test/lib/wcwidth/escape_sequences.py', 'wb')
2026-02-12 01:53:34,370 - DEBUG - [chan 0] open(b'/home/kevin/test/lib/wcwidth/escape_sequences.py', 'wb') -> 00000000
2026-02-12 01:53:34,370 - DEBUG - Progress: 3097/3097 bytes
2026-02-12 01:53:34,370 - DEBUG - [chan 0] close(00000000)
2026-02-12 01:53:34,371 - DEBUG - [chan 0] stat(b'/home/kevin/test/lib/wcwidth/escape_sequences.py')
2026-02-12 01:53:34,373 - INFO - Upload completed successfully: escape_sequences.py
2026-02-12 01:53:34,373 - INFO - Starting upload: lib/wcwidth/control_codes.py -> /home/kevin/test/lib/wcwidth/control_codes.py (1579 bytes)
2026-02-12 01:53:34,375 - DEBUG - [chan 0] open(b'/home/kevin/test/lib/wcwidth/control_codes.py', 'wb')
2026-02-12 01:53:34,376 - DEBUG - [chan 0] open(b'/home/kevin/test/lib/wcwidth/control_codes.py', 'wb') -> 00000000
2026-02-12 01:53:34,376 - DEBUG - Progress: 1579/1579 bytes
2026-02-12 01:53:34,376 - DEBUG - [chan 0] close(00000000)
2026-02-12 01:53:34,377 - DEBUG - [chan 0] stat(b'/home/kevin/test/lib/wcwidth/control_codes.py')
2026-02-12 01:53:34,379 - INFO - Upload completed successfully: control_codes.py
2026-02-12 01:53:34,379 - INFO - Starting upload: lib/wcwidth/bisearch.py -> /home/kevin/test/lib/wcwidth/bisearch.py (812 bytes)
2026-02-12 01:53:34,382 - DEBUG - [chan 0] open(b'/home/kevin/test/lib/wcwidth/bisearch.py', 'wb')
2026-02-12 01:53:34,383 - DEBUG - [chan 0] open(b'/home/kevin/test/lib/wcwidth/bisearch.py', 'wb') -> 00000000
2026-02-12 01:53:34,383 - DEBUG - Progress: 812/812 bytes
2026-02-12 01:53:34,383 - DEBUG - [chan 0] close(00000000)
2026-02-12 01:53:34,384 - DEBUG - [chan 0] stat(b'/home/kevin/test/lib/wcwidth/bisearch.py')
2026-02-12 01:53:34,386 - INFO - Upload completed successfully: bisearch.py
2026-02-12 01:53:34,386 - INFO - Starting upload: lib/wcwidth/__init__.py -> /home/kevin/test/lib/wcwidth/__init__.py (1793 bytes)
2026-02-12 01:53:34,388 - DEBUG - [chan 0] open(b'/home/kevin/test/lib/wcwidth/__init__.py', 'wb')
2026-02-12 01:53:34,388 - DEBUG - [chan 0] open(b'/home/kevin/test/lib/wcwidth/__init__.py', 'wb') -> 00000000
2026-02-12 01:53:34,389 - DEBUG - Progress: 1793/1793 bytes
2026-02-12 01:53:34,389 - DEBUG - [chan 0] close(00000000)
2026-02-12 01:53:34,390 - DEBUG - [chan 0] stat(b'/home/kevin/test/lib/wcwidth/__init__.py')
2026-02-12 01:53:34,392 - INFO - Upload completed successfully: __init__.py
2026-02-12 01:53:34,392 - DEBUG - [chan 0] mkdir(b'/home/kevin/test/lib/wcwidth/__pycache__', 511)
2026-02-12 01:53:34,393 - INFO - Created remote folder: /home/kevin/test/lib/wcwidth/__pycache__
2026-02-12 01:53:34,393 - INFO - Starting upload: lib/wcwidth/__pycache__/wcwidth.cpython-314.pyc -> /home/kevin/test/lib/wcwidth/__pycache__/wcwidth.cpython-314.pyc (34466 bytes)
2026-02-12 01:53:34,395 - DEBUG - [chan 0] open(b'/home/kevin/test/lib/wcwidth/__pycache__/wcwidth.cpython-314.pyc', 'wb')
2026-02-12 01:53:34,396 - DEBUG - [chan 0] open(b'/home/kevin/test/lib/wcwidth/__pycache__/wcwidth.cpython-314.pyc', 'wb') -> 00000000
2026-02-12 01:53:34,396 - DEBUG - Progress: 32768/34466 bytes
2026-02-12 01:53:34,396 - DEBUG - [chan 0] close(00000000)
2026-02-12 01:53:34,401 - DEBUG - [chan 0] stat(b'/home/kevin/test/lib/wcwidth/__pycache__/wcwidth.cpython-314.pyc')
2026-02-12 01:53:34,403 - INFO - Upload completed successfully: wcwidth.cpython-314.pyc
2026-02-12 01:53:34,403 - INFO - Starting upload: lib/wcwidth/__pycache__/unicode_versions.cpython-314.pyc -> /home/kevin/test/lib/wcwidth/__pycache__/unicode_versions.cpython-314.pyc (914 bytes)
2026-02-12 01:53:34,405 - DEBUG - [chan 0] open(b'/home/kevin/test/lib/wcwidth/__pycache__/unicode_versions.cpython-314.pyc', 'wb')
2026-02-12 01:53:34,406 - DEBUG - [chan 0] open(b'/home/kevin/test/lib/wcwidth/__pycache__/unicode_versions.cpython-314.pyc', 'wb') -> 00000000
2026-02-12 01:53:34,406 - DEBUG - Progress: 914/914 bytes
2026-02-12 01:53:34,406 - DEBUG - [chan 0] close(00000000)
2026-02-12 01:53:34,407 - DEBUG - [chan 0] stat(b'/home/kevin/test/lib/wcwidth/__pycache__/unicode_versions.cpython-314.pyc')
2026-02-12 01:53:34,410 - INFO - Upload completed successfully: unicode_versions.cpython-314.pyc
2026-02-12 01:53:34,411 - INFO - Starting upload: lib/wcwidth/__pycache__/textwrap.cpython-314.pyc -> /home/kevin/test/lib/wcwidth/__pycache__/textwrap.cpython-314.pyc (27431 bytes)
2026-02-12 01:53:34,414 - DEBUG - [chan 0] open(b'/home/kevin/test/lib/wcwidth/__pycache__/textwrap.cpython-314.pyc', 'wb')
2026-02-12 01:53:34,415 - DEBUG - [chan 0] open(b'/home/kevin/test/lib/wcwidth/__pycache__/textwrap.cpython-314.pyc', 'wb') -> 00000000
2026-02-12 01:53:34,415 - DEBUG - Progress: 27431/27431 bytes
2026-02-12 01:53:34,415 - DEBUG - [chan 0] close(00000000)
2026-02-12 01:53:34,419 - DEBUG - [chan 0] stat(b'/home/kevin/test/lib/wcwidth/__pycache__/textwrap.cpython-314.pyc')
2026-02-12 01:53:34,423 - INFO - Upload completed successfully: textwrap.cpython-314.pyc
2026-02-12 01:53:34,423 - INFO - Starting upload: lib/wcwidth/__pycache__/table_zero.cpython-314.pyc -> /home/kevin/test/lib/wcwidth/__pycache__/table_zero.cpython-314.pyc (4419 bytes)
2026-02-12 01:53:34,425 - DEBUG - [chan 0] open(b'/home/kevin/test/lib/wcwidth/__pycache__/table_zero.cpython-314.pyc', 'wb')
2026-02-12 01:53:34,426 - DEBUG - [chan 0] open(b'/home/kevin/test/lib/wcwidth/__pycache__/table_zero.cpython-314.pyc', 'wb') -> 00000000
2026-02-12 01:53:34,426 - DEBUG - Progress: 4419/4419 bytes
2026-02-12 01:53:34,426 - DEBUG - [chan 0] close(00000000)
2026-02-12 01:53:34,427 - DEBUG - [chan 0] stat(b'/home/kevin/test/lib/wcwidth/__pycache__/table_zero.cpython-314.pyc')
2026-02-12 01:53:34,429 - INFO - Upload completed successfully: table_zero.cpython-314.pyc
2026-02-12 01:53:34,430 - INFO - Starting upload: lib/wcwidth/__pycache__/table_wide.cpython-314.pyc -> /home/kevin/test/lib/wcwidth/__pycache__/table_wide.cpython-314.pyc (1880 bytes)
2026-02-12 01:53:34,432 - DEBUG - [chan 0] open(b'/home/kevin/test/lib/wcwidth/__pycache__/table_wide.cpython-314.pyc', 'wb')
2026-02-12 01:53:34,432 - DEBUG - [chan 0] open(b'/home/kevin/test/lib/wcwidth/__pycache__/table_wide.cpython-314.pyc', 'wb') -> 00000000
2026-02-12 01:53:34,432 - DEBUG - Progress: 1880/1880 bytes
2026-02-12 01:53:34,432 - DEBUG - [chan 0] close(00000000)
2026-02-12 01:53:34,433 - DEBUG - [chan 0] stat(b'/home/kevin/test/lib/wcwidth/__pycache__/table_wide.cpython-314.pyc')
2026-02-12 01:53:34,436 - INFO - Upload completed successfully: table_wide.cpython-314.pyc
2026-02-12 01:53:34,436 - INFO - Starting upload: lib/wcwidth/__pycache__/table_vs16.cpython-314.pyc -> /home/kevin/test/lib/wcwidth/__pycache__/table_vs16.cpython-314.pyc (1746 bytes)
2026-02-12 01:53:34,438 - DEBUG - [chan 0] open(b'/home/kevin/test/lib/wcwidth/__pycache__/table_vs16.cpython-314.pyc', 'wb')
2026-02-12 01:53:34,438 - DEBUG - [chan 0] open(b'/home/kevin/test/lib/wcwidth/__pycache__/table_vs16.cpython-314.pyc', 'wb') -> 00000000
2026-02-12 01:53:34,438 - DEBUG - Progress: 1746/1746 bytes
2026-02-12 01:53:34,438 - DEBUG - [chan 0] close(00000000)
2026-02-12 01:53:34,439 - DEBUG - [chan 0] stat(b'/home/kevin/test/lib/wcwidth/__pycache__/table_vs16.cpython-314.pyc')
2026-02-12 01:53:34,441 - INFO - Upload completed successfully: table_vs16.cpython-314.pyc
2026-02-12 01:53:34,441 - INFO - Starting upload: lib/wcwidth/__pycache__/table_mc.cpython-314.pyc -> /home/kevin/test/lib/wcwidth/__pycache__/table_mc.cpython-314.pyc (2688 bytes)
2026-02-12 01:53:34,443 - DEBUG - [chan 0] open(b'/home/kevin/test/lib/wcwidth/__pycache__/table_mc.cpython-314.pyc', 'wb')
2026-02-12 01:53:34,443 - DEBUG - [chan 0] open(b'/home/kevin/test/lib/wcwidth/__pycache__/table_mc.cpython-314.pyc', 'wb') -> 00000000
2026-02-12 01:53:34,443 - DEBUG - Progress: 2688/2688 bytes
2026-02-12 01:53:34,443 - DEBUG - [chan 0] close(00000000)
2026-02-12 01:53:34,445 - DEBUG - [chan 0] stat(b'/home/kevin/test/lib/wcwidth/__pycache__/table_mc.cpython-314.pyc')
2026-02-12 01:53:34,446 - INFO - Upload completed successfully: table_mc.cpython-314.pyc
2026-02-12 01:53:34,447 - INFO - Starting upload: lib/wcwidth/__pycache__/table_grapheme.cpython-314.pyc -> /home/kevin/test/lib/wcwidth/__pycache__/table_grapheme.cpython-314.pyc (24115 bytes)
2026-02-12 01:53:34,449 - DEBUG - [chan 0] open(b'/home/kevin/test/lib/wcwidth/__pycache__/table_grapheme.cpython-314.pyc', 'wb')
2026-02-12 01:53:34,450 - DEBUG - [chan 0] open(b'/home/kevin/test/lib/wcwidth/__pycache__/table_grapheme.cpython-314.pyc', 'wb') -> 00000000
2026-02-12 01:53:34,450 - DEBUG - Progress: 24115/24115 bytes
2026-02-12 01:53:34,450 - DEBUG - [chan 0] close(00000000)
2026-02-12 01:53:34,454 - DEBUG - [chan 0] stat(b'/home/kevin/test/lib/wcwidth/__pycache__/table_grapheme.cpython-314.pyc')
2026-02-12 01:53:34,455 - INFO - Upload completed successfully: table_grapheme.cpython-314.pyc
2026-02-12 01:53:34,455 - INFO - Starting upload: lib/wcwidth/__pycache__/table_ambiguous.cpython-314.pyc -> /home/kevin/test/lib/wcwidth/__pycache__/table_ambiguous.cpython-314.pyc (2508 bytes)
2026-02-12 01:53:34,457 - DEBUG - [chan 0] open(b'/home/kevin/test/lib/wcwidth/__pycache__/table_ambiguous.cpython-314.pyc', 'wb')
2026-02-12 01:53:34,457 - DEBUG - [chan 0] open(b'/home/kevin/test/lib/wcwidth/__pycache__/table_ambiguous.cpython-314.pyc', 'wb') -> 00000000
2026-02-12 01:53:34,457 - DEBUG - Progress: 2508/2508 bytes
2026-02-12 01:53:34,457 - DEBUG - [chan 0] close(00000000)
2026-02-12 01:53:34,459 - DEBUG - [chan 0] stat(b'/home/kevin/test/lib/wcwidth/__pycache__/table_ambiguous.cpython-314.pyc')
2026-02-12 01:53:34,460 - INFO - Upload completed successfully: table_ambiguous.cpython-314.pyc
2026-02-12 01:53:34,460 - INFO - Starting upload: lib/wcwidth/__pycache__/sgr_state.cpython-314.pyc -> /home/kevin/test/lib/wcwidth/__pycache__/sgr_state.cpython-314.pyc (16357 bytes)
2026-02-12 01:53:34,462 - DEBUG - [chan 0] open(b'/home/kevin/test/lib/wcwidth/__pycache__/sgr_state.cpython-314.pyc', 'wb')
2026-02-12 01:53:34,462 - DEBUG - [chan 0] open(b'/home/kevin/test/lib/wcwidth/__pycache__/sgr_state.cpython-314.pyc', 'wb') -> 00000000
2026-02-12 01:53:34,463 - DEBUG - Progress: 16357/16357 bytes
2026-02-12 01:53:34,463 - DEBUG - [chan 0] close(00000000)
2026-02-12 01:53:34,465 - DEBUG - [chan 0] stat(b'/home/kevin/test/lib/wcwidth/__pycache__/sgr_state.cpython-314.pyc')
2026-02-12 01:53:34,467 - INFO - Upload completed successfully: sgr_state.cpython-314.pyc
2026-02-12 01:53:34,467 - INFO - Starting upload: lib/wcwidth/__pycache__/grapheme.cpython-314.pyc -> /home/kevin/test/lib/wcwidth/__pycache__/grapheme.cpython-314.pyc (15474 bytes)
2026-02-12 01:53:34,468 - DEBUG - [chan 0] open(b'/home/kevin/test/lib/wcwidth/__pycache__/grapheme.cpython-314.pyc', 'wb')
2026-02-12 01:53:34,469 - DEBUG - [chan 0] open(b'/home/kevin/test/lib/wcwidth/__pycache__/grapheme.cpython-314.pyc', 'wb') -> 00000000
2026-02-12 01:53:34,469 - DEBUG - Progress: 15474/15474 bytes
2026-02-12 01:53:34,469 - DEBUG - [chan 0] close(00000000)
2026-02-12 01:53:34,471 - DEBUG - [chan 0] stat(b'/home/kevin/test/lib/wcwidth/__pycache__/grapheme.cpython-314.pyc')
2026-02-12 01:53:34,473 - INFO - Upload completed successfully: grapheme.cpython-314.pyc
2026-02-12 01:53:34,473 - INFO - Starting upload: lib/wcwidth/__pycache__/escape_sequences.cpython-314.pyc -> /home/kevin/test/lib/wcwidth/__pycache__/escape_sequences.cpython-314.pyc (1605 bytes)
2026-02-12 01:53:34,474 - DEBUG - [chan 0] open(b'/home/kevin/test/lib/wcwidth/__pycache__/escape_sequences.cpython-314.pyc', 'wb')
2026-02-12 01:53:34,475 - DEBUG - [chan 0] open(b'/home/kevin/test/lib/wcwidth/__pycache__/escape_sequences.cpython-314.pyc', 'wb') -> 00000000
2026-02-12 01:53:34,475 - DEBUG - Progress: 1605/1605 bytes
2026-02-12 01:53:34,475 - DEBUG - [chan 0] close(00000000)
2026-02-12 01:53:34,476 - DEBUG - [chan 0] stat(b'/home/kevin/test/lib/wcwidth/__pycache__/escape_sequences.cpython-314.pyc')
2026-02-12 01:53:34,478 - INFO - Upload completed successfully: escape_sequences.cpython-314.pyc
2026-02-12 01:53:34,478 - INFO - Starting upload: lib/wcwidth/__pycache__/control_codes.cpython-314.pyc -> /home/kevin/test/lib/wcwidth/__pycache__/control_codes.cpython-314.pyc (1170 bytes)
2026-02-12 01:53:34,479 - DEBUG - [chan 0] open(b'/home/kevin/test/lib/wcwidth/__pycache__/control_codes.cpython-314.pyc', 'wb')
2026-02-12 01:53:34,480 - DEBUG - [chan 0] open(b'/home/kevin/test/lib/wcwidth/__pycache__/control_codes.cpython-314.pyc', 'wb') -> 00000000
2026-02-12 01:53:34,480 - DEBUG - Progress: 1170/1170 bytes
2026-02-12 01:53:34,480 - DEBUG - [chan 0] close(00000000)
2026-02-12 01:53:34,481 - DEBUG - [chan 0] stat(b'/home/kevin/test/lib/wcwidth/__pycache__/control_codes.cpython-314.pyc')
2026-02-12 01:53:34,482 - INFO - Upload completed successfully: control_codes.cpython-314.pyc
2026-02-12 01:53:34,482 - INFO - Starting upload: lib/wcwidth/__pycache__/bisearch.cpython-314.pyc -> /home/kevin/test/lib/wcwidth/__pycache__/bisearch.cpython-314.pyc (1308 bytes)
2026-02-12 01:53:34,484 - DEBUG - [chan 0] open(b'/home/kevin/test/lib/wcwidth/__pycache__/bisearch.cpython-314.pyc', 'wb')
2026-02-12 01:53:34,484 - DEBUG - [chan 0] open(b'/home/kevin/test/lib/wcwidth/__pycache__/bisearch.cpython-314.pyc', 'wb') -> 00000000
2026-02-12 01:53:34,484 - DEBUG - Progress: 1308/1308 bytes
2026-02-12 01:53:34,484 - DEBUG - [chan 0] close(00000000)
2026-02-12 01:53:34,485 - DEBUG - [chan 0] stat(b'/home/kevin/test/lib/wcwidth/__pycache__/bisearch.cpython-314.pyc')
2026-02-12 01:53:34,487 - INFO - Upload completed successfully: bisearch.cpython-314.pyc
2026-02-12 01:53:34,487 - INFO - Starting upload: lib/wcwidth/__pycache__/__init__.cpython-314.pyc -> /home/kevin/test/lib/wcwidth/__pycache__/__init__.cpython-314.pyc (1043 bytes)
2026-02-12 01:53:34,489 - DEBUG - [chan 0] open(b'/home/kevin/test/lib/wcwidth/__pycache__/__init__.cpython-314.pyc', 'wb')
2026-02-12 01:53:34,490 - DEBUG - [chan 0] open(b'/home/kevin/test/lib/wcwidth/__pycache__/__init__.cpython-314.pyc', 'wb') -> 00000000
2026-02-12 01:53:34,490 - DEBUG - Progress: 1043/1043 bytes
2026-02-12 01:53:34,490 - DEBUG - [chan 0] close(00000000)
2026-02-12 01:53:34,491 - DEBUG - [chan 0] stat(b'/home/kevin/test/lib/wcwidth/__pycache__/__init__.cpython-314.pyc')
2026-02-12 01:53:34,492 - INFO - Upload completed successfully: __init__.cpython-314.pyc
2026-02-12 01:53:34,492 - DEBUG - [chan 0] mkdir(b'/home/kevin/test/lib/rich-14.3.2.dist-info', 511)
2026-02-12 01:53:34,493 - INFO - Created remote folder: /home/kevin/test/lib/rich-14.3.2.dist-info
2026-02-12 01:53:34,493 - INFO - Starting upload: lib/rich-14.3.2.dist-info/RECORD -> /home/kevin/test/lib/rich-14.3.2.dist-info/RECORD (13199 bytes)
2026-02-12 01:53:34,494 - DEBUG - [chan 0] open(b'/home/kevin/test/lib/rich-14.3.2.dist-info/RECORD', 'wb')
2026-02-12 01:53:34,495 - DEBUG - [chan 0] open(b'/home/kevin/test/lib/rich-14.3.2.dist-info/RECORD', 'wb') -> 00000000
2026-02-12 01:53:34,495 - DEBUG - Progress: 13199/13199 bytes
2026-02-12 01:53:34,495 - DEBUG - [chan 0] close(00000000)
2026-02-12 01:53:34,497 - DEBUG - [chan 0] stat(b'/home/kevin/test/lib/rich-14.3.2.dist-info/RECORD')
2026-02-12 01:53:34,499 - INFO - Upload completed successfully: RECORD
2026-02-12 01:53:34,499 - INFO - Starting upload: lib/rich-14.3.2.dist-info/REQUESTED -> /home/kevin/test/lib/rich-14.3.2.dist-info/REQUESTED (0 bytes)
2026-02-12 01:53:34,500 - DEBUG - [chan 0] open(b'/home/kevin/test/lib/rich-14.3.2.dist-info/REQUESTED', 'wb')
2026-02-12 01:53:34,501 - DEBUG - [chan 0] open(b'/home/kevin/test/lib/rich-14.3.2.dist-info/REQUESTED', 'wb') -> 00000000
2026-02-12 01:53:34,501 - DEBUG - [chan 0] close(00000000)
2026-02-12 01:53:34,501 - DEBUG - [chan 0] stat(b'/home/kevin/test/lib/rich-14.3.2.dist-info/REQUESTED')
2026-02-12 01:53:34,503 - INFO - Upload completed successfully: REQUESTED
2026-02-12 01:53:34,503 - INFO - Starting upload: lib/rich-14.3.2.dist-info/INSTALLER -> /home/kevin/test/lib/rich-14.3.2.dist-info/INSTALLER (4 bytes)
2026-02-12 01:53:34,504 - DEBUG - [chan 0] open(b'/home/kevin/test/lib/rich-14.3.2.dist-info/INSTALLER', 'wb')
2026-02-12 01:53:34,505 - DEBUG - [chan 0] open(b'/home/kevin/test/lib/rich-14.3.2.dist-info/INSTALLER', 'wb') -> 00000000
2026-02-12 01:53:34,505 - DEBUG - Progress: 4/4 bytes
2026-02-12 01:53:34,505 - DEBUG - [chan 0] close(00000000)
2026-02-12 01:53:34,506 - DEBUG - [chan 0] stat(b'/home/kevin/test/lib/rich-14.3.2.dist-info/INSTALLER')
2026-02-12 01:53:34,507 - INFO - Upload completed successfully: INSTALLER
2026-02-12 01:53:34,507 - INFO - Starting upload: lib/rich-14.3.2.dist-info/WHEEL -> /home/kevin/test/lib/rich-14.3.2.dist-info/WHEEL (88 bytes)
2026-02-12 01:53:34,508 - DEBUG - [chan 0] open(b'/home/kevin/test/lib/rich-14.3.2.dist-info/WHEEL', 'wb')
2026-02-12 01:53:34,509 - DEBUG - [chan 0] open(b'/home/kevin/test/lib/rich-14.3.2.dist-info/WHEEL', 'wb') -> 00000000
2026-02-12 01:53:34,509 - DEBUG - Progress: 88/88 bytes
2026-02-12 01:53:34,509 - DEBUG - [chan 0] close(00000000)
2026-02-12 01:53:34,510 - DEBUG - [chan 0] stat(b'/home/kevin/test/lib/rich-14.3.2.dist-info/WHEEL')
2026-02-12 01:53:34,511 - INFO - Upload completed successfully: WHEEL
2026-02-12 01:53:34,511 - INFO - Starting upload: lib/rich-14.3.2.dist-info/METADATA -> /home/kevin/test/lib/rich-14.3.2.dist-info/METADATA (18473 bytes)
2026-02-12 01:53:34,513 - DEBUG - [chan 0] open(b'/home/kevin/test/lib/rich-14.3.2.dist-info/METADATA', 'wb')
2026-02-12 01:53:34,513 - DEBUG - [chan 0] open(b'/home/kevin/test/lib/rich-14.3.2.dist-info/METADATA', 'wb') -> 00000000
2026-02-12 01:53:34,513 - DEBUG - Progress: 18473/18473 bytes
2026-02-12 01:53:34,513 - DEBUG - [chan 0] close(00000000)
2026-02-12 01:53:34,517 - DEBUG - [chan 0] stat(b'/home/kevin/test/lib/rich-14.3.2.dist-info/METADATA')
2026-02-12 01:53:34,519 - INFO - Upload completed successfully: METADATA
2026-02-12 01:53:34,519 - INFO - Starting upload: lib/rich-14.3.2.dist-info/LICENSE -> /home/kevin/test/lib/rich-14.3.2.dist-info/LICENSE (1056 bytes)
2026-02-12 01:53:34,521 - DEBUG - [chan 0] open(b'/home/kevin/test/lib/rich-14.3.2.dist-info/LICENSE', 'wb')
2026-02-12 01:53:34,521 - DEBUG - [chan 0] open(b'/home/kevin/test/lib/rich-14.3.2.dist-info/LICENSE', 'wb') -> 00000000
2026-02-12 01:53:34,521 - DEBUG - Progress: 1056/1056 bytes
2026-02-12 01:53:34,521 - DEBUG - [chan 0] close(00000000)
2026-02-12 01:53:34,522 - DEBUG - [chan 0] stat(b'/home/kevin/test/lib/rich-14.3.2.dist-info/LICENSE')
2026-02-12 01:53:34,523 - INFO - Upload completed successfully: LICENSE
2026-02-12 01:53:34,524 - DEBUG - [chan 0] mkdir(b'/home/kevin/test/lib/rich', 511)
2026-02-12 01:53:34,524 - INFO - Created remote folder: /home/kevin/test/lib/rich
2026-02-12 01:53:34,524 - INFO - Starting upload: lib/rich/tree.py -> /home/kevin/test/lib/rich/tree.py (9391 bytes)
2026-02-12 01:53:34,526 - DEBUG - [chan 0] open(b'/home/kevin/test/lib/rich/tree.py', 'wb')
2026-02-12 01:53:34,526 - DEBUG - [chan 0] open(b'/home/kevin/test/lib/rich/tree.py', 'wb') -> 00000000
2026-02-12 01:53:34,526 - DEBUG - Progress: 9391/9391 bytes
2026-02-12 01:53:34,526 - DEBUG - [chan 0] close(00000000)
2026-02-12 01:53:34,530 - DEBUG - [chan 0] stat(b'/home/kevin/test/lib/rich/tree.py')
2026-02-12 01:53:34,531 - INFO - Upload completed successfully: tree.py
2026-02-12 01:53:34,532 - INFO - Starting upload: lib/rich/traceback.py -> /home/kevin/test/lib/rich/traceback.py (37535 bytes)
2026-02-12 01:53:34,533 - DEBUG - [chan 0] open(b'/home/kevin/test/lib/rich/traceback.py', 'wb')
2026-02-12 01:53:34,534 - DEBUG - [chan 0] open(b'/home/kevin/test/lib/rich/traceback.py', 'wb') -> 00000000
2026-02-12 01:53:34,534 - DEBUG - Progress: 32768/37535 bytes
2026-02-12 01:53:34,534 - DEBUG - [chan 0] close(00000000)
2026-02-12 01:53:34,539 - DEBUG - [chan 0] stat(b'/home/kevin/test/lib/rich/traceback.py')
2026-02-12 01:53:34,542 - INFO - Upload completed successfully: traceback.py
2026-02-12 01:53:34,542 - INFO - Starting upload: lib/rich/themes.py -> /home/kevin/test/lib/rich/themes.py (102 bytes)
2026-02-12 01:53:34,544 - DEBUG - [chan 0] open(b'/home/kevin/test/lib/rich/themes.py', 'wb')
2026-02-12 01:53:34,545 - DEBUG - [chan 0] open(b'/home/kevin/test/lib/rich/themes.py', 'wb') -> 00000000
2026-02-12 01:53:34,545 - DEBUG - Progress: 102/102 bytes
2026-02-12 01:53:34,545 - DEBUG - [chan 0] close(00000000)
2026-02-12 01:53:34,546 - DEBUG - [chan 0] stat(b'/home/kevin/test/lib/rich/themes.py')
2026-02-12 01:53:34,548 - INFO - Upload completed successfully: themes.py
2026-02-12 01:53:34,548 - INFO - Starting upload: lib/rich/theme.py -> /home/kevin/test/lib/rich/theme.py (3771 bytes)
2026-02-12 01:53:34,550 - DEBUG - [chan 0] open(b'/home/kevin/test/lib/rich/theme.py', 'wb')
2026-02-12 01:53:34,550 - DEBUG - [chan 0] open(b'/home/kevin/test/lib/rich/theme.py', 'wb') -> 00000000
2026-02-12 01:53:34,551 - DEBUG - Progress: 3771/3771 bytes
2026-02-12 01:53:34,551 - DEBUG - [chan 0] close(00000000)
2026-02-12 01:53:34,552 - DEBUG - [chan 0] stat(b'/home/kevin/test/lib/rich/theme.py')
2026-02-12 01:53:34,554 - INFO - Upload completed successfully: theme.py
2026-02-12 01:53:34,554 - INFO - Starting upload: lib/rich/text.py -> /home/kevin/test/lib/rich/text.py (47655 bytes)
2026-02-12 01:53:34,556 - DEBUG - [chan 0] open(b'/home/kevin/test/lib/rich/text.py', 'wb')
2026-02-12 01:53:34,557 - DEBUG - [chan 0] open(b'/home/kevin/test/lib/rich/text.py', 'wb') -> 00000000
2026-02-12 01:53:34,558 - DEBUG - [chan 0] close(00000000)
2026-02-12 01:53:34,563 - DEBUG - [chan 0] stat(b'/home/kevin/test/lib/rich/text.py')
2026-02-12 01:53:34,565 - INFO - Upload completed successfully: text.py
2026-02-12 01:53:34,565 - INFO - Starting upload: lib/rich/terminal_theme.py -> /home/kevin/test/lib/rich/terminal_theme.py (3370 bytes)
2026-02-12 01:53:34,567 - DEBUG - [chan 0] open(b'/home/kevin/test/lib/rich/terminal_theme.py', 'wb')
2026-02-12 01:53:34,567 - DEBUG - [chan 0] open(b'/home/kevin/test/lib/rich/terminal_theme.py', 'wb') -> 00000000
2026-02-12 01:53:34,567 - DEBUG - Progress: 3370/3370 bytes
2026-02-12 01:53:34,567 - DEBUG - [chan 0] close(00000000)
2026-02-12 01:53:34,569 - DEBUG - [chan 0] stat(b'/home/kevin/test/lib/rich/terminal_theme.py')
2026-02-12 01:53:34,571 - INFO - Upload completed successfully: terminal_theme.py
2026-02-12 01:53:34,571 - INFO - Starting upload: lib/rich/table.py -> /home/kevin/test/lib/rich/table.py (40033 bytes)
2026-02-12 01:53:34,572 - DEBUG - [chan 0] open(b'/home/kevin/test/lib/rich/table.py', 'wb')
2026-02-12 01:53:34,573 - DEBUG - [chan 0] open(b'/home/kevin/test/lib/rich/table.py', 'wb') -> 00000000
2026-02-12 01:53:34,573 - DEBUG - Progress: 32768/40033 bytes
2026-02-12 01:53:34,573 - DEBUG - [chan 0] close(00000000)
2026-02-12 01:53:34,578 - DEBUG - [chan 0] stat(b'/home/kevin/test/lib/rich/table.py')
2026-02-12 01:53:34,580 - INFO - Upload completed successfully: table.py
2026-02-12 01:53:34,581 - INFO - Starting upload: lib/rich/syntax.py -> /home/kevin/test/lib/rich/syntax.py (36263 bytes)
2026-02-12 01:53:34,583 - DEBUG - [chan 0] open(b'/home/kevin/test/lib/rich/syntax.py', 'wb')
2026-02-12 01:53:34,583 - DEBUG - [chan 0] open(b'/home/kevin/test/lib/rich/syntax.py', 'wb') -> 00000000
2026-02-12 01:53:34,584 - DEBUG - Progress: 32768/36263 bytes
2026-02-12 01:53:34,584 - DEBUG - [chan 0] close(00000000)
2026-02-12 01:53:34,588 - DEBUG - [chan 0] stat(b'/home/kevin/test/lib/rich/syntax.py')
2026-02-12 01:53:34,590 - INFO - Upload completed successfully: syntax.py
2026-02-12 01:53:34,590 - INFO - Starting upload: lib/rich/styled.py -> /home/kevin/test/lib/rich/styled.py (1234 bytes)
2026-02-12 01:53:34,593 - DEBUG - [chan 0] open(b'/home/kevin/test/lib/rich/styled.py', 'wb')
2026-02-12 01:53:34,594 - DEBUG - [chan 0] open(b'/home/kevin/test/lib/rich/styled.py', 'wb') -> 00000000
2026-02-12 01:53:34,594 - DEBUG - Progress: 1234/1234 bytes
2026-02-12 01:53:34,594 - DEBUG - [chan 0] close(00000000)
2026-02-12 01:53:34,595 - DEBUG - [chan 0] stat(b'/home/kevin/test/lib/rich/styled.py')
2026-02-12 01:53:34,597 - INFO - Upload completed successfully: styled.py
2026-02-12 01:53:34,597 - INFO - Starting upload: lib/rich/style.py -> /home/kevin/test/lib/rich/style.py (26990 bytes)
2026-02-12 01:53:34,599 - DEBUG - [chan 0] open(b'/home/kevin/test/lib/rich/style.py', 'wb')
2026-02-12 01:53:34,600 - DEBUG - [chan 0] open(b'/home/kevin/test/lib/rich/style.py', 'wb') -> 00000000
2026-02-12 01:53:34,600 - DEBUG - Progress: 26990/26990 bytes
2026-02-12 01:53:34,600 - DEBUG - [chan 0] close(00000000)
2026-02-12 01:53:34,603 - DEBUG - [chan 0] stat(b'/home/kevin/test/lib/rich/style.py')
2026-02-12 01:53:34,606 - INFO - Upload completed successfully: style.py
2026-02-12 01:53:34,606 - INFO - Starting upload: lib/rich/status.py -> /home/kevin/test/lib/rich/status.py (4424 bytes)
2026-02-12 01:53:34,608 - DEBUG - [chan 0] open(b'/home/kevin/test/lib/rich/status.py', 'wb')
2026-02-12 01:53:34,609 - DEBUG - [chan 0] open(b'/home/kevin/test/lib/rich/status.py', 'wb') -> 00000000
2026-02-12 01:53:34,609 - DEBUG - Progress: 4424/4424 bytes
2026-02-12 01:53:34,609 - DEBUG - [chan 0] close(00000000)
2026-02-12 01:53:34,610 - DEBUG - [chan 0] stat(b'/home/kevin/test/lib/rich/status.py')
2026-02-12 01:53:34,613 - INFO - Upload completed successfully: status.py
2026-02-12 01:53:34,613 - INFO - Starting upload: lib/rich/spinner.py -> /home/kevin/test/lib/rich/spinner.py (4214 bytes)
2026-02-12 01:53:34,615 - DEBUG - [chan 0] open(b'/home/kevin/test/lib/rich/spinner.py', 'wb')
2026-02-12 01:53:34,615 - DEBUG - [chan 0] open(b'/home/kevin/test/lib/rich/spinner.py', 'wb') -> 00000000
2026-02-12 01:53:34,616 - DEBUG - Progress: 4214/4214 bytes
2026-02-12 01:53:34,616 - DEBUG - [chan 0] close(00000000)
2026-02-12 01:53:34,617 - DEBUG - [chan 0] stat(b'/home/kevin/test/lib/rich/spinner.py')
2026-02-12 01:53:34,620 - INFO - Upload completed successfully: spinner.py
2026-02-12 01:53:34,620 - INFO - Starting upload: lib/rich/segment.py -> /home/kevin/test/lib/rich/segment.py (25795 bytes)
2026-02-12 01:53:34,624 - DEBUG - [chan 0] open(b'/home/kevin/test/lib/rich/segment.py', 'wb')
2026-02-12 01:53:34,625 - DEBUG - [chan 0] open(b'/home/kevin/test/lib/rich/segment.py', 'wb') -> 00000000
2026-02-12 01:53:34,625 - DEBUG - Progress: 25795/25795 bytes
2026-02-12 01:53:34,625 - DEBUG - [chan 0] close(00000000)
2026-02-12 01:53:34,629 - DEBUG - [chan 0] stat(b'/home/kevin/test/lib/rich/segment.py')
2026-02-12 01:53:34,630 - INFO - Upload completed successfully: segment.py
2026-02-12 01:53:34,631 - INFO - Starting upload: lib/rich/screen.py -> /home/kevin/test/lib/rich/screen.py (1579 bytes)
2026-02-12 01:53:34,633 - DEBUG - [chan 0] open(b'/home/kevin/test/lib/rich/screen.py', 'wb')
2026-02-12 01:53:34,634 - DEBUG - [chan 0] open(b'/home/kevin/test/lib/rich/screen.py', 'wb') -> 00000000
2026-02-12 01:53:34,635 - DEBUG - Progress: 1579/1579 bytes
2026-02-12 01:53:34,635 - DEBUG - [chan 0] close(00000000)
2026-02-12 01:53:34,636 - DEBUG - [chan 0] stat(b'/home/kevin/test/lib/rich/screen.py')
2026-02-12 01:53:34,638 - INFO - Upload completed successfully: screen.py
2026-02-12 01:53:34,638 - INFO - Starting upload: lib/rich/scope.py -> /home/kevin/test/lib/rich/scope.py (3239 bytes)
2026-02-12 01:53:34,640 - DEBUG - [chan 0] open(b'/home/kevin/test/lib/rich/scope.py', 'wb')
2026-02-12 01:53:34,641 - DEBUG - [chan 0] open(b'/home/kevin/test/lib/rich/scope.py', 'wb') -> 00000000
2026-02-12 01:53:34,641 - DEBUG - Progress: 3239/3239 bytes
2026-02-12 01:53:34,641 - DEBUG - [chan 0] close(00000000)
2026-02-12 01:53:34,642 - DEBUG - [chan 0] stat(b'/home/kevin/test/lib/rich/scope.py')
2026-02-12 01:53:34,644 - INFO - Upload completed successfully: scope.py
2026-02-12 01:53:34,644 - INFO - Starting upload: lib/rich/rule.py -> /home/kevin/test/lib/rich/rule.py (4590 bytes)
2026-02-12 01:53:34,646 - DEBUG - [chan 0] open(b'/home/kevin/test/lib/rich/rule.py', 'wb')
2026-02-12 01:53:34,646 - DEBUG - [chan 0] open(b'/home/kevin/test/lib/rich/rule.py', 'wb') -> 00000000
2026-02-12 01:53:34,646 - DEBUG - Progress: 4590/4590 bytes
2026-02-12 01:53:34,646 - DEBUG - [chan 0] close(00000000)
2026-02-12 01:53:34,648 - DEBUG - [chan 0] stat(b'/home/kevin/test/lib/rich/rule.py')
2026-02-12 01:53:34,650 - INFO - Upload completed successfully: rule.py
2026-02-12 01:53:34,650 - INFO - Starting upload: lib/rich/repr.py -> /home/kevin/test/lib/rich/repr.py (4419 bytes)
2026-02-12 01:53:34,651 - DEBUG - [chan 0] open(b'/home/kevin/test/lib/rich/repr.py', 'wb')
2026-02-12 01:53:34,652 - DEBUG - [chan 0] open(b'/home/kevin/test/lib/rich/repr.py', 'wb') -> 00000000
2026-02-12 01:53:34,652 - DEBUG - Progress: 4419/4419 bytes
2026-02-12 01:53:34,652 - DEBUG - [chan 0] close(00000000)
2026-02-12 01:53:34,653 - DEBUG - [chan 0] stat(b'/home/kevin/test/lib/rich/repr.py')
2026-02-12 01:53:34,655 - INFO - Upload completed successfully: repr.py
2026-02-12 01:53:34,655 - INFO - Starting upload: lib/rich/region.py -> /home/kevin/test/lib/rich/region.py (166 bytes)
2026-02-12 01:53:34,657 - DEBUG - [chan 0] open(b'/home/kevin/test/lib/rich/region.py', 'wb')
2026-02-12 01:53:34,657 - DEBUG - [chan 0] open(b'/home/kevin/test/lib/rich/region.py', 'wb') -> 00000000
2026-02-12 01:53:34,658 - DEBUG - Progress: 166/166 bytes
2026-02-12 01:53:34,658 - DEBUG - [chan 0] close(00000000)
2026-02-12 01:53:34,658 - DEBUG - [chan 0] stat(b'/home/kevin/test/lib/rich/region.py')
2026-02-12 01:53:34,660 - INFO - Upload completed successfully: region.py
2026-02-12 01:53:34,660 - INFO - Starting upload: lib/rich/py.typed -> /home/kevin/test/lib/rich/py.typed (0 bytes)
2026-02-12 01:53:34,662 - DEBUG - [chan 0] open(b'/home/kevin/test/lib/rich/py.typed', 'wb')
2026-02-12 01:53:34,663 - DEBUG - [chan 0] open(b'/home/kevin/test/lib/rich/py.typed', 'wb') -> 00000000
2026-02-12 01:53:34,663 - DEBUG - [chan 0] close(00000000)
2026-02-12 01:53:34,663 - DEBUG - [chan 0] stat(b'/home/kevin/test/lib/rich/py.typed')
2026-02-12 01:53:34,665 - INFO - Upload completed successfully: py.typed
2026-02-12 01:53:34,665 - INFO - Starting upload: lib/rich/protocol.py -> /home/kevin/test/lib/rich/protocol.py (1367 bytes)
2026-02-12 01:53:34,666 - DEBUG - [chan 0] open(b'/home/kevin/test/lib/rich/protocol.py', 'wb')
2026-02-12 01:53:34,667 - DEBUG - [chan 0] open(b'/home/kevin/test/lib/rich/protocol.py', 'wb') -> 00000000
2026-02-12 01:53:34,667 - DEBUG - Progress: 1367/1367 bytes
2026-02-12 01:53:34,667 - DEBUG - [chan 0] close(00000000)
2026-02-12 01:53:34,668 - DEBUG - [chan 0] stat(b'/home/kevin/test/lib/rich/protocol.py')
2026-02-12 01:53:34,670 - INFO - Upload completed successfully: protocol.py
2026-02-12 01:53:34,670 - INFO - Starting upload: lib/rich/prompt.py -> /home/kevin/test/lib/rich/prompt.py (12448 bytes)
2026-02-12 01:53:34,671 - DEBUG - [chan 0] open(b'/home/kevin/test/lib/rich/prompt.py', 'wb')
2026-02-12 01:53:34,672 - DEBUG - [chan 0] open(b'/home/kevin/test/lib/rich/prompt.py', 'wb') -> 00000000
2026-02-12 01:53:34,672 - DEBUG - Progress: 12448/12448 bytes
2026-02-12 01:53:34,672 - DEBUG - [chan 0] close(00000000)
2026-02-12 01:53:34,676 - DEBUG - [chan 0] stat(b'/home/kevin/test/lib/rich/prompt.py')
2026-02-12 01:53:34,678 - INFO - Upload completed successfully: prompt.py
2026-02-12 01:53:34,678 - INFO - Starting upload: lib/rich/progress_bar.py -> /home/kevin/test/lib/rich/progress_bar.py (8162 bytes)
2026-02-12 01:53:34,680 - DEBUG - [chan 0] open(b'/home/kevin/test/lib/rich/progress_bar.py', 'wb')
2026-02-12 01:53:34,680 - DEBUG - [chan 0] open(b'/home/kevin/test/lib/rich/progress_bar.py', 'wb') -> 00000000
2026-02-12 01:53:34,680 - DEBUG - Progress: 8162/8162 bytes
2026-02-12 01:53:34,680 - DEBUG - [chan 0] close(00000000)
2026-02-12 01:53:34,682 - DEBUG - [chan 0] stat(b'/home/kevin/test/lib/rich/progress_bar.py')
2026-02-12 01:53:34,684 - INFO - Upload completed successfully: progress_bar.py
2026-02-12 01:53:34,684 - INFO - Starting upload: lib/rich/progress.py -> /home/kevin/test/lib/rich/progress.py (60393 bytes)
2026-02-12 01:53:34,686 - DEBUG - [chan 0] open(b'/home/kevin/test/lib/rich/progress.py', 'wb')
2026-02-12 01:53:34,686 - DEBUG - [chan 0] open(b'/home/kevin/test/lib/rich/progress.py', 'wb') -> 00000000
2026-02-12 01:53:34,687 - DEBUG - Progress: 32768/60393 bytes
2026-02-12 01:53:34,687 - DEBUG - [chan 0] close(00000000)
2026-02-12 01:53:34,694 - DEBUG - [chan 0] stat(b'/home/kevin/test/lib/rich/progress.py')
2026-02-12 01:53:34,696 - INFO - Upload completed successfully: progress.py
2026-02-12 01:53:34,696 - INFO - Starting upload: lib/rich/pretty.py -> /home/kevin/test/lib/rich/pretty.py (36349 bytes)
2026-02-12 01:53:34,698 - DEBUG - [chan 0] open(b'/home/kevin/test/lib/rich/pretty.py', 'wb')
2026-02-12 01:53:34,698 - DEBUG - [chan 0] open(b'/home/kevin/test/lib/rich/pretty.py', 'wb') -> 00000000
2026-02-12 01:53:34,699 - DEBUG - Progress: 32768/36349 bytes
2026-02-12 01:53:34,699 - DEBUG - [chan 0] close(00000000)
2026-02-12 01:53:34,703 - DEBUG - [chan 0] stat(b'/home/kevin/test/lib/rich/pretty.py')
2026-02-12 01:53:34,704 - INFO - Upload completed successfully: pretty.py
2026-02-12 01:53:34,704 - INFO - Starting upload: lib/rich/panel.py -> /home/kevin/test/lib/rich/panel.py (11157 bytes)
2026-02-12 01:53:34,706 - DEBUG - [chan 0] open(b'/home/kevin/test/lib/rich/panel.py', 'wb')
2026-02-12 01:53:34,707 - DEBUG - [chan 0] open(b'/home/kevin/test/lib/rich/panel.py', 'wb') -> 00000000
2026-02-12 01:53:34,707 - DEBUG - Progress: 11157/11157 bytes
2026-02-12 01:53:34,707 - DEBUG - [chan 0] close(00000000)
2026-02-12 01:53:34,708 - DEBUG - [chan 0] stat(b'/home/kevin/test/lib/rich/panel.py')
2026-02-12 01:53:34,710 - INFO - Upload completed successfully: panel.py
2026-02-12 01:53:34,710 - INFO - Starting upload: lib/rich/palette.py -> /home/kevin/test/lib/rich/palette.py (3288 bytes)
2026-02-12 01:53:34,711 - DEBUG - [chan 0] open(b'/home/kevin/test/lib/rich/palette.py', 'wb')
2026-02-12 01:53:34,712 - DEBUG - [chan 0] open(b'/home/kevin/test/lib/rich/palette.py', 'wb') -> 00000000
2026-02-12 01:53:34,712 - DEBUG - Progress: 3288/3288 bytes
2026-02-12 01:53:34,712 - DEBUG - [chan 0] close(00000000)
2026-02-12 01:53:34,713 - DEBUG - [chan 0] stat(b'/home/kevin/test/lib/rich/palette.py')
2026-02-12 01:53:34,715 - INFO - Upload completed successfully: palette.py
2026-02-12 01:53:34,715 - INFO - Starting upload: lib/rich/pager.py -> /home/kevin/test/lib/rich/pager.py (828 bytes)
2026-02-12 01:53:34,717 - DEBUG - [chan 0] open(b'/home/kevin/test/lib/rich/pager.py', 'wb')
2026-02-12 01:53:34,717 - DEBUG - [chan 0] open(b'/home/kevin/test/lib/rich/pager.py', 'wb') -> 00000000
2026-02-12 01:53:34,718 - DEBUG - Progress: 828/828 bytes
2026-02-12 01:53:34,718 - DEBUG - [chan 0] close(00000000)
2026-02-12 01:53:34,718 - DEBUG - [chan 0] stat(b'/home/kevin/test/lib/rich/pager.py')
2026-02-12 01:53:34,720 - INFO - Upload completed successfully: pager.py
2026-02-12 01:53:34,720 - INFO - Starting upload: lib/rich/padding.py -> /home/kevin/test/lib/rich/padding.py (4896 bytes)
2026-02-12 01:53:34,721 - DEBUG - [chan 0] open(b'/home/kevin/test/lib/rich/padding.py', 'wb')
2026-02-12 01:53:34,722 - DEBUG - [chan 0] open(b'/home/kevin/test/lib/rich/padding.py', 'wb') -> 00000000
2026-02-12 01:53:34,722 - DEBUG - Progress: 4896/4896 bytes
2026-02-12 01:53:34,722 - DEBUG - [chan 0] close(00000000)
2026-02-12 01:53:34,723 - DEBUG - [chan 0] stat(b'/home/kevin/test/lib/rich/padding.py')
2026-02-12 01:53:34,725 - INFO - Upload completed successfully: padding.py
2026-02-12 01:53:34,725 - INFO - Starting upload: lib/rich/measure.py -> /home/kevin/test/lib/rich/measure.py (5305 bytes)
2026-02-12 01:53:34,726 - DEBUG - [chan 0] open(b'/home/kevin/test/lib/rich/measure.py', 'wb')
2026-02-12 01:53:34,727 - DEBUG - [chan 0] open(b'/home/kevin/test/lib/rich/measure.py', 'wb') -> 00000000
2026-02-12 01:53:34,727 - DEBUG - Progress: 5305/5305 bytes
2026-02-12 01:53:34,727 - DEBUG - [chan 0] close(00000000)
2026-02-12 01:53:34,728 - DEBUG - [chan 0] stat(b'/home/kevin/test/lib/rich/measure.py')
2026-02-12 01:53:34,730 - INFO - Upload completed successfully: measure.py
2026-02-12 01:53:34,730 - INFO - Starting upload: lib/rich/markup.py -> /home/kevin/test/lib/rich/markup.py (8427 bytes)
2026-02-12 01:53:34,731 - DEBUG - [chan 0] open(b'/home/kevin/test/lib/rich/markup.py', 'wb')
2026-02-12 01:53:34,732 - DEBUG - [chan 0] open(b'/home/kevin/test/lib/rich/markup.py', 'wb') -> 00000000
2026-02-12 01:53:34,732 - DEBUG - Progress: 8427/8427 bytes
2026-02-12 01:53:34,732 - DEBUG - [chan 0] close(00000000)
2026-02-12 01:53:34,734 - DEBUG - [chan 0] stat(b'/home/kevin/test/lib/rich/markup.py')
2026-02-12 01:53:34,735 - INFO - Upload completed successfully: markup.py
2026-02-12 01:53:34,735 - INFO - Starting upload: lib/rich/markdown.py -> /home/kevin/test/lib/rich/markdown.py (26177 bytes)
2026-02-12 01:53:34,737 - DEBUG - [chan 0] open(b'/home/kevin/test/lib/rich/markdown.py', 'wb')
2026-02-12 01:53:34,737 - DEBUG - [chan 0] open(b'/home/kevin/test/lib/rich/markdown.py', 'wb') -> 00000000
2026-02-12 01:53:34,737 - DEBUG - Progress: 26177/26177 bytes
2026-02-12 01:53:34,737 - DEBUG - [chan 0] close(00000000)
2026-02-12 01:53:34,741 - DEBUG - [chan 0] stat(b'/home/kevin/test/lib/rich/markdown.py')
2026-02-12 01:53:34,743 - INFO - Upload completed successfully: markdown.py
2026-02-12 01:53:34,743 - INFO - Starting upload: lib/rich/logging.py -> /home/kevin/test/lib/rich/logging.py (12456 bytes)
2026-02-12 01:53:34,745 - DEBUG - [chan 0] open(b'/home/kevin/test/lib/rich/logging.py', 'wb')
2026-02-12 01:53:34,745 - DEBUG - [chan 0] open(b'/home/kevin/test/lib/rich/logging.py', 'wb') -> 00000000
2026-02-12 01:53:34,745 - DEBUG - Progress: 12456/12456 bytes
2026-02-12 01:53:34,745 - DEBUG - [chan 0] close(00000000)
2026-02-12 01:53:34,749 - DEBUG - [chan 0] stat(b'/home/kevin/test/lib/rich/logging.py')
2026-02-12 01:53:34,751 - INFO - Upload completed successfully: logging.py
2026-02-12 01:53:34,751 - INFO - Starting upload: lib/rich/live_render.py -> /home/kevin/test/lib/rich/live_render.py (3803 bytes)
2026-02-12 01:53:34,753 - DEBUG - [chan 0] open(b'/home/kevin/test/lib/rich/live_render.py', 'wb')
2026-02-12 01:53:34,753 - DEBUG - [chan 0] open(b'/home/kevin/test/lib/rich/live_render.py', 'wb') -> 00000000
2026-02-12 01:53:34,753 - DEBUG - Progress: 3803/3803 bytes
2026-02-12 01:53:34,753 - DEBUG - [chan 0] close(00000000)
2026-02-12 01:53:34,754 - DEBUG - [chan 0] stat(b'/home/kevin/test/lib/rich/live_render.py')
2026-02-12 01:53:34,756 - INFO - Upload completed successfully: live_render.py
2026-02-12 01:53:34,756 - INFO - Starting upload: lib/rich/live.py -> /home/kevin/test/lib/rich/live.py (15317 bytes)
2026-02-12 01:53:34,758 - DEBUG - [chan 0] open(b'/home/kevin/test/lib/rich/live.py', 'wb')
2026-02-12 01:53:34,759 - DEBUG - [chan 0] open(b'/home/kevin/test/lib/rich/live.py', 'wb') -> 00000000
2026-02-12 01:53:34,759 - DEBUG - Progress: 15317/15317 bytes
2026-02-12 01:53:34,759 - DEBUG - [chan 0] close(00000000)
2026-02-12 01:53:34,762 - DEBUG - [chan 0] stat(b'/home/kevin/test/lib/rich/live.py')
2026-02-12 01:53:34,764 - INFO - Upload completed successfully: live.py
2026-02-12 01:53:34,764 - INFO - Starting upload: lib/rich/layout.py -> /home/kevin/test/lib/rich/layout.py (13944 bytes)
2026-02-12 01:53:34,766 - DEBUG - [chan 0] open(b'/home/kevin/test/lib/rich/layout.py', 'wb')
2026-02-12 01:53:34,766 - DEBUG - [chan 0] open(b'/home/kevin/test/lib/rich/layout.py', 'wb') -> 00000000
2026-02-12 01:53:34,766 - DEBUG - Progress: 13944/13944 bytes
2026-02-12 01:53:34,766 - DEBUG - [chan 0] close(00000000)
2026-02-12 01:53:34,768 - DEBUG - [chan 0] stat(b'/home/kevin/test/lib/rich/layout.py')
2026-02-12 01:53:34,770 - INFO - Upload completed successfully: layout.py
2026-02-12 01:53:34,770 - INFO - Starting upload: lib/rich/jupyter.py -> /home/kevin/test/lib/rich/jupyter.py (3228 bytes)
2026-02-12 01:53:34,771 - DEBUG - [chan 0] open(b'/home/kevin/test/lib/rich/jupyter.py', 'wb')
2026-02-12 01:53:34,772 - DEBUG - [chan 0] open(b'/home/kevin/test/lib/rich/jupyter.py', 'wb') -> 00000000
2026-02-12 01:53:34,772 - DEBUG - Progress: 3228/3228 bytes
2026-02-12 01:53:34,772 - DEBUG - [chan 0] close(00000000)
2026-02-12 01:53:34,773 - DEBUG - [chan 0] stat(b'/home/kevin/test/lib/rich/jupyter.py')
2026-02-12 01:53:34,775 - INFO - Upload completed successfully: jupyter.py
2026-02-12 01:53:34,775 - INFO - Starting upload: lib/rich/json.py -> /home/kevin/test/lib/rich/json.py (5019 bytes)
2026-02-12 01:53:34,776 - DEBUG - [chan 0] open(b'/home/kevin/test/lib/rich/json.py', 'wb')
2026-02-12 01:53:34,777 - DEBUG - [chan 0] open(b'/home/kevin/test/lib/rich/json.py', 'wb') -> 00000000
2026-02-12 01:53:34,777 - DEBUG - Progress: 5019/5019 bytes
2026-02-12 01:53:34,777 - DEBUG - [chan 0] close(00000000)
2026-02-12 01:53:34,778 - DEBUG - [chan 0] stat(b'/home/kevin/test/lib/rich/json.py')
2026-02-12 01:53:34,780 - INFO - Upload completed successfully: json.py
2026-02-12 01:53:34,780 - INFO - Starting upload: lib/rich/highlighter.py -> /home/kevin/test/lib/rich/highlighter.py (9729 bytes)
2026-02-12 01:53:34,782 - DEBUG - [chan 0] open(b'/home/kevin/test/lib/rich/highlighter.py', 'wb')
2026-02-12 01:53:34,782 - DEBUG - [chan 0] open(b'/home/kevin/test/lib/rich/highlighter.py', 'wb') -> 00000000
2026-02-12 01:53:34,783 - DEBUG - Progress: 9729/9729 bytes
2026-02-12 01:53:34,783 - DEBUG - [chan 0] close(00000000)
2026-02-12 01:53:34,784 - DEBUG - [chan 0] stat(b'/home/kevin/test/lib/rich/highlighter.py')
2026-02-12 01:53:34,786 - INFO - Upload completed successfully: highlighter.py
2026-02-12 01:53:34,786 - INFO - Starting upload: lib/rich/filesize.py -> /home/kevin/test/lib/rich/filesize.py (2484 bytes)
2026-02-12 01:53:34,787 - DEBUG - [chan 0] open(b'/home/kevin/test/lib/rich/filesize.py', 'wb')
2026-02-12 01:53:34,788 - DEBUG - [chan 0] open(b'/home/kevin/test/lib/rich/filesize.py', 'wb') -> 00000000
2026-02-12 01:53:34,788 - DEBUG - Progress: 2484/2484 bytes
2026-02-12 01:53:34,788 - DEBUG - [chan 0] close(00000000)
2026-02-12 01:53:34,789 - DEBUG - [chan 0] stat(b'/home/kevin/test/lib/rich/filesize.py')
2026-02-12 01:53:34,791 - INFO - Upload completed successfully: filesize.py
2026-02-12 01:53:34,791 - INFO - Starting upload: lib/rich/file_proxy.py -> /home/kevin/test/lib/rich/file_proxy.py (1683 bytes)
2026-02-12 01:53:34,792 - DEBUG - [chan 0] open(b'/home/kevin/test/lib/rich/file_proxy.py', 'wb')
2026-02-12 01:53:34,793 - DEBUG - [chan 0] open(b'/home/kevin/test/lib/rich/file_proxy.py', 'wb') -> 00000000
2026-02-12 01:53:34,793 - DEBUG - Progress: 1683/1683 bytes
2026-02-12 01:53:34,793 - DEBUG - [chan 0] close(00000000)
2026-02-12 01:53:34,794 - DEBUG - [chan 0] stat(b'/home/kevin/test/lib/rich/file_proxy.py')
2026-02-12 01:53:34,796 - INFO - Upload completed successfully: file_proxy.py
2026-02-12 01:53:34,796 - INFO - Starting upload: lib/rich/errors.py -> /home/kevin/test/lib/rich/errors.py (642 bytes)
2026-02-12 01:53:34,797 - DEBUG - [chan 0] open(b'/home/kevin/test/lib/rich/errors.py', 'wb')
2026-02-12 01:53:34,798 - DEBUG - [chan 0] open(b'/home/kevin/test/lib/rich/errors.py', 'wb') -> 00000000
2026-02-12 01:53:34,798 - DEBUG - Progress: 642/642 bytes
2026-02-12 01:53:34,798 - DEBUG - [chan 0] close(00000000)
2026-02-12 01:53:34,799 - DEBUG - [chan 0] stat(b'/home/kevin/test/lib/rich/errors.py')
2026-02-12 01:53:34,800 - INFO - Upload completed successfully: errors.py
2026-02-12 01:53:34,801 - INFO - Starting upload: lib/rich/emoji.py -> /home/kevin/test/lib/rich/emoji.py (2343 bytes)
2026-02-12 01:53:34,802 - DEBUG - [chan 0] open(b'/home/kevin/test/lib/rich/emoji.py', 'wb')
2026-02-12 01:53:34,803 - DEBUG - [chan 0] open(b'/home/kevin/test/lib/rich/emoji.py', 'wb') -> 00000000
2026-02-12 01:53:34,803 - DEBUG - Progress: 2343/2343 bytes
2026-02-12 01:53:34,803 - DEBUG - [chan 0] close(00000000)
2026-02-12 01:53:34,804 - DEBUG - [chan 0] stat(b'/home/kevin/test/lib/rich/emoji.py')
2026-02-12 01:53:34,806 - INFO - Upload completed successfully: emoji.py
2026-02-12 01:53:34,806 - INFO - Starting upload: lib/rich/diagnose.py -> /home/kevin/test/lib/rich/diagnose.py (977 bytes)
2026-02-12 01:53:34,808 - DEBUG - [chan 0] open(b'/home/kevin/test/lib/rich/diagnose.py', 'wb')
2026-02-12 01:53:34,809 - DEBUG - [chan 0] open(b'/home/kevin/test/lib/rich/diagnose.py', 'wb') -> 00000000
2026-02-12 01:53:34,809 - DEBUG - Progress: 977/977 bytes
2026-02-12 01:53:34,809 - DEBUG - [chan 0] close(00000000)
2026-02-12 01:53:34,810 - DEBUG - [chan 0] stat(b'/home/kevin/test/lib/rich/diagnose.py')
2026-02-12 01:53:34,812 - INFO - Upload completed successfully: diagnose.py
2026-02-12 01:53:34,812 - INFO - Starting upload: lib/rich/default_styles.py -> /home/kevin/test/lib/rich/default_styles.py (8340 bytes)
2026-02-12 01:53:34,814 - DEBUG - [chan 0] open(b'/home/kevin/test/lib/rich/default_styles.py', 'wb')
2026-02-12 01:53:34,814 - DEBUG - [chan 0] open(b'/home/kevin/test/lib/rich/default_styles.py', 'wb') -> 00000000
2026-02-12 01:53:34,815 - DEBUG - Progress: 8340/8340 bytes
2026-02-12 01:53:34,815 - DEBUG - [chan 0] close(00000000)
2026-02-12 01:53:34,816 - DEBUG - [chan 0] stat(b'/home/kevin/test/lib/rich/default_styles.py')
2026-02-12 01:53:34,818 - INFO - Upload completed successfully: default_styles.py
2026-02-12 01:53:34,819 - INFO - Starting upload: lib/rich/control.py -> /home/kevin/test/lib/rich/control.py (6475 bytes)
2026-02-12 01:53:34,820 - DEBUG - [chan 0] open(b'/home/kevin/test/lib/rich/control.py', 'wb')
2026-02-12 01:53:34,821 - DEBUG - [chan 0] open(b'/home/kevin/test/lib/rich/control.py', 'wb') -> 00000000
2026-02-12 01:53:34,821 - DEBUG - Progress: 6475/6475 bytes
2026-02-12 01:53:34,822 - DEBUG - [chan 0] close(00000000)
2026-02-12 01:53:34,823 - DEBUG - [chan 0] stat(b'/home/kevin/test/lib/rich/control.py')
2026-02-12 01:53:34,824 - INFO - Upload completed successfully: control.py
2026-02-12 01:53:34,825 - INFO - Starting upload: lib/rich/containers.py -> /home/kevin/test/lib/rich/containers.py (5502 bytes)
2026-02-12 01:53:34,826 - DEBUG - [chan 0] open(b'/home/kevin/test/lib/rich/containers.py', 'wb')
2026-02-12 01:53:34,827 - DEBUG - [chan 0] open(b'/home/kevin/test/lib/rich/containers.py', 'wb') -> 00000000
2026-02-12 01:53:34,827 - DEBUG - Progress: 5502/5502 bytes
2026-02-12 01:53:34,827 - DEBUG - [chan 0] close(00000000)
2026-02-12 01:53:34,828 - DEBUG - [chan 0] stat(b'/home/kevin/test/lib/rich/containers.py')
2026-02-12 01:53:34,831 - INFO - Upload completed successfully: containers.py
2026-02-12 01:53:34,831 - INFO - Starting upload: lib/rich/constrain.py -> /home/kevin/test/lib/rich/constrain.py (1288 bytes)
2026-02-12 01:53:34,833 - DEBUG - [chan 0] open(b'/home/kevin/test/lib/rich/constrain.py', 'wb')
2026-02-12 01:53:34,834 - DEBUG - [chan 0] open(b'/home/kevin/test/lib/rich/constrain.py', 'wb') -> 00000000
2026-02-12 01:53:34,834 - DEBUG - Progress: 1288/1288 bytes
2026-02-12 01:53:34,834 - DEBUG - [chan 0] close(00000000)
2026-02-12 01:53:34,835 - DEBUG - [chan 0] stat(b'/home/kevin/test/lib/rich/constrain.py')
2026-02-12 01:53:34,837 - INFO - Upload completed successfully: constrain.py
2026-02-12 01:53:34,838 - INFO - Starting upload: lib/rich/console.py -> /home/kevin/test/lib/rich/console.py (101009 bytes)
2026-02-12 01:53:34,840 - DEBUG - [chan 0] open(b'/home/kevin/test/lib/rich/console.py', 'wb')
2026-02-12 01:53:34,841 - DEBUG - [chan 0] open(b'/home/kevin/test/lib/rich/console.py', 'wb') -> 00000000
2026-02-12 01:53:34,841 - DEBUG - Progress: 32768/101009 bytes
2026-02-12 01:53:34,842 - DEBUG - [chan 0] close(00000000)
2026-02-12 01:53:34,852 - DEBUG - [chan 0] stat(b'/home/kevin/test/lib/rich/console.py')
2026-02-12 01:53:34,854 - INFO - Upload completed successfully: console.py
2026-02-12 01:53:34,855 - INFO - Starting upload: lib/rich/columns.py -> /home/kevin/test/lib/rich/columns.py (7131 bytes)
2026-02-12 01:53:34,856 - DEBUG - [chan 0] open(b'/home/kevin/test/lib/rich/columns.py', 'wb')
2026-02-12 01:53:34,857 - DEBUG - [chan 0] open(b'/home/kevin/test/lib/rich/columns.py', 'wb') -> 00000000
2026-02-12 01:53:34,857 - DEBUG - Progress: 7131/7131 bytes
2026-02-12 01:53:34,857 - DEBUG - [chan 0] close(00000000)
2026-02-12 01:53:34,859 - DEBUG - [chan 0] stat(b'/home/kevin/test/lib/rich/columns.py')
2026-02-12 01:53:34,861 - INFO - Upload completed successfully: columns.py
2026-02-12 01:53:34,861 - INFO - Starting upload: lib/rich/color_triplet.py -> /home/kevin/test/lib/rich/color_triplet.py (1054 bytes)
2026-02-12 01:53:34,863 - DEBUG - [chan 0] open(b'/home/kevin/test/lib/rich/color_triplet.py', 'wb')
2026-02-12 01:53:34,863 - DEBUG - [chan 0] open(b'/home/kevin/test/lib/rich/color_triplet.py', 'wb') -> 00000000
2026-02-12 01:53:34,864 - DEBUG - Progress: 1054/1054 bytes
2026-02-12 01:53:34,864 - DEBUG - [chan 0] close(00000000)
2026-02-12 01:53:34,864 - DEBUG - [chan 0] stat(b'/home/kevin/test/lib/rich/color_triplet.py')
2026-02-12 01:53:34,866 - INFO - Upload completed successfully: color_triplet.py
2026-02-12 01:53:34,866 - INFO - Starting upload: lib/rich/color.py -> /home/kevin/test/lib/rich/color.py (18211 bytes)
2026-02-12 01:53:34,868 - DEBUG - [chan 0] open(b'/home/kevin/test/lib/rich/color.py', 'wb')
2026-02-12 01:53:34,869 - DEBUG - [chan 0] open(b'/home/kevin/test/lib/rich/color.py', 'wb') -> 00000000
2026-02-12 01:53:34,869 - DEBUG - Progress: 18211/18211 bytes
2026-02-12 01:53:34,869 - DEBUG - [chan 0] close(00000000)
2026-02-12 01:53:34,871 - DEBUG - [chan 0] stat(b'/home/kevin/test/lib/rich/color.py')
2026-02-12 01:53:34,874 - INFO - Upload completed successfully: color.py
2026-02-12 01:53:34,874 - INFO - Starting upload: lib/rich/cells.py -> /home/kevin/test/lib/rich/cells.py (10850 bytes)
2026-02-12 01:53:34,875 - DEBUG - [chan 0] open(b'/home/kevin/test/lib/rich/cells.py', 'wb')
2026-02-12 01:53:34,876 - DEBUG - [chan 0] open(b'/home/kevin/test/lib/rich/cells.py', 'wb') -> 00000000
2026-02-12 01:53:34,876 - DEBUG - Progress: 10850/10850 bytes
2026-02-12 01:53:34,876 - DEBUG - [chan 0] close(00000000)
2026-02-12 01:53:34,878 - DEBUG - [chan 0] stat(b'/home/kevin/test/lib/rich/cells.py')
2026-02-12 01:53:34,880 - INFO - Upload completed successfully: cells.py
2026-02-12 01:53:34,880 - INFO - Starting upload: lib/rich/box.py -> /home/kevin/test/lib/rich/box.py (10650 bytes)
2026-02-12 01:53:34,882 - DEBUG - [chan 0] open(b'/home/kevin/test/lib/rich/box.py', 'wb')
2026-02-12 01:53:34,883 - DEBUG - [chan 0] open(b'/home/kevin/test/lib/rich/box.py', 'wb') -> 00000000
2026-02-12 01:53:34,883 - DEBUG - Progress: 10650/10650 bytes
2026-02-12 01:53:34,883 - DEBUG - [chan 0] close(00000000)
2026-02-12 01:53:34,884 - DEBUG - [chan 0] stat(b'/home/kevin/test/lib/rich/box.py')
2026-02-12 01:53:34,887 - INFO - Upload completed successfully: box.py
2026-02-12 01:53:34,887 - INFO - Starting upload: lib/rich/bar.py -> /home/kevin/test/lib/rich/bar.py (3263 bytes)
2026-02-12 01:53:34,889 - DEBUG - [chan 0] open(b'/home/kevin/test/lib/rich/bar.py', 'wb')
2026-02-12 01:53:34,889 - DEBUG - [chan 0] open(b'/home/kevin/test/lib/rich/bar.py', 'wb') -> 00000000
2026-02-12 01:53:34,889 - DEBUG - Progress: 3263/3263 bytes
2026-02-12 01:53:34,890 - DEBUG - [chan 0] close(00000000)
2026-02-12 01:53:34,891 - DEBUG - [chan 0] stat(b'/home/kevin/test/lib/rich/bar.py')
2026-02-12 01:53:34,893 - INFO - Upload completed successfully: bar.py
2026-02-12 01:53:34,893 - INFO - Starting upload: lib/rich/ansi.py -> /home/kevin/test/lib/rich/ansi.py (6921 bytes)
2026-02-12 01:53:34,895 - DEBUG - [chan 0] open(b'/home/kevin/test/lib/rich/ansi.py', 'wb')
2026-02-12 01:53:34,896 - DEBUG - [chan 0] open(b'/home/kevin/test/lib/rich/ansi.py', 'wb') -> 00000000
2026-02-12 01:53:34,896 - DEBUG - Progress: 6921/6921 bytes
2026-02-12 01:53:34,896 - DEBUG - [chan 0] close(00000000)
2026-02-12 01:53:34,897 - DEBUG - [chan 0] stat(b'/home/kevin/test/lib/rich/ansi.py')
2026-02-12 01:53:34,899 - INFO - Upload completed successfully: ansi.py
2026-02-12 01:53:34,899 - INFO - Starting upload: lib/rich/align.py -> /home/kevin/test/lib/rich/align.py (10726 bytes)
2026-02-12 01:53:34,901 - DEBUG - [chan 0] open(b'/home/kevin/test/lib/rich/align.py', 'wb')
2026-02-12 01:53:34,902 - DEBUG - [chan 0] open(b'/home/kevin/test/lib/rich/align.py', 'wb') -> 00000000
2026-02-12 01:53:34,902 - DEBUG - Progress: 10726/10726 bytes
2026-02-12 01:53:34,902 - DEBUG - [chan 0] close(00000000)
2026-02-12 01:53:34,904 - DEBUG - [chan 0] stat(b'/home/kevin/test/lib/rich/align.py')
2026-02-12 01:53:34,906 - INFO - Upload completed successfully: align.py
2026-02-12 01:53:34,906 - INFO - Starting upload: lib/rich/abc.py -> /home/kevin/test/lib/rich/abc.py (878 bytes)
2026-02-12 01:53:34,908 - DEBUG - [chan 0] open(b'/home/kevin/test/lib/rich/abc.py', 'wb')
2026-02-12 01:53:34,909 - DEBUG - [chan 0] open(b'/home/kevin/test/lib/rich/abc.py', 'wb') -> 00000000
2026-02-12 01:53:34,909 - DEBUG - Progress: 878/878 bytes
2026-02-12 01:53:34,909 - DEBUG - [chan 0] close(00000000)
2026-02-12 01:53:34,910 - DEBUG - [chan 0] stat(b'/home/kevin/test/lib/rich/abc.py')
2026-02-12 01:53:34,911 - INFO - Upload completed successfully: abc.py
2026-02-12 01:53:34,912 - INFO - Starting upload: lib/rich/_wrap.py -> /home/kevin/test/lib/rich/_wrap.py (3404 bytes)
2026-02-12 01:53:34,913 - DEBUG - [chan 0] open(b'/home/kevin/test/lib/rich/_wrap.py', 'wb')
2026-02-12 01:53:34,914 - DEBUG - [chan 0] open(b'/home/kevin/test/lib/rich/_wrap.py', 'wb') -> 00000000
2026-02-12 01:53:34,914 - DEBUG - Progress: 3404/3404 bytes
2026-02-12 01:53:34,914 - DEBUG - [chan 0] close(00000000)
2026-02-12 01:53:34,916 - DEBUG - [chan 0] stat(b'/home/kevin/test/lib/rich/_wrap.py')
2026-02-12 01:53:34,918 - INFO - Upload completed successfully: _wrap.py
2026-02-12 01:53:34,918 - INFO - Starting upload: lib/rich/_windows_renderer.py -> /home/kevin/test/lib/rich/_windows_renderer.py (2759 bytes)
2026-02-12 01:53:34,920 - DEBUG - [chan 0] open(b'/home/kevin/test/lib/rich/_windows_renderer.py', 'wb')
2026-02-12 01:53:34,920 - DEBUG - [chan 0] open(b'/home/kevin/test/lib/rich/_windows_renderer.py', 'wb') -> 00000000
2026-02-12 01:53:34,921 - DEBUG - Progress: 2759/2759 bytes
2026-02-12 01:53:34,921 - DEBUG - [chan 0] close(00000000)
2026-02-12 01:53:34,922 - DEBUG - [chan 0] stat(b'/home/kevin/test/lib/rich/_windows_renderer.py')
2026-02-12 01:53:34,924 - INFO - Upload completed successfully: _windows_renderer.py
2026-02-12 01:53:34,924 - INFO - Starting upload: lib/rich/_windows.py -> /home/kevin/test/lib/rich/_windows.py (1901 bytes)
2026-02-12 01:53:34,926 - DEBUG - [chan 0] open(b'/home/kevin/test/lib/rich/_windows.py', 'wb')
2026-02-12 01:53:34,927 - DEBUG - [chan 0] open(b'/home/kevin/test/lib/rich/_windows.py', 'wb') -> 00000000
2026-02-12 01:53:34,927 - DEBUG - Progress: 1901/1901 bytes
2026-02-12 01:53:34,927 - DEBUG - [chan 0] close(00000000)
2026-02-12 01:53:34,928 - DEBUG - [chan 0] stat(b'/home/kevin/test/lib/rich/_windows.py')
2026-02-12 01:53:34,931 - INFO - Upload completed successfully: _windows.py
2026-02-12 01:53:34,931 - INFO - Starting upload: lib/rich/_win32_console.py -> /home/kevin/test/lib/rich/_win32_console.py (22719 bytes)
2026-02-12 01:53:34,932 - DEBUG - [chan 0] open(b'/home/kevin/test/lib/rich/_win32_console.py', 'wb')
2026-02-12 01:53:34,933 - DEBUG - [chan 0] open(b'/home/kevin/test/lib/rich/_win32_console.py', 'wb') -> 00000000
2026-02-12 01:53:34,933 - DEBUG - Progress: 22719/22719 bytes
2026-02-12 01:53:34,933 - DEBUG - [chan 0] close(00000000)
2026-02-12 01:53:34,937 - DEBUG - [chan 0] stat(b'/home/kevin/test/lib/rich/_win32_console.py')
2026-02-12 01:53:34,939 - INFO - Upload completed successfully: _win32_console.py
2026-02-12 01:53:34,939 - INFO - Starting upload: lib/rich/_timer.py -> /home/kevin/test/lib/rich/_timer.py (417 bytes)
2026-02-12 01:53:34,941 - DEBUG - [chan 0] open(b'/home/kevin/test/lib/rich/_timer.py', 'wb')
2026-02-12 01:53:34,942 - DEBUG - [chan 0] open(b'/home/kevin/test/lib/rich/_timer.py', 'wb') -> 00000000
2026-02-12 01:53:34,942 - DEBUG - Progress: 417/417 bytes
2026-02-12 01:53:34,942 - DEBUG - [chan 0] close(00000000)
2026-02-12 01:53:34,943 - DEBUG - [chan 0] stat(b'/home/kevin/test/lib/rich/_timer.py')
2026-02-12 01:53:34,945 - INFO - Upload completed successfully: _timer.py
2026-02-12 01:53:34,945 - INFO - Starting upload: lib/rich/_stack.py -> /home/kevin/test/lib/rich/_stack.py (351 bytes)
2026-02-12 01:53:34,946 - DEBUG - [chan 0] open(b'/home/kevin/test/lib/rich/_stack.py', 'wb')
2026-02-12 01:53:34,947 - DEBUG - [chan 0] open(b'/home/kevin/test/lib/rich/_stack.py', 'wb') -> 00000000
2026-02-12 01:53:34,947 - DEBUG - Progress: 351/351 bytes
2026-02-12 01:53:34,947 - DEBUG - [chan 0] close(00000000)
2026-02-12 01:53:34,948 - DEBUG - [chan 0] stat(b'/home/kevin/test/lib/rich/_stack.py')
2026-02-12 01:53:34,950 - INFO - Upload completed successfully: _stack.py
2026-02-12 01:53:34,950 - INFO - Starting upload: lib/rich/_spinners.py -> /home/kevin/test/lib/rich/_spinners.py (19919 bytes)
2026-02-12 01:53:34,951 - DEBUG - [chan 0] open(b'/home/kevin/test/lib/rich/_spinners.py', 'wb')
2026-02-12 01:53:34,952 - DEBUG - [chan 0] open(b'/home/kevin/test/lib/rich/_spinners.py', 'wb') -> 00000000
2026-02-12 01:53:34,952 - DEBUG - Progress: 19919/19919 bytes
2026-02-12 01:53:34,952 - DEBUG - [chan 0] close(00000000)
2026-02-12 01:53:34,956 - DEBUG - [chan 0] stat(b'/home/kevin/test/lib/rich/_spinners.py')
2026-02-12 01:53:34,958 - INFO - Upload completed successfully: _spinners.py
2026-02-12 01:53:34,958 - INFO - Starting upload: lib/rich/_ratio.py -> /home/kevin/test/lib/rich/_ratio.py (5325 bytes)
2026-02-12 01:53:34,960 - DEBUG - [chan 0] open(b'/home/kevin/test/lib/rich/_ratio.py', 'wb')
2026-02-12 01:53:34,961 - DEBUG - [chan 0] open(b'/home/kevin/test/lib/rich/_ratio.py', 'wb') -> 00000000
2026-02-12 01:53:34,961 - DEBUG - Progress: 5325/5325 bytes
2026-02-12 01:53:34,961 - DEBUG - [chan 0] close(00000000)
2026-02-12 01:53:34,962 - DEBUG - [chan 0] stat(b'/home/kevin/test/lib/rich/_ratio.py')
2026-02-12 01:53:34,964 - INFO - Upload completed successfully: _ratio.py
2026-02-12 01:53:34,964 - INFO - Starting upload: lib/rich/_pick.py -> /home/kevin/test/lib/rich/_pick.py (423 bytes)
2026-02-12 01:53:34,966 - DEBUG - [chan 0] open(b'/home/kevin/test/lib/rich/_pick.py', 'wb')
2026-02-12 01:53:34,966 - DEBUG - [chan 0] open(b'/home/kevin/test/lib/rich/_pick.py', 'wb') -> 00000000
2026-02-12 01:53:34,967 - DEBUG - Progress: 423/423 bytes
2026-02-12 01:53:34,967 - DEBUG - [chan 0] close(00000000)
2026-02-12 01:53:34,967 - DEBUG - [chan 0] stat(b'/home/kevin/test/lib/rich/_pick.py')
2026-02-12 01:53:34,970 - INFO - Upload completed successfully: _pick.py
2026-02-12 01:53:34,970 - INFO - Starting upload: lib/rich/_palettes.py -> /home/kevin/test/lib/rich/_palettes.py (7063 bytes)
2026-02-12 01:53:34,972 - DEBUG - [chan 0] open(b'/home/kevin/test/lib/rich/_palettes.py', 'wb')
2026-02-12 01:53:34,972 - DEBUG - [chan 0] open(b'/home/kevin/test/lib/rich/_palettes.py', 'wb') -> 00000000
2026-02-12 01:53:34,973 - DEBUG - Progress: 7063/7063 bytes
2026-02-12 01:53:34,973 - DEBUG - [chan 0] close(00000000)
2026-02-12 01:53:34,974 - DEBUG - [chan 0] stat(b'/home/kevin/test/lib/rich/_palettes.py')
2026-02-12 01:53:34,976 - INFO - Upload completed successfully: _palettes.py
2026-02-12 01:53:34,976 - INFO - Starting upload: lib/rich/_null_file.py -> /home/kevin/test/lib/rich/_null_file.py (1394 bytes)
2026-02-12 01:53:34,978 - DEBUG - [chan 0] open(b'/home/kevin/test/lib/rich/_null_file.py', 'wb')
2026-02-12 01:53:34,979 - DEBUG - [chan 0] open(b'/home/kevin/test/lib/rich/_null_file.py', 'wb') -> 00000000
2026-02-12 01:53:34,979 - DEBUG - Progress: 1394/1394 bytes
2026-02-12 01:53:34,979 - DEBUG - [chan 0] close(00000000)
2026-02-12 01:53:34,980 - DEBUG - [chan 0] stat(b'/home/kevin/test/lib/rich/_null_file.py')
2026-02-12 01:53:34,982 - INFO - Upload completed successfully: _null_file.py
2026-02-12 01:53:34,982 - INFO - Starting upload: lib/rich/_loop.py -> /home/kevin/test/lib/rich/_loop.py (1236 bytes)
2026-02-12 01:53:34,983 - DEBUG - [chan 0] open(b'/home/kevin/test/lib/rich/_loop.py', 'wb')
2026-02-12 01:53:34,984 - DEBUG - [chan 0] open(b'/home/kevin/test/lib/rich/_loop.py', 'wb') -> 00000000
2026-02-12 01:53:34,984 - DEBUG - Progress: 1236/1236 bytes
2026-02-12 01:53:34,984 - DEBUG - [chan 0] close(00000000)
2026-02-12 01:53:34,985 - DEBUG - [chan 0] stat(b'/home/kevin/test/lib/rich/_loop.py')
2026-02-12 01:53:34,986 - INFO - Upload completed successfully: _loop.py
2026-02-12 01:53:34,987 - INFO - Starting upload: lib/rich/_log_render.py -> /home/kevin/test/lib/rich/_log_render.py (3213 bytes)
2026-02-12 01:53:34,988 - DEBUG - [chan 0] open(b'/home/kevin/test/lib/rich/_log_render.py', 'wb')
2026-02-12 01:53:34,989 - DEBUG - [chan 0] open(b'/home/kevin/test/lib/rich/_log_render.py', 'wb') -> 00000000
2026-02-12 01:53:34,989 - DEBUG - Progress: 3213/3213 bytes
2026-02-12 01:53:34,989 - DEBUG - [chan 0] close(00000000)
2026-02-12 01:53:34,990 - DEBUG - [chan 0] stat(b'/home/kevin/test/lib/rich/_log_render.py')
2026-02-12 01:53:34,992 - INFO - Upload completed successfully: _log_render.py
2026-02-12 01:53:34,992 - INFO - Starting upload: lib/rich/_inspect.py -> /home/kevin/test/lib/rich/_inspect.py (9894 bytes)
2026-02-12 01:53:34,993 - DEBUG - [chan 0] open(b'/home/kevin/test/lib/rich/_inspect.py', 'wb')
2026-02-12 01:53:34,994 - DEBUG - [chan 0] open(b'/home/kevin/test/lib/rich/_inspect.py', 'wb') -> 00000000
2026-02-12 01:53:34,994 - DEBUG - Progress: 9894/9894 bytes
2026-02-12 01:53:34,994 - DEBUG - [chan 0] close(00000000)
2026-02-12 01:53:34,996 - DEBUG - [chan 0] stat(b'/home/kevin/test/lib/rich/_inspect.py')
2026-02-12 01:53:34,998 - INFO - Upload completed successfully: _inspect.py
2026-02-12 01:53:34,998 - INFO - Starting upload: lib/rich/_fileno.py -> /home/kevin/test/lib/rich/_fileno.py (799 bytes)
2026-02-12 01:53:34,999 - DEBUG - [chan 0] open(b'/home/kevin/test/lib/rich/_fileno.py', 'wb')
2026-02-12 01:53:35,000 - DEBUG - [chan 0] open(b'/home/kevin/test/lib/rich/_fileno.py', 'wb') -> 00000000
2026-02-12 01:53:35,000 - DEBUG - Progress: 799/799 bytes
2026-02-12 01:53:35,000 - DEBUG - [chan 0] close(00000000)
2026-02-12 01:53:35,001 - DEBUG - [chan 0] stat(b'/home/kevin/test/lib/rich/_fileno.py')
2026-02-12 01:53:35,002 - INFO - Upload completed successfully: _fileno.py
2026-02-12 01:53:35,002 - INFO - Starting upload: lib/rich/_extension.py -> /home/kevin/test/lib/rich/_extension.py (241 bytes)
2026-02-12 01:53:35,004 - DEBUG - [chan 0] open(b'/home/kevin/test/lib/rich/_extension.py', 'wb')
2026-02-12 01:53:35,004 - DEBUG - [chan 0] open(b'/home/kevin/test/lib/rich/_extension.py', 'wb') -> 00000000
2026-02-12 01:53:35,004 - DEBUG - Progress: 241/241 bytes
2026-02-12 01:53:35,004 - DEBUG - [chan 0] close(00000000)
2026-02-12 01:53:35,005 - DEBUG - [chan 0] stat(b'/home/kevin/test/lib/rich/_extension.py')
2026-02-12 01:53:35,007 - INFO - Upload completed successfully: _extension.py
2026-02-12 01:53:35,007 - INFO - Starting upload: lib/rich/_export_format.py -> /home/kevin/test/lib/rich/_export_format.py (2128 bytes)
2026-02-12 01:53:35,008 - DEBUG - [chan 0] open(b'/home/kevin/test/lib/rich/_export_format.py', 'wb')
2026-02-12 01:53:35,009 - DEBUG - [chan 0] open(b'/home/kevin/test/lib/rich/_export_format.py', 'wb') -> 00000000
2026-02-12 01:53:35,009 - DEBUG - Progress: 2128/2128 bytes
2026-02-12 01:53:35,009 - DEBUG - [chan 0] close(00000000)
2026-02-12 01:53:35,010 - DEBUG - [chan 0] stat(b'/home/kevin/test/lib/rich/_export_format.py')
2026-02-12 01:53:35,012 - INFO - Upload completed successfully: _export_format.py
2026-02-12 01:53:35,012 - INFO - Starting upload: lib/rich/_emoji_replace.py -> /home/kevin/test/lib/rich/_emoji_replace.py (1064 bytes)
2026-02-12 01:53:35,014 - DEBUG - [chan 0] open(b'/home/kevin/test/lib/rich/_emoji_replace.py', 'wb')
2026-02-12 01:53:35,014 - DEBUG - [chan 0] open(b'/home/kevin/test/lib/rich/_emoji_replace.py', 'wb') -> 00000000
2026-02-12 01:53:35,014 - DEBUG - Progress: 1064/1064 bytes
2026-02-12 01:53:35,014 - DEBUG - [chan 0] close(00000000)
2026-02-12 01:53:35,015 - DEBUG - [chan 0] stat(b'/home/kevin/test/lib/rich/_emoji_replace.py')
2026-02-12 01:53:35,017 - INFO - Upload completed successfully: _emoji_replace.py
2026-02-12 01:53:35,017 - INFO - Starting upload: lib/rich/_emoji_codes.py -> /home/kevin/test/lib/rich/_emoji_codes.py (140235 bytes)
2026-02-12 01:53:35,018 - DEBUG - [chan 0] open(b'/home/kevin/test/lib/rich/_emoji_codes.py', 'wb')
2026-02-12 01:53:35,019 - DEBUG - [chan 0] open(b'/home/kevin/test/lib/rich/_emoji_codes.py', 'wb') -> 00000000
2026-02-12 01:53:35,019 - DEBUG - [chan 0] close(00000000)
2026-02-12 01:53:35,034 - DEBUG - [chan 0] stat(b'/home/kevin/test/lib/rich/_emoji_codes.py')
2026-02-12 01:53:35,037 - INFO - Upload completed successfully: _emoji_codes.py
2026-02-12 01:53:35,037 - INFO - Starting upload: lib/rich/__main__.py -> /home/kevin/test/lib/rich/__main__.py (7725 bytes)
2026-02-12 01:53:35,039 - DEBUG - [chan 0] open(b'/home/kevin/test/lib/rich/__main__.py', 'wb')
2026-02-12 01:53:35,040 - DEBUG - [chan 0] open(b'/home/kevin/test/lib/rich/__main__.py', 'wb') -> 00000000
2026-02-12 01:53:35,040 - DEBUG - Progress: 7725/7725 bytes
2026-02-12 01:53:35,040 - DEBUG - [chan 0] close(00000000)
2026-02-12 01:53:35,042 - DEBUG - [chan 0] stat(b'/home/kevin/test/lib/rich/__main__.py')
2026-02-12 01:53:35,044 - INFO - Upload completed successfully: __main__.py
2026-02-12 01:53:35,044 - INFO - Starting upload: lib/rich/__init__.py -> /home/kevin/test/lib/rich/__init__.py (6131 bytes)
2026-02-12 01:53:35,046 - DEBUG - [chan 0] open(b'/home/kevin/test/lib/rich/__init__.py', 'wb')
2026-02-12 01:53:35,046 - DEBUG - [chan 0] open(b'/home/kevin/test/lib/rich/__init__.py', 'wb') -> 00000000
2026-02-12 01:53:35,047 - DEBUG - Progress: 6131/6131 bytes
2026-02-12 01:53:35,047 - DEBUG - [chan 0] close(00000000)
2026-02-12 01:53:35,048 - DEBUG - [chan 0] stat(b'/home/kevin/test/lib/rich/__init__.py')
2026-02-12 01:53:35,050 - INFO - Upload completed successfully: __init__.py
2026-02-12 01:53:35,051 - DEBUG - [chan 0] mkdir(b'/home/kevin/test/lib/rich/__pycache__', 511)
2026-02-12 01:53:35,051 - INFO - Created remote folder: /home/kevin/test/lib/rich/__pycache__
2026-02-12 01:53:35,051 - INFO - Starting upload: lib/rich/__pycache__/tree.cpython-314.pyc -> /home/kevin/test/lib/rich/__pycache__/tree.cpython-314.pyc (13118 bytes)
2026-02-12 01:53:35,053 - DEBUG - [chan 0] open(b'/home/kevin/test/lib/rich/__pycache__/tree.cpython-314.pyc', 'wb')
2026-02-12 01:53:35,054 - DEBUG - [chan 0] open(b'/home/kevin/test/lib/rich/__pycache__/tree.cpython-314.pyc', 'wb') -> 00000000
2026-02-12 01:53:35,054 - DEBUG - Progress: 13118/13118 bytes
2026-02-12 01:53:35,054 - DEBUG - [chan 0] close(00000000)
2026-02-12 01:53:35,057 - DEBUG - [chan 0] stat(b'/home/kevin/test/lib/rich/__pycache__/tree.cpython-314.pyc')
2026-02-12 01:53:35,058 - INFO - Upload completed successfully: tree.cpython-314.pyc
2026-02-12 01:53:35,059 - INFO - Starting upload: lib/rich/__pycache__/traceback.cpython-314.pyc -> /home/kevin/test/lib/rich/__pycache__/traceback.cpython-314.pyc (44364 bytes)
2026-02-12 01:53:35,061 - DEBUG - [chan 0] open(b'/home/kevin/test/lib/rich/__pycache__/traceback.cpython-314.pyc', 'wb')
2026-02-12 01:53:35,061 - DEBUG - [chan 0] open(b'/home/kevin/test/lib/rich/__pycache__/traceback.cpython-314.pyc', 'wb') -> 00000000
2026-02-12 01:53:35,062 - DEBUG - [chan 0] close(00000000)
2026-02-12 01:53:35,067 - DEBUG - [chan 0] stat(b'/home/kevin/test/lib/rich/__pycache__/traceback.cpython-314.pyc')
2026-02-12 01:53:35,069 - INFO - Upload completed successfully: traceback.cpython-314.pyc
2026-02-12 01:53:35,069 - INFO - Starting upload: lib/rich/__pycache__/themes.cpython-314.pyc -> /home/kevin/test/lib/rich/__pycache__/themes.cpython-314.pyc (278 bytes)
2026-02-12 01:53:35,071 - DEBUG - [chan 0] open(b'/home/kevin/test/lib/rich/__pycache__/themes.cpython-314.pyc', 'wb')
2026-02-12 01:53:35,072 - DEBUG - [chan 0] open(b'/home/kevin/test/lib/rich/__pycache__/themes.cpython-314.pyc', 'wb') -> 00000000
2026-02-12 01:53:35,072 - DEBUG - Progress: 278/278 bytes
2026-02-12 01:53:35,072 - DEBUG - [chan 0] close(00000000)
2026-02-12 01:53:35,073 - DEBUG - [chan 0] stat(b'/home/kevin/test/lib/rich/__pycache__/themes.cpython-314.pyc')
2026-02-12 01:53:35,077 - INFO - Upload completed successfully: themes.cpython-314.pyc
2026-02-12 01:53:35,077 - INFO - Starting upload: lib/rich/__pycache__/theme.cpython-314.pyc -> /home/kevin/test/lib/rich/__pycache__/theme.cpython-314.pyc (7755 bytes)
2026-02-12 01:53:35,081 - DEBUG - [chan 0] open(b'/home/kevin/test/lib/rich/__pycache__/theme.cpython-314.pyc', 'wb')
2026-02-12 01:53:35,082 - DEBUG - [chan 0] open(b'/home/kevin/test/lib/rich/__pycache__/theme.cpython-314.pyc', 'wb') -> 00000000
2026-02-12 01:53:35,082 - DEBUG - Progress: 7755/7755 bytes
2026-02-12 01:53:35,082 - DEBUG - [chan 0] close(00000000)
2026-02-12 01:53:35,084 - DEBUG - [chan 0] stat(b'/home/kevin/test/lib/rich/__pycache__/theme.cpython-314.pyc')
2026-02-12 01:53:35,086 - INFO - Upload completed successfully: theme.cpython-314.pyc
2026-02-12 01:53:35,086 - INFO - Starting upload: lib/rich/__pycache__/text.cpython-314.pyc -> /home/kevin/test/lib/rich/__pycache__/text.cpython-314.pyc (73093 bytes)
2026-02-12 01:53:35,089 - DEBUG - [chan 0] open(b'/home/kevin/test/lib/rich/__pycache__/text.cpython-314.pyc', 'wb')
2026-02-12 01:53:35,090 - DEBUG - [chan 0] open(b'/home/kevin/test/lib/rich/__pycache__/text.cpython-314.pyc', 'wb') -> 00000000
2026-02-12 01:53:35,091 - DEBUG - [chan 0] close(00000000)
2026-02-12 01:53:35,098 - DEBUG - [chan 0] stat(b'/home/kevin/test/lib/rich/__pycache__/text.cpython-314.pyc')
2026-02-12 01:53:35,102 - INFO - Upload completed successfully: text.cpython-314.pyc
2026-02-12 01:53:35,102 - INFO - Starting upload: lib/rich/__pycache__/terminal_theme.cpython-314.pyc -> /home/kevin/test/lib/rich/__pycache__/terminal_theme.cpython-314.pyc (3639 bytes)
2026-02-12 01:53:35,106 - DEBUG - [chan 0] open(b'/home/kevin/test/lib/rich/__pycache__/terminal_theme.cpython-314.pyc', 'wb')
2026-02-12 01:53:35,107 - DEBUG - [chan 0] open(b'/home/kevin/test/lib/rich/__pycache__/terminal_theme.cpython-314.pyc', 'wb') -> 00000000
2026-02-12 01:53:35,108 - DEBUG - Progress: 3639/3639 bytes
2026-02-12 01:53:35,108 - DEBUG - [chan 0] close(00000000)
2026-02-12 01:53:35,109 - DEBUG - [chan 0] stat(b'/home/kevin/test/lib/rich/__pycache__/terminal_theme.cpython-314.pyc')
2026-02-12 01:53:35,113 - INFO - Upload completed successfully: terminal_theme.cpython-314.pyc
2026-02-12 01:53:35,113 - INFO - Starting upload: lib/rich/__pycache__/table.cpython-314.pyc -> /home/kevin/test/lib/rich/__pycache__/table.cpython-314.pyc (51512 bytes)
2026-02-12 01:53:35,117 - DEBUG - [chan 0] open(b'/home/kevin/test/lib/rich/__pycache__/table.cpython-314.pyc', 'wb')
2026-02-12 01:53:35,118 - DEBUG - [chan 0] open(b'/home/kevin/test/lib/rich/__pycache__/table.cpython-314.pyc', 'wb') -> 00000000
2026-02-12 01:53:35,119 - DEBUG - Progress: 32768/51512 bytes
2026-02-12 01:53:35,119 - DEBUG - [chan 0] close(00000000)
2026-02-12 01:53:35,125 - DEBUG - [chan 0] stat(b'/home/kevin/test/lib/rich/__pycache__/table.cpython-314.pyc')
2026-02-12 01:53:35,128 - INFO - Upload completed successfully: table.cpython-314.pyc
2026-02-12 01:53:35,128 - INFO - Starting upload: lib/rich/__pycache__/syntax.cpython-314.pyc -> /home/kevin/test/lib/rich/__pycache__/syntax.cpython-314.pyc (46071 bytes)
2026-02-12 01:53:35,130 - DEBUG - [chan 0] open(b'/home/kevin/test/lib/rich/__pycache__/syntax.cpython-314.pyc', 'wb')
2026-02-12 01:53:35,131 - DEBUG - [chan 0] open(b'/home/kevin/test/lib/rich/__pycache__/syntax.cpython-314.pyc', 'wb') -> 00000000
2026-02-12 01:53:35,132 - DEBUG - [chan 0] close(00000000)
2026-02-12 01:53:35,136 - DEBUG - [chan 0] stat(b'/home/kevin/test/lib/rich/__pycache__/syntax.cpython-314.pyc')
2026-02-12 01:53:35,140 - INFO - Upload completed successfully: syntax.cpython-314.pyc
2026-02-12 01:53:35,140 - INFO - Starting upload: lib/rich/__pycache__/styled.cpython-314.pyc -> /home/kevin/test/lib/rich/__pycache__/styled.cpython-314.pyc (2644 bytes)
2026-02-12 01:53:35,144 - DEBUG - [chan 0] open(b'/home/kevin/test/lib/rich/__pycache__/styled.cpython-314.pyc', 'wb')
2026-02-12 01:53:35,145 - DEBUG - [chan 0] open(b'/home/kevin/test/lib/rich/__pycache__/styled.cpython-314.pyc', 'wb') -> 00000000
2026-02-12 01:53:35,146 - DEBUG - Progress: 2644/2644 bytes
2026-02-12 01:53:35,146 - DEBUG - [chan 0] close(00000000)
2026-02-12 01:53:35,147 - DEBUG - [chan 0] stat(b'/home/kevin/test/lib/rich/__pycache__/styled.cpython-314.pyc')
2026-02-12 01:53:35,149 - INFO - Upload completed successfully: styled.cpython-314.pyc
2026-02-12 01:53:35,149 - INFO - Starting upload: lib/rich/__pycache__/style.cpython-314.pyc -> /home/kevin/test/lib/rich/__pycache__/style.cpython-314.pyc (42013 bytes)
2026-02-12 01:53:35,151 - DEBUG - [chan 0] open(b'/home/kevin/test/lib/rich/__pycache__/style.cpython-314.pyc', 'wb')
2026-02-12 01:53:35,152 - DEBUG - [chan 0] open(b'/home/kevin/test/lib/rich/__pycache__/style.cpython-314.pyc', 'wb') -> 00000000
2026-02-12 01:53:35,152 - DEBUG - Progress: 32768/42013 bytes
2026-02-12 01:53:35,152 - DEBUG - [chan 0] close(00000000)
2026-02-12 01:53:35,160 - DEBUG - [chan 0] stat(b'/home/kevin/test/lib/rich/__pycache__/style.cpython-314.pyc')
2026-02-12 01:53:35,162 - INFO - Upload completed successfully: style.cpython-314.pyc
2026-02-12 01:53:35,162 - INFO - Starting upload: lib/rich/__pycache__/status.cpython-314.pyc -> /home/kevin/test/lib/rich/__pycache__/status.cpython-314.pyc (7603 bytes)
2026-02-12 01:53:35,164 - DEBUG - [chan 0] open(b'/home/kevin/test/lib/rich/__pycache__/status.cpython-314.pyc', 'wb')
2026-02-12 01:53:35,165 - DEBUG - [chan 0] open(b'/home/kevin/test/lib/rich/__pycache__/status.cpython-314.pyc', 'wb') -> 00000000
2026-02-12 01:53:35,165 - DEBUG - Progress: 7603/7603 bytes
2026-02-12 01:53:35,165 - DEBUG - [chan 0] close(00000000)
2026-02-12 01:53:35,167 - DEBUG - [chan 0] stat(b'/home/kevin/test/lib/rich/__pycache__/status.cpython-314.pyc')
2026-02-12 01:53:35,170 - INFO - Upload completed successfully: status.cpython-314.pyc
2026-02-12 01:53:35,171 - INFO - Starting upload: lib/rich/__pycache__/spinner.cpython-314.pyc -> /home/kevin/test/lib/rich/__pycache__/spinner.cpython-314.pyc (7001 bytes)
2026-02-12 01:53:35,174 - DEBUG - [chan 0] open(b'/home/kevin/test/lib/rich/__pycache__/spinner.cpython-314.pyc', 'wb')
2026-02-12 01:53:35,175 - DEBUG - [chan 0] open(b'/home/kevin/test/lib/rich/__pycache__/spinner.cpython-314.pyc', 'wb') -> 00000000
2026-02-12 01:53:35,176 - DEBUG - Progress: 7001/7001 bytes
2026-02-12 01:53:35,176 - DEBUG - [chan 0] close(00000000)
2026-02-12 01:53:35,177 - DEBUG - [chan 0] stat(b'/home/kevin/test/lib/rich/__pycache__/spinner.cpython-314.pyc')
2026-02-12 01:53:35,181 - INFO - Upload completed successfully: spinner.cpython-314.pyc
2026-02-12 01:53:35,181 - INFO - Starting upload: lib/rich/__pycache__/segment.cpython-314.pyc -> /home/kevin/test/lib/rich/__pycache__/segment.cpython-314.pyc (34877 bytes)
2026-02-12 01:53:35,185 - DEBUG - [chan 0] open(b'/home/kevin/test/lib/rich/__pycache__/segment.cpython-314.pyc', 'wb')
2026-02-12 01:53:35,186 - DEBUG - [chan 0] open(b'/home/kevin/test/lib/rich/__pycache__/segment.cpython-314.pyc', 'wb') -> 00000000
2026-02-12 01:53:35,187 - DEBUG - Progress: 32768/34877 bytes
2026-02-12 01:53:35,187 - DEBUG - [chan 0] close(00000000)
2026-02-12 01:53:35,191 - DEBUG - [chan 0] stat(b'/home/kevin/test/lib/rich/__pycache__/segment.cpython-314.pyc')
2026-02-12 01:53:35,192 - INFO - Upload completed successfully: segment.cpython-314.pyc
2026-02-12 01:53:35,192 - INFO - Starting upload: lib/rich/__pycache__/screen.cpython-314.pyc -> /home/kevin/test/lib/rich/__pycache__/screen.cpython-314.pyc (3060 bytes)
2026-02-12 01:53:35,194 - DEBUG - [chan 0] open(b'/home/kevin/test/lib/rich/__pycache__/screen.cpython-314.pyc', 'wb')
2026-02-12 01:53:35,195 - DEBUG - [chan 0] open(b'/home/kevin/test/lib/rich/__pycache__/screen.cpython-314.pyc', 'wb') -> 00000000
2026-02-12 01:53:35,195 - DEBUG - Progress: 3060/3060 bytes
2026-02-12 01:53:35,195 - DEBUG - [chan 0] close(00000000)
2026-02-12 01:53:35,196 - DEBUG - [chan 0] stat(b'/home/kevin/test/lib/rich/__pycache__/screen.cpython-314.pyc')
2026-02-12 01:53:35,198 - INFO - Upload completed successfully: screen.cpython-314.pyc
2026-02-12 01:53:35,198 - INFO - Starting upload: lib/rich/__pycache__/scope.cpython-314.pyc -> /home/kevin/test/lib/rich/__pycache__/scope.cpython-314.pyc (4810 bytes)
2026-02-12 01:53:35,200 - DEBUG - [chan 0] open(b'/home/kevin/test/lib/rich/__pycache__/scope.cpython-314.pyc', 'wb')
2026-02-12 01:53:35,201 - DEBUG - [chan 0] open(b'/home/kevin/test/lib/rich/__pycache__/scope.cpython-314.pyc', 'wb') -> 00000000
2026-02-12 01:53:35,201 - DEBUG - Progress: 4810/4810 bytes
2026-02-12 01:53:35,201 - DEBUG - [chan 0] close(00000000)
2026-02-12 01:53:35,202 - DEBUG - [chan 0] stat(b'/home/kevin/test/lib/rich/__pycache__/scope.cpython-314.pyc')
2026-02-12 01:53:35,204 - INFO - Upload completed successfully: scope.cpython-314.pyc
2026-02-12 01:53:35,204 - INFO - Starting upload: lib/rich/__pycache__/rule.cpython-314.pyc -> /home/kevin/test/lib/rich/__pycache__/rule.cpython-314.pyc (7649 bytes)
2026-02-12 01:53:35,205 - DEBUG - [chan 0] open(b'/home/kevin/test/lib/rich/__pycache__/rule.cpython-314.pyc', 'wb')
2026-02-12 01:53:35,206 - DEBUG - [chan 0] open(b'/home/kevin/test/lib/rich/__pycache__/rule.cpython-314.pyc', 'wb') -> 00000000
2026-02-12 01:53:35,206 - DEBUG - Progress: 7649/7649 bytes
2026-02-12 01:53:35,206 - DEBUG - [chan 0] close(00000000)
2026-02-12 01:53:35,208 - DEBUG - [chan 0] stat(b'/home/kevin/test/lib/rich/__pycache__/rule.cpython-314.pyc')
2026-02-12 01:53:35,210 - INFO - Upload completed successfully: rule.cpython-314.pyc
2026-02-12 01:53:35,210 - INFO - Starting upload: lib/rich/__pycache__/repr.cpython-314.pyc -> /home/kevin/test/lib/rich/__pycache__/repr.cpython-314.pyc (8820 bytes)
2026-02-12 01:53:35,211 - DEBUG - [chan 0] open(b'/home/kevin/test/lib/rich/__pycache__/repr.cpython-314.pyc', 'wb')
2026-02-12 01:53:35,212 - DEBUG - [chan 0] open(b'/home/kevin/test/lib/rich/__pycache__/repr.cpython-314.pyc', 'wb') -> 00000000
2026-02-12 01:53:35,212 - DEBUG - Progress: 8820/8820 bytes
2026-02-12 01:53:35,212 - DEBUG - [chan 0] close(00000000)
2026-02-12 01:53:35,214 - DEBUG - [chan 0] stat(b'/home/kevin/test/lib/rich/__pycache__/repr.cpython-314.pyc')
2026-02-12 01:53:35,216 - INFO - Upload completed successfully: repr.cpython-314.pyc
2026-02-12 01:53:35,216 - INFO - Starting upload: lib/rich/__pycache__/region.cpython-314.pyc -> /home/kevin/test/lib/rich/__pycache__/region.cpython-314.pyc (828 bytes)
2026-02-12 01:53:35,217 - DEBUG - [chan 0] open(b'/home/kevin/test/lib/rich/__pycache__/region.cpython-314.pyc', 'wb')
2026-02-12 01:53:35,218 - DEBUG - [chan 0] open(b'/home/kevin/test/lib/rich/__pycache__/region.cpython-314.pyc', 'wb') -> 00000000
2026-02-12 01:53:35,218 - DEBUG - Progress: 828/828 bytes
2026-02-12 01:53:35,218 - DEBUG - [chan 0] close(00000000)
2026-02-12 01:53:35,219 - DEBUG - [chan 0] stat(b'/home/kevin/test/lib/rich/__pycache__/region.cpython-314.pyc')
2026-02-12 01:53:35,221 - INFO - Upload completed successfully: region.cpython-314.pyc
2026-02-12 01:53:35,221 - INFO - Starting upload: lib/rich/__pycache__/protocol.cpython-314.pyc -> /home/kevin/test/lib/rich/__pycache__/protocol.cpython-314.pyc (2022 bytes)
2026-02-12 01:53:35,222 - DEBUG - [chan 0] open(b'/home/kevin/test/lib/rich/__pycache__/protocol.cpython-314.pyc', 'wb')
2026-02-12 01:53:35,223 - DEBUG - [chan 0] open(b'/home/kevin/test/lib/rich/__pycache__/protocol.cpython-314.pyc', 'wb') -> 00000000
2026-02-12 01:53:35,223 - DEBUG - Progress: 2022/2022 bytes
2026-02-12 01:53:35,223 - DEBUG - [chan 0] close(00000000)
2026-02-12 01:53:35,225 - DEBUG - [chan 0] stat(b'/home/kevin/test/lib/rich/__pycache__/protocol.cpython-314.pyc')
2026-02-12 01:53:35,226 - INFO - Upload completed successfully: protocol.cpython-314.pyc
2026-02-12 01:53:35,226 - INFO - Starting upload: lib/rich/__pycache__/prompt.cpython-314.pyc -> /home/kevin/test/lib/rich/__pycache__/prompt.cpython-314.pyc (19762 bytes)
2026-02-12 01:53:35,228 - DEBUG - [chan 0] open(b'/home/kevin/test/lib/rich/__pycache__/prompt.cpython-314.pyc', 'wb')
2026-02-12 01:53:35,228 - DEBUG - [chan 0] open(b'/home/kevin/test/lib/rich/__pycache__/prompt.cpython-314.pyc', 'wb') -> 00000000
2026-02-12 01:53:35,229 - DEBUG - Progress: 19762/19762 bytes
2026-02-12 01:53:35,229 - DEBUG - [chan 0] close(00000000)
2026-02-12 01:53:35,233 - DEBUG - [chan 0] stat(b'/home/kevin/test/lib/rich/__pycache__/prompt.cpython-314.pyc')
2026-02-12 01:53:35,235 - INFO - Upload completed successfully: prompt.cpython-314.pyc
2026-02-12 01:53:35,236 - INFO - Starting upload: lib/rich/__pycache__/progress_bar.cpython-314.pyc -> /home/kevin/test/lib/rich/__pycache__/progress_bar.cpython-314.pyc (12150 bytes)
2026-02-12 01:53:35,237 - DEBUG - [chan 0] open(b'/home/kevin/test/lib/rich/__pycache__/progress_bar.cpython-314.pyc', 'wb')
2026-02-12 01:53:35,238 - DEBUG - [chan 0] open(b'/home/kevin/test/lib/rich/__pycache__/progress_bar.cpython-314.pyc', 'wb') -> 00000000
2026-02-12 01:53:35,238 - DEBUG - Progress: 12150/12150 bytes
2026-02-12 01:53:35,238 - DEBUG - [chan 0] close(00000000)
2026-02-12 01:53:35,240 - DEBUG - [chan 0] stat(b'/home/kevin/test/lib/rich/__pycache__/progress_bar.cpython-314.pyc')
2026-02-12 01:53:35,242 - INFO - Upload completed successfully: progress_bar.cpython-314.pyc
2026-02-12 01:53:35,242 - INFO - Starting upload: lib/rich/__pycache__/progress.cpython-314.pyc -> /home/kevin/test/lib/rich/__pycache__/progress.cpython-314.pyc (88705 bytes)
2026-02-12 01:53:35,246 - DEBUG - [chan 0] open(b'/home/kevin/test/lib/rich/__pycache__/progress.cpython-314.pyc', 'wb')
2026-02-12 01:53:35,246 - DEBUG - [chan 0] open(b'/home/kevin/test/lib/rich/__pycache__/progress.cpython-314.pyc', 'wb') -> 00000000
2026-02-12 01:53:35,248 - DEBUG - [chan 0] close(00000000)
2026-02-12 01:53:35,256 - DEBUG - [chan 0] stat(b'/home/kevin/test/lib/rich/__pycache__/progress.cpython-314.pyc')
2026-02-12 01:53:35,260 - INFO - Upload completed successfully: progress.cpython-314.pyc
2026-02-12 01:53:35,260 - INFO - Starting upload: lib/rich/__pycache__/pretty.cpython-314.pyc -> /home/kevin/test/lib/rich/__pycache__/pretty.cpython-314.pyc (49494 bytes)
2026-02-12 01:53:35,264 - DEBUG - [chan 0] open(b'/home/kevin/test/lib/rich/__pycache__/pretty.cpython-314.pyc', 'wb')
2026-02-12 01:53:35,265 - DEBUG - [chan 0] open(b'/home/kevin/test/lib/rich/__pycache__/pretty.cpython-314.pyc', 'wb') -> 00000000
2026-02-12 01:53:35,266 - DEBUG - Progress: 32768/49494 bytes
2026-02-12 01:53:35,266 - DEBUG - [chan 0] close(00000000)
2026-02-12 01:53:35,271 - DEBUG - [chan 0] stat(b'/home/kevin/test/lib/rich/__pycache__/pretty.cpython-314.pyc')
2026-02-12 01:53:35,275 - INFO - Upload completed successfully: pretty.cpython-314.pyc
2026-02-12 01:53:35,275 - INFO - Starting upload: lib/rich/__pycache__/panel.cpython-314.pyc -> /home/kevin/test/lib/rich/__pycache__/panel.cpython-314.pyc (14465 bytes)
2026-02-12 01:53:35,278 - DEBUG - [chan 0] open(b'/home/kevin/test/lib/rich/__pycache__/panel.cpython-314.pyc', 'wb')
2026-02-12 01:53:35,278 - DEBUG - [chan 0] open(b'/home/kevin/test/lib/rich/__pycache__/panel.cpython-314.pyc', 'wb') -> 00000000
2026-02-12 01:53:35,279 - DEBUG - Progress: 14465/14465 bytes
2026-02-12 01:53:35,279 - DEBUG - [chan 0] close(00000000)
2026-02-12 01:53:35,282 - DEBUG - [chan 0] stat(b'/home/kevin/test/lib/rich/__pycache__/panel.cpython-314.pyc')
2026-02-12 01:53:35,286 - INFO - Upload completed successfully: panel.cpython-314.pyc
2026-02-12 01:53:35,286 - INFO - Starting upload: lib/rich/__pycache__/palette.cpython-314.pyc -> /home/kevin/test/lib/rich/__pycache__/palette.cpython-314.pyc (6483 bytes)
2026-02-12 01:53:35,290 - DEBUG - [chan 0] open(b'/home/kevin/test/lib/rich/__pycache__/palette.cpython-314.pyc', 'wb')
2026-02-12 01:53:35,291 - DEBUG - [chan 0] open(b'/home/kevin/test/lib/rich/__pycache__/palette.cpython-314.pyc', 'wb') -> 00000000
2026-02-12 01:53:35,291 - DEBUG - Progress: 6483/6483 bytes
2026-02-12 01:53:35,292 - DEBUG - [chan 0] close(00000000)
2026-02-12 01:53:35,293 - DEBUG - [chan 0] stat(b'/home/kevin/test/lib/rich/__pycache__/palette.cpython-314.pyc')
2026-02-12 01:53:35,297 - INFO - Upload completed successfully: palette.cpython-314.pyc
2026-02-12 01:53:35,297 - INFO - Starting upload: lib/rich/__pycache__/pager.cpython-314.pyc -> /home/kevin/test/lib/rich/__pycache__/pager.cpython-314.pyc (2401 bytes)
2026-02-12 01:53:35,300 - DEBUG - [chan 0] open(b'/home/kevin/test/lib/rich/__pycache__/pager.cpython-314.pyc', 'wb')
2026-02-12 01:53:35,301 - DEBUG - [chan 0] open(b'/home/kevin/test/lib/rich/__pycache__/pager.cpython-314.pyc', 'wb') -> 00000000
2026-02-12 01:53:35,301 - DEBUG - Progress: 2401/2401 bytes
2026-02-12 01:53:35,301 - DEBUG - [chan 0] close(00000000)
2026-02-12 01:53:35,303 - DEBUG - [chan 0] stat(b'/home/kevin/test/lib/rich/__pycache__/pager.cpython-314.pyc')
2026-02-12 01:53:35,306 - INFO - Upload completed successfully: pager.cpython-314.pyc
2026-02-12 01:53:35,307 - INFO - Starting upload: lib/rich/__pycache__/padding.cpython-314.pyc -> /home/kevin/test/lib/rich/__pycache__/padding.cpython-314.pyc (8101 bytes)
2026-02-12 01:53:35,309 - DEBUG - [chan 0] open(b'/home/kevin/test/lib/rich/__pycache__/padding.cpython-314.pyc', 'wb')
2026-02-12 01:53:35,310 - DEBUG - [chan 0] open(b'/home/kevin/test/lib/rich/__pycache__/padding.cpython-314.pyc', 'wb') -> 00000000
2026-02-12 01:53:35,310 - DEBUG - Progress: 8101/8101 bytes
2026-02-12 01:53:35,310 - DEBUG - [chan 0] close(00000000)
2026-02-12 01:53:35,312 - DEBUG - [chan 0] stat(b'/home/kevin/test/lib/rich/__pycache__/padding.cpython-314.pyc')
2026-02-12 01:53:35,313 - INFO - Upload completed successfully: padding.cpython-314.pyc
2026-02-12 01:53:35,313 - INFO - Starting upload: lib/rich/__pycache__/measure.cpython-314.pyc -> /home/kevin/test/lib/rich/__pycache__/measure.cpython-314.pyc (7415 bytes)
2026-02-12 01:53:35,315 - DEBUG - [chan 0] open(b'/home/kevin/test/lib/rich/__pycache__/measure.cpython-314.pyc', 'wb')
2026-02-12 01:53:35,316 - DEBUG - [chan 0] open(b'/home/kevin/test/lib/rich/__pycache__/measure.cpython-314.pyc', 'wb') -> 00000000
2026-02-12 01:53:35,316 - DEBUG - Progress: 7415/7415 bytes
2026-02-12 01:53:35,316 - DEBUG - [chan 0] close(00000000)
2026-02-12 01:53:35,318 - DEBUG - [chan 0] stat(b'/home/kevin/test/lib/rich/__pycache__/measure.cpython-314.pyc')
2026-02-12 01:53:35,319 - INFO - Upload completed successfully: measure.cpython-314.pyc
2026-02-12 01:53:35,319 - INFO - Starting upload: lib/rich/__pycache__/markup.cpython-314.pyc -> /home/kevin/test/lib/rich/__pycache__/markup.cpython-314.pyc (11256 bytes)
2026-02-12 01:53:35,321 - DEBUG - [chan 0] open(b'/home/kevin/test/lib/rich/__pycache__/markup.cpython-314.pyc', 'wb')
2026-02-12 01:53:35,322 - DEBUG - [chan 0] open(b'/home/kevin/test/lib/rich/__pycache__/markup.cpython-314.pyc', 'wb') -> 00000000
2026-02-12 01:53:35,322 - DEBUG - Progress: 11256/11256 bytes
2026-02-12 01:53:35,322 - DEBUG - [chan 0] close(00000000)
2026-02-12 01:53:35,324 - DEBUG - [chan 0] stat(b'/home/kevin/test/lib/rich/__pycache__/markup.cpython-314.pyc')
2026-02-12 01:53:35,326 - INFO - Upload completed successfully: markup.cpython-314.pyc
2026-02-12 01:53:35,326 - INFO - Starting upload: lib/rich/__pycache__/markdown.cpython-314.pyc -> /home/kevin/test/lib/rich/__pycache__/markdown.cpython-314.pyc (45855 bytes)
2026-02-12 01:53:35,327 - DEBUG - [chan 0] open(b'/home/kevin/test/lib/rich/__pycache__/markdown.cpython-314.pyc', 'wb')
2026-02-12 01:53:35,328 - DEBUG - [chan 0] open(b'/home/kevin/test/lib/rich/__pycache__/markdown.cpython-314.pyc', 'wb') -> 00000000
2026-02-12 01:53:35,328 - DEBUG - [chan 0] close(00000000)
2026-02-12 01:53:35,334 - DEBUG - [chan 0] stat(b'/home/kevin/test/lib/rich/__pycache__/markdown.cpython-314.pyc')
2026-02-12 01:53:35,336 - INFO - Upload completed successfully: markdown.cpython-314.pyc
2026-02-12 01:53:35,336 - INFO - Starting upload: lib/rich/__pycache__/logging.cpython-314.pyc -> /home/kevin/test/lib/rich/__pycache__/logging.cpython-314.pyc (15608 bytes)
2026-02-12 01:53:35,337 - DEBUG - [chan 0] open(b'/home/kevin/test/lib/rich/__pycache__/logging.cpython-314.pyc', 'wb')
2026-02-12 01:53:35,338 - DEBUG - [chan 0] open(b'/home/kevin/test/lib/rich/__pycache__/logging.cpython-314.pyc', 'wb') -> 00000000
2026-02-12 01:53:35,338 - DEBUG - Progress: 15608/15608 bytes
2026-02-12 01:53:35,338 - DEBUG - [chan 0] close(00000000)
2026-02-12 01:53:35,342 - DEBUG - [chan 0] stat(b'/home/kevin/test/lib/rich/__pycache__/logging.cpython-314.pyc')
2026-02-12 01:53:35,344 - INFO - Upload completed successfully: logging.cpython-314.pyc
2026-02-12 01:53:35,345 - INFO - Starting upload: lib/rich/__pycache__/live_render.cpython-314.pyc -> /home/kevin/test/lib/rich/__pycache__/live_render.cpython-314.pyc (6039 bytes)
2026-02-12 01:53:35,347 - DEBUG - [chan 0] open(b'/home/kevin/test/lib/rich/__pycache__/live_render.cpython-314.pyc', 'wb')
2026-02-12 01:53:35,347 - DEBUG - [chan 0] open(b'/home/kevin/test/lib/rich/__pycache__/live_render.cpython-314.pyc', 'wb') -> 00000000
2026-02-12 01:53:35,348 - DEBUG - Progress: 6039/6039 bytes
2026-02-12 01:53:35,348 - DEBUG - [chan 0] close(00000000)
2026-02-12 01:53:35,349 - DEBUG - [chan 0] stat(b'/home/kevin/test/lib/rich/__pycache__/live_render.cpython-314.pyc')
2026-02-12 01:53:35,351 - INFO - Upload completed successfully: live_render.cpython-314.pyc
2026-02-12 01:53:35,351 - INFO - Starting upload: lib/rich/__pycache__/live.cpython-314.pyc -> /home/kevin/test/lib/rich/__pycache__/live.cpython-314.pyc (23704 bytes)
2026-02-12 01:53:35,353 - DEBUG - [chan 0] open(b'/home/kevin/test/lib/rich/__pycache__/live.cpython-314.pyc', 'wb')
2026-02-12 01:53:35,354 - DEBUG - [chan 0] open(b'/home/kevin/test/lib/rich/__pycache__/live.cpython-314.pyc', 'wb') -> 00000000
2026-02-12 01:53:35,354 - DEBUG - Progress: 23704/23704 bytes
2026-02-12 01:53:35,354 - DEBUG - [chan 0] close(00000000)
2026-02-12 01:53:35,357 - DEBUG - [chan 0] stat(b'/home/kevin/test/lib/rich/__pycache__/live.cpython-314.pyc')
2026-02-12 01:53:35,359 - INFO - Upload completed successfully: live.cpython-314.pyc
2026-02-12 01:53:35,359 - INFO - Starting upload: lib/rich/__pycache__/layout.cpython-314.pyc -> /home/kevin/test/lib/rich/__pycache__/layout.cpython-314.pyc (25210 bytes)
2026-02-12 01:53:35,362 - DEBUG - [chan 0] open(b'/home/kevin/test/lib/rich/__pycache__/layout.cpython-314.pyc', 'wb')
2026-02-12 01:53:35,362 - DEBUG - [chan 0] open(b'/home/kevin/test/lib/rich/__pycache__/layout.cpython-314.pyc', 'wb') -> 00000000
2026-02-12 01:53:35,362 - DEBUG - Progress: 25210/25210 bytes
2026-02-12 01:53:35,363 - DEBUG - [chan 0] close(00000000)
2026-02-12 01:53:35,366 - DEBUG - [chan 0] stat(b'/home/kevin/test/lib/rich/__pycache__/layout.cpython-314.pyc')
2026-02-12 01:53:35,368 - INFO - Upload completed successfully: layout.cpython-314.pyc
2026-02-12 01:53:35,368 - INFO - Starting upload: lib/rich/__pycache__/jupyter.cpython-314.pyc -> /home/kevin/test/lib/rich/__pycache__/jupyter.cpython-314.pyc (6589 bytes)
2026-02-12 01:53:35,370 - DEBUG - [chan 0] open(b'/home/kevin/test/lib/rich/__pycache__/jupyter.cpython-314.pyc', 'wb')
2026-02-12 01:53:35,371 - DEBUG - [chan 0] open(b'/home/kevin/test/lib/rich/__pycache__/jupyter.cpython-314.pyc', 'wb') -> 00000000
2026-02-12 01:53:35,371 - DEBUG - Progress: 6589/6589 bytes
2026-02-12 01:53:35,371 - DEBUG - [chan 0] close(00000000)
2026-02-12 01:53:35,372 - DEBUG - [chan 0] stat(b'/home/kevin/test/lib/rich/__pycache__/jupyter.cpython-314.pyc')
2026-02-12 01:53:35,375 - INFO - Upload completed successfully: jupyter.cpython-314.pyc
2026-02-12 01:53:35,375 - INFO - Starting upload: lib/rich/__pycache__/json.cpython-314.pyc -> /home/kevin/test/lib/rich/__pycache__/json.cpython-314.pyc (6507 bytes)
2026-02-12 01:53:35,377 - DEBUG - [chan 0] open(b'/home/kevin/test/lib/rich/__pycache__/json.cpython-314.pyc', 'wb')
2026-02-12 01:53:35,377 - DEBUG - [chan 0] open(b'/home/kevin/test/lib/rich/__pycache__/json.cpython-314.pyc', 'wb') -> 00000000
2026-02-12 01:53:35,378 - DEBUG - Progress: 6507/6507 bytes
2026-02-12 01:53:35,378 - DEBUG - [chan 0] close(00000000)
2026-02-12 01:53:35,379 - DEBUG - [chan 0] stat(b'/home/kevin/test/lib/rich/__pycache__/json.cpython-314.pyc')
2026-02-12 01:53:35,381 - INFO - Upload completed successfully: json.cpython-314.pyc
2026-02-12 01:53:35,381 - INFO - Starting upload: lib/rich/__pycache__/highlighter.cpython-314.pyc -> /home/kevin/test/lib/rich/__pycache__/highlighter.cpython-314.pyc (12055 bytes)
2026-02-12 01:53:35,384 - DEBUG - [chan 0] open(b'/home/kevin/test/lib/rich/__pycache__/highlighter.cpython-314.pyc', 'wb')
2026-02-12 01:53:35,384 - DEBUG - [chan 0] open(b'/home/kevin/test/lib/rich/__pycache__/highlighter.cpython-314.pyc', 'wb') -> 00000000
2026-02-12 01:53:35,384 - DEBUG - Progress: 12055/12055 bytes
2026-02-12 01:53:35,385 - DEBUG - [chan 0] close(00000000)
2026-02-12 01:53:35,387 - DEBUG - [chan 0] stat(b'/home/kevin/test/lib/rich/__pycache__/highlighter.cpython-314.pyc')
2026-02-12 01:53:35,388 - INFO - Upload completed successfully: highlighter.cpython-314.pyc
2026-02-12 01:53:35,389 - INFO - Starting upload: lib/rich/__pycache__/filesize.cpython-314.pyc -> /home/kevin/test/lib/rich/__pycache__/filesize.cpython-314.pyc (3676 bytes)
2026-02-12 01:53:35,390 - DEBUG - [chan 0] open(b'/home/kevin/test/lib/rich/__pycache__/filesize.cpython-314.pyc', 'wb')
2026-02-12 01:53:35,391 - DEBUG - [chan 0] open(b'/home/kevin/test/lib/rich/__pycache__/filesize.cpython-314.pyc', 'wb') -> 00000000
2026-02-12 01:53:35,391 - DEBUG - Progress: 3676/3676 bytes
2026-02-12 01:53:35,391 - DEBUG - [chan 0] close(00000000)
2026-02-12 01:53:35,392 - DEBUG - [chan 0] stat(b'/home/kevin/test/lib/rich/__pycache__/filesize.cpython-314.pyc')
2026-02-12 01:53:35,395 - INFO - Upload completed successfully: filesize.cpython-314.pyc
2026-02-12 01:53:35,395 - INFO - Starting upload: lib/rich/__pycache__/file_proxy.cpython-314.pyc -> /home/kevin/test/lib/rich/__pycache__/file_proxy.cpython-314.pyc (4643 bytes)
2026-02-12 01:53:35,397 - DEBUG - [chan 0] open(b'/home/kevin/test/lib/rich/__pycache__/file_proxy.cpython-314.pyc', 'wb')
2026-02-12 01:53:35,398 - DEBUG - [chan 0] open(b'/home/kevin/test/lib/rich/__pycache__/file_proxy.cpython-314.pyc', 'wb') -> 00000000
2026-02-12 01:53:35,398 - DEBUG - Progress: 4643/4643 bytes
2026-02-12 01:53:35,398 - DEBUG - [chan 0] close(00000000)
2026-02-12 01:53:35,399 - DEBUG - [chan 0] stat(b'/home/kevin/test/lib/rich/__pycache__/file_proxy.cpython-314.pyc')
2026-02-12 01:53:35,401 - INFO - Upload completed successfully: file_proxy.cpython-314.pyc
2026-02-12 01:53:35,401 - INFO - Starting upload: lib/rich/__pycache__/errors.cpython-314.pyc -> /home/kevin/test/lib/rich/__pycache__/errors.cpython-314.pyc (1984 bytes)
2026-02-12 01:53:35,403 - DEBUG - [chan 0] open(b'/home/kevin/test/lib/rich/__pycache__/errors.cpython-314.pyc', 'wb')
2026-02-12 01:53:35,404 - DEBUG - [chan 0] open(b'/home/kevin/test/lib/rich/__pycache__/errors.cpython-314.pyc', 'wb') -> 00000000
2026-02-12 01:53:35,404 - DEBUG - Progress: 1984/1984 bytes
2026-02-12 01:53:35,404 - DEBUG - [chan 0] close(00000000)
2026-02-12 01:53:35,405 - DEBUG - [chan 0] stat(b'/home/kevin/test/lib/rich/__pycache__/errors.cpython-314.pyc')
2026-02-12 01:53:35,407 - INFO - Upload completed successfully: errors.cpython-314.pyc
2026-02-12 01:53:35,407 - INFO - Starting upload: lib/rich/__pycache__/emoji.cpython-314.pyc -> /home/kevin/test/lib/rich/__pycache__/emoji.cpython-314.pyc (4905 bytes)
2026-02-12 01:53:35,409 - DEBUG - [chan 0] open(b'/home/kevin/test/lib/rich/__pycache__/emoji.cpython-314.pyc', 'wb')
2026-02-12 01:53:35,409 - DEBUG - [chan 0] open(b'/home/kevin/test/lib/rich/__pycache__/emoji.cpython-314.pyc', 'wb') -> 00000000
2026-02-12 01:53:35,410 - DEBUG - Progress: 4905/4905 bytes
2026-02-12 01:53:35,410 - DEBUG - [chan 0] close(00000000)
2026-02-12 01:53:35,411 - DEBUG - [chan 0] stat(b'/home/kevin/test/lib/rich/__pycache__/emoji.cpython-314.pyc')
2026-02-12 01:53:35,413 - INFO - Upload completed successfully: emoji.cpython-314.pyc
2026-02-12 01:53:35,413 - INFO - Starting upload: lib/rich/__pycache__/diagnose.cpython-314.pyc -> /home/kevin/test/lib/rich/__pycache__/diagnose.cpython-314.pyc (1592 bytes)
2026-02-12 01:53:35,414 - DEBUG - [chan 0] open(b'/home/kevin/test/lib/rich/__pycache__/diagnose.cpython-314.pyc', 'wb')
2026-02-12 01:53:35,415 - DEBUG - [chan 0] open(b'/home/kevin/test/lib/rich/__pycache__/diagnose.cpython-314.pyc', 'wb') -> 00000000
2026-02-12 01:53:35,415 - DEBUG - Progress: 1592/1592 bytes
2026-02-12 01:53:35,415 - DEBUG - [chan 0] close(00000000)
2026-02-12 01:53:35,416 - DEBUG - [chan 0] stat(b'/home/kevin/test/lib/rich/__pycache__/diagnose.cpython-314.pyc')
2026-02-12 01:53:35,417 - INFO - Upload completed successfully: diagnose.cpython-314.pyc
2026-02-12 01:53:35,418 - INFO - Starting upload: lib/rich/__pycache__/default_styles.cpython-314.pyc -> /home/kevin/test/lib/rich/__pycache__/default_styles.cpython-314.pyc (11114 bytes)
2026-02-12 01:53:35,419 - DEBUG - [chan 0] open(b'/home/kevin/test/lib/rich/__pycache__/default_styles.cpython-314.pyc', 'wb')
2026-02-12 01:53:35,419 - DEBUG - [chan 0] open(b'/home/kevin/test/lib/rich/__pycache__/default_styles.cpython-314.pyc', 'wb') -> 00000000
2026-02-12 01:53:35,420 - DEBUG - Progress: 11114/11114 bytes
2026-02-12 01:53:35,420 - DEBUG - [chan 0] close(00000000)
2026-02-12 01:53:35,421 - DEBUG - [chan 0] stat(b'/home/kevin/test/lib/rich/__pycache__/default_styles.cpython-314.pyc')
2026-02-12 01:53:35,423 - INFO - Upload completed successfully: default_styles.cpython-314.pyc
2026-02-12 01:53:35,423 - INFO - Starting upload: lib/rich/__pycache__/control.cpython-314.pyc -> /home/kevin/test/lib/rich/__pycache__/control.cpython-314.pyc (13507 bytes)
2026-02-12 01:53:35,424 - DEBUG - [chan 0] open(b'/home/kevin/test/lib/rich/__pycache__/control.cpython-314.pyc', 'wb')
2026-02-12 01:53:35,425 - DEBUG - [chan 0] open(b'/home/kevin/test/lib/rich/__pycache__/control.cpython-314.pyc', 'wb') -> 00000000
2026-02-12 01:53:35,425 - DEBUG - Progress: 13507/13507 bytes
2026-02-12 01:53:35,425 - DEBUG - [chan 0] close(00000000)
2026-02-12 01:53:35,429 - DEBUG - [chan 0] stat(b'/home/kevin/test/lib/rich/__pycache__/control.cpython-314.pyc')
2026-02-12 01:53:35,431 - INFO - Upload completed successfully: control.cpython-314.pyc
2026-02-12 01:53:35,431 - INFO - Starting upload: lib/rich/__pycache__/containers.cpython-314.pyc -> /home/kevin/test/lib/rich/__pycache__/containers.cpython-314.pyc (12145 bytes)
2026-02-12 01:53:35,432 - DEBUG - [chan 0] open(b'/home/kevin/test/lib/rich/__pycache__/containers.cpython-314.pyc', 'wb')
2026-02-12 01:53:35,433 - DEBUG - [chan 0] open(b'/home/kevin/test/lib/rich/__pycache__/containers.cpython-314.pyc', 'wb') -> 00000000
2026-02-12 01:53:35,433 - DEBUG - Progress: 12145/12145 bytes
2026-02-12 01:53:35,433 - DEBUG - [chan 0] close(00000000)
2026-02-12 01:53:35,435 - DEBUG - [chan 0] stat(b'/home/kevin/test/lib/rich/__pycache__/containers.cpython-314.pyc')
2026-02-12 01:53:35,436 - INFO - Upload completed successfully: containers.cpython-314.pyc
2026-02-12 01:53:35,437 - INFO - Starting upload: lib/rich/__pycache__/constrain.cpython-314.pyc -> /home/kevin/test/lib/rich/__pycache__/constrain.cpython-314.pyc (2778 bytes)
2026-02-12 01:53:35,438 - DEBUG - [chan 0] open(b'/home/kevin/test/lib/rich/__pycache__/constrain.cpython-314.pyc', 'wb')
2026-02-12 01:53:35,439 - DEBUG - [chan 0] open(b'/home/kevin/test/lib/rich/__pycache__/constrain.cpython-314.pyc', 'wb') -> 00000000
2026-02-12 01:53:35,439 - DEBUG - Progress: 2778/2778 bytes
2026-02-12 01:53:35,439 - DEBUG - [chan 0] close(00000000)
2026-02-12 01:53:35,440 - DEBUG - [chan 0] stat(b'/home/kevin/test/lib/rich/__pycache__/constrain.cpython-314.pyc')
2026-02-12 01:53:35,441 - INFO - Upload completed successfully: constrain.cpython-314.pyc
2026-02-12 01:53:35,441 - INFO - Starting upload: lib/rich/__pycache__/console.cpython-314.pyc -> /home/kevin/test/lib/rich/__pycache__/console.cpython-314.pyc (138154 bytes)
2026-02-12 01:53:35,443 - DEBUG - [chan 0] open(b'/home/kevin/test/lib/rich/__pycache__/console.cpython-314.pyc', 'wb')
2026-02-12 01:53:35,443 - DEBUG - [chan 0] open(b'/home/kevin/test/lib/rich/__pycache__/console.cpython-314.pyc', 'wb') -> 00000000
2026-02-12 01:53:35,444 - DEBUG - [chan 0] close(00000000)
2026-02-12 01:53:35,461 - DEBUG - [chan 0] stat(b'/home/kevin/test/lib/rich/__pycache__/console.cpython-314.pyc')
2026-02-12 01:53:35,464 - INFO - Upload completed successfully: console.cpython-314.pyc
2026-02-12 01:53:35,464 - INFO - Starting upload: lib/rich/__pycache__/columns.cpython-314.pyc -> /home/kevin/test/lib/rich/__pycache__/columns.cpython-314.pyc (9781 bytes)
2026-02-12 01:53:35,466 - DEBUG - [chan 0] open(b'/home/kevin/test/lib/rich/__pycache__/columns.cpython-314.pyc', 'wb')
2026-02-12 01:53:35,467 - DEBUG - [chan 0] open(b'/home/kevin/test/lib/rich/__pycache__/columns.cpython-314.pyc', 'wb') -> 00000000
2026-02-12 01:53:35,467 - DEBUG - Progress: 9781/9781 bytes
2026-02-12 01:53:35,467 - DEBUG - [chan 0] close(00000000)
2026-02-12 01:53:35,469 - DEBUG - [chan 0] stat(b'/home/kevin/test/lib/rich/__pycache__/columns.cpython-314.pyc')
2026-02-12 01:53:35,471 - INFO - Upload completed successfully: columns.cpython-314.pyc
2026-02-12 01:53:35,471 - INFO - Starting upload: lib/rich/__pycache__/color_triplet.cpython-314.pyc -> /home/kevin/test/lib/rich/__pycache__/color_triplet.cpython-314.pyc (2340 bytes)
2026-02-12 01:53:35,474 - DEBUG - [chan 0] open(b'/home/kevin/test/lib/rich/__pycache__/color_triplet.cpython-314.pyc', 'wb')
2026-02-12 01:53:35,475 - DEBUG - [chan 0] open(b'/home/kevin/test/lib/rich/__pycache__/color_triplet.cpython-314.pyc', 'wb') -> 00000000
2026-02-12 01:53:35,476 - DEBUG - Progress: 2340/2340 bytes
2026-02-12 01:53:35,476 - DEBUG - [chan 0] close(00000000)
2026-02-12 01:53:35,477 - DEBUG - [chan 0] stat(b'/home/kevin/test/lib/rich/__pycache__/color_triplet.cpython-314.pyc')
2026-02-12 01:53:35,479 - INFO - Upload completed successfully: color_triplet.cpython-314.pyc
2026-02-12 01:53:35,479 - INFO - Starting upload: lib/rich/__pycache__/color.cpython-314.pyc -> /home/kevin/test/lib/rich/__pycache__/color.cpython-314.pyc (28640 bytes)
2026-02-12 01:53:35,481 - DEBUG - [chan 0] open(b'/home/kevin/test/lib/rich/__pycache__/color.cpython-314.pyc', 'wb')
2026-02-12 01:53:35,482 - DEBUG - [chan 0] open(b'/home/kevin/test/lib/rich/__pycache__/color.cpython-314.pyc', 'wb') -> 00000000
2026-02-12 01:53:35,482 - DEBUG - Progress: 28640/28640 bytes
2026-02-12 01:53:35,482 - DEBUG - [chan 0] close(00000000)
2026-02-12 01:53:35,485 - DEBUG - [chan 0] stat(b'/home/kevin/test/lib/rich/__pycache__/color.cpython-314.pyc')
2026-02-12 01:53:35,487 - INFO - Upload completed successfully: color.cpython-314.pyc
2026-02-12 01:53:35,487 - INFO - Starting upload: lib/rich/__pycache__/cells.cpython-314.pyc -> /home/kevin/test/lib/rich/__pycache__/cells.cpython-314.pyc (11589 bytes)
2026-02-12 01:53:35,489 - DEBUG - [chan 0] open(b'/home/kevin/test/lib/rich/__pycache__/cells.cpython-314.pyc', 'wb')
2026-02-12 01:53:35,490 - DEBUG - [chan 0] open(b'/home/kevin/test/lib/rich/__pycache__/cells.cpython-314.pyc', 'wb') -> 00000000
2026-02-12 01:53:35,490 - DEBUG - Progress: 11589/11589 bytes
2026-02-12 01:53:35,490 - DEBUG - [chan 0] close(00000000)
2026-02-12 01:53:35,492 - DEBUG - [chan 0] stat(b'/home/kevin/test/lib/rich/__pycache__/cells.cpython-314.pyc')
2026-02-12 01:53:35,494 - INFO - Upload completed successfully: cells.cpython-314.pyc
2026-02-12 01:53:35,494 - INFO - Starting upload: lib/rich/__pycache__/box.cpython-314.pyc -> /home/kevin/test/lib/rich/__pycache__/box.cpython-314.pyc (14294 bytes)
2026-02-12 01:53:35,496 - DEBUG - [chan 0] open(b'/home/kevin/test/lib/rich/__pycache__/box.cpython-314.pyc', 'wb')
2026-02-12 01:53:35,497 - DEBUG - [chan 0] open(b'/home/kevin/test/lib/rich/__pycache__/box.cpython-314.pyc', 'wb') -> 00000000
2026-02-12 01:53:35,497 - DEBUG - Progress: 14294/14294 bytes
2026-02-12 01:53:35,497 - DEBUG - [chan 0] close(00000000)
2026-02-12 01:53:35,499 - DEBUG - [chan 0] stat(b'/home/kevin/test/lib/rich/__pycache__/box.cpython-314.pyc')
2026-02-12 01:53:35,502 - INFO - Upload completed successfully: box.cpython-314.pyc
2026-02-12 01:53:35,502 - INFO - Starting upload: lib/rich/__pycache__/bar.cpython-314.pyc -> /home/kevin/test/lib/rich/__pycache__/bar.cpython-314.pyc (5172 bytes)
2026-02-12 01:53:35,504 - DEBUG - [chan 0] open(b'/home/kevin/test/lib/rich/__pycache__/bar.cpython-314.pyc', 'wb')
2026-02-12 01:53:35,505 - DEBUG - [chan 0] open(b'/home/kevin/test/lib/rich/__pycache__/bar.cpython-314.pyc', 'wb') -> 00000000
2026-02-12 01:53:35,505 - DEBUG - Progress: 5172/5172 bytes
2026-02-12 01:53:35,505 - DEBUG - [chan 0] close(00000000)
2026-02-12 01:53:35,506 - DEBUG - [chan 0] stat(b'/home/kevin/test/lib/rich/__pycache__/bar.cpython-314.pyc')
2026-02-12 01:53:35,508 - INFO - Upload completed successfully: bar.cpython-314.pyc
2026-02-12 01:53:35,508 - INFO - Starting upload: lib/rich/__pycache__/ansi.cpython-314.pyc -> /home/kevin/test/lib/rich/__pycache__/ansi.cpython-314.pyc (10187 bytes)
2026-02-12 01:53:35,510 - DEBUG - [chan 0] open(b'/home/kevin/test/lib/rich/__pycache__/ansi.cpython-314.pyc', 'wb')
2026-02-12 01:53:35,511 - DEBUG - [chan 0] open(b'/home/kevin/test/lib/rich/__pycache__/ansi.cpython-314.pyc', 'wb') -> 00000000
2026-02-12 01:53:35,511 - DEBUG - Progress: 10187/10187 bytes
2026-02-12 01:53:35,511 - DEBUG - [chan 0] close(00000000)
2026-02-12 01:53:35,513 - DEBUG - [chan 0] stat(b'/home/kevin/test/lib/rich/__pycache__/ansi.cpython-314.pyc')
2026-02-12 01:53:35,515 - INFO - Upload completed successfully: ansi.cpython-314.pyc
2026-02-12 01:53:35,516 - INFO - Starting upload: lib/rich/__pycache__/align.cpython-314.pyc -> /home/kevin/test/lib/rich/__pycache__/align.cpython-314.pyc (15265 bytes)
2026-02-12 01:53:35,518 - DEBUG - [chan 0] open(b'/home/kevin/test/lib/rich/__pycache__/align.cpython-314.pyc', 'wb')
2026-02-12 01:53:35,518 - DEBUG - [chan 0] open(b'/home/kevin/test/lib/rich/__pycache__/align.cpython-314.pyc', 'wb') -> 00000000
2026-02-12 01:53:35,518 - DEBUG - Progress: 15265/15265 bytes
2026-02-12 01:53:35,519 - DEBUG - [chan 0] close(00000000)
2026-02-12 01:53:35,521 - DEBUG - [chan 0] stat(b'/home/kevin/test/lib/rich/__pycache__/align.cpython-314.pyc')
2026-02-12 01:53:35,522 - INFO - Upload completed successfully: align.cpython-314.pyc
2026-02-12 01:53:35,523 - INFO - Starting upload: lib/rich/__pycache__/abc.cpython-314.pyc -> /home/kevin/test/lib/rich/__pycache__/abc.cpython-314.pyc (1860 bytes)
2026-02-12 01:53:35,525 - DEBUG - [chan 0] open(b'/home/kevin/test/lib/rich/__pycache__/abc.cpython-314.pyc', 'wb')
2026-02-12 01:53:35,525 - DEBUG - [chan 0] open(b'/home/kevin/test/lib/rich/__pycache__/abc.cpython-314.pyc', 'wb') -> 00000000
2026-02-12 01:53:35,526 - DEBUG - Progress: 1860/1860 bytes
2026-02-12 01:53:35,526 - DEBUG - [chan 0] close(00000000)
2026-02-12 01:53:35,527 - DEBUG - [chan 0] stat(b'/home/kevin/test/lib/rich/__pycache__/abc.cpython-314.pyc')
2026-02-12 01:53:35,529 - INFO - Upload completed successfully: abc.cpython-314.pyc
2026-02-12 01:53:35,529 - INFO - Starting upload: lib/rich/__pycache__/_wrap.cpython-314.pyc -> /home/kevin/test/lib/rich/__pycache__/_wrap.cpython-314.pyc (3624 bytes)
2026-02-12 01:53:35,531 - DEBUG - [chan 0] open(b'/home/kevin/test/lib/rich/__pycache__/_wrap.cpython-314.pyc', 'wb')
2026-02-12 01:53:35,532 - DEBUG - [chan 0] open(b'/home/kevin/test/lib/rich/__pycache__/_wrap.cpython-314.pyc', 'wb') -> 00000000
2026-02-12 01:53:35,532 - DEBUG - Progress: 3624/3624 bytes
2026-02-12 01:53:35,532 - DEBUG - [chan 0] close(00000000)
2026-02-12 01:53:35,533 - DEBUG - [chan 0] stat(b'/home/kevin/test/lib/rich/__pycache__/_wrap.cpython-314.pyc')
2026-02-12 01:53:35,536 - INFO - Upload completed successfully: _wrap.cpython-314.pyc
2026-02-12 01:53:35,536 - INFO - Starting upload: lib/rich/__pycache__/_windows_renderer.cpython-314.pyc -> /home/kevin/test/lib/rich/__pycache__/_windows_renderer.cpython-314.pyc (3819 bytes)
2026-02-12 01:53:35,538 - DEBUG - [chan 0] open(b'/home/kevin/test/lib/rich/__pycache__/_windows_renderer.cpython-314.pyc', 'wb')
2026-02-12 01:53:35,538 - DEBUG - [chan 0] open(b'/home/kevin/test/lib/rich/__pycache__/_windows_renderer.cpython-314.pyc', 'wb') -> 00000000
2026-02-12 01:53:35,539 - DEBUG - Progress: 3819/3819 bytes
2026-02-12 01:53:35,539 - DEBUG - [chan 0] close(00000000)
2026-02-12 01:53:35,540 - DEBUG - [chan 0] stat(b'/home/kevin/test/lib/rich/__pycache__/_windows_renderer.cpython-314.pyc')
2026-02-12 01:53:35,542 - INFO - Upload completed successfully: _windows_renderer.cpython-314.pyc
2026-02-12 01:53:35,542 - INFO - Starting upload: lib/rich/__pycache__/_windows.cpython-314.pyc -> /home/kevin/test/lib/rich/__pycache__/_windows.cpython-314.pyc (3030 bytes)
2026-02-12 01:53:35,545 - DEBUG - [chan 0] open(b'/home/kevin/test/lib/rich/__pycache__/_windows.cpython-314.pyc', 'wb')
2026-02-12 01:53:35,545 - DEBUG - [chan 0] open(b'/home/kevin/test/lib/rich/__pycache__/_windows.cpython-314.pyc', 'wb') -> 00000000
2026-02-12 01:53:35,545 - DEBUG - Progress: 3030/3030 bytes
2026-02-12 01:53:35,545 - DEBUG - [chan 0] close(00000000)
2026-02-12 01:53:35,547 - DEBUG - [chan 0] stat(b'/home/kevin/test/lib/rich/__pycache__/_windows.cpython-314.pyc')
2026-02-12 01:53:35,549 - INFO - Upload completed successfully: _windows.cpython-314.pyc
2026-02-12 01:53:35,549 - INFO - Starting upload: lib/rich/__pycache__/_win32_console.cpython-314.pyc -> /home/kevin/test/lib/rich/__pycache__/_win32_console.cpython-314.pyc (33456 bytes)
2026-02-12 01:53:35,551 - DEBUG - [chan 0] open(b'/home/kevin/test/lib/rich/__pycache__/_win32_console.cpython-314.pyc', 'wb')
2026-02-12 01:53:35,552 - DEBUG - [chan 0] open(b'/home/kevin/test/lib/rich/__pycache__/_win32_console.cpython-314.pyc', 'wb') -> 00000000
2026-02-12 01:53:35,552 - DEBUG - Progress: 32768/33456 bytes
2026-02-12 01:53:35,552 - DEBUG - [chan 0] close(00000000)
2026-02-12 01:53:35,556 - DEBUG - [chan 0] stat(b'/home/kevin/test/lib/rich/__pycache__/_win32_console.cpython-314.pyc')
2026-02-12 01:53:35,558 - INFO - Upload completed successfully: _win32_console.cpython-314.pyc
2026-02-12 01:53:35,558 - INFO - Starting upload: lib/rich/__pycache__/_timer.cpython-314.pyc -> /home/kevin/test/lib/rich/__pycache__/_timer.cpython-314.pyc (1001 bytes)
2026-02-12 01:53:35,560 - DEBUG - [chan 0] open(b'/home/kevin/test/lib/rich/__pycache__/_timer.cpython-314.pyc', 'wb')
2026-02-12 01:53:35,560 - DEBUG - [chan 0] open(b'/home/kevin/test/lib/rich/__pycache__/_timer.cpython-314.pyc', 'wb') -> 00000000
2026-02-12 01:53:35,560 - DEBUG - Progress: 1001/1001 bytes
2026-02-12 01:53:35,560 - DEBUG - [chan 0] close(00000000)
2026-02-12 01:53:35,561 - DEBUG - [chan 0] stat(b'/home/kevin/test/lib/rich/__pycache__/_timer.cpython-314.pyc')
2026-02-12 01:53:35,563 - INFO - Upload completed successfully: _timer.cpython-314.pyc
2026-02-12 01:53:35,563 - INFO - Starting upload: lib/rich/__pycache__/_stack.cpython-314.pyc -> /home/kevin/test/lib/rich/__pycache__/_stack.cpython-314.pyc (1356 bytes)
2026-02-12 01:53:35,564 - DEBUG - [chan 0] open(b'/home/kevin/test/lib/rich/__pycache__/_stack.cpython-314.pyc', 'wb')
2026-02-12 01:53:35,565 - DEBUG - [chan 0] open(b'/home/kevin/test/lib/rich/__pycache__/_stack.cpython-314.pyc', 'wb') -> 00000000
2026-02-12 01:53:35,565 - DEBUG - Progress: 1356/1356 bytes
2026-02-12 01:53:35,565 - DEBUG - [chan 0] close(00000000)
2026-02-12 01:53:35,566 - DEBUG - [chan 0] stat(b'/home/kevin/test/lib/rich/__pycache__/_stack.cpython-314.pyc')
2026-02-12 01:53:35,567 - INFO - Upload completed successfully: _stack.cpython-314.pyc
2026-02-12 01:53:35,567 - INFO - Starting upload: lib/rich/__pycache__/_spinners.cpython-314.pyc -> /home/kevin/test/lib/rich/__pycache__/_spinners.cpython-314.pyc (15679 bytes)
2026-02-12 01:53:35,569 - DEBUG - [chan 0] open(b'/home/kevin/test/lib/rich/__pycache__/_spinners.cpython-314.pyc', 'wb')
2026-02-12 01:53:35,570 - DEBUG - [chan 0] open(b'/home/kevin/test/lib/rich/__pycache__/_spinners.cpython-314.pyc', 'wb') -> 00000000
2026-02-12 01:53:35,570 - DEBUG - Progress: 15679/15679 bytes
2026-02-12 01:53:35,570 - DEBUG - [chan 0] close(00000000)
2026-02-12 01:53:35,574 - DEBUG - [chan 0] stat(b'/home/kevin/test/lib/rich/__pycache__/_spinners.cpython-314.pyc')
2026-02-12 01:53:35,576 - INFO - Upload completed successfully: _spinners.cpython-314.pyc
2026-02-12 01:53:35,576 - INFO - Starting upload: lib/rich/__pycache__/_ratio.cpython-314.pyc -> /home/kevin/test/lib/rich/__pycache__/_ratio.cpython-314.pyc (7606 bytes)
2026-02-12 01:53:35,577 - DEBUG - [chan 0] open(b'/home/kevin/test/lib/rich/__pycache__/_ratio.cpython-314.pyc', 'wb')
2026-02-12 01:53:35,578 - DEBUG - [chan 0] open(b'/home/kevin/test/lib/rich/__pycache__/_ratio.cpython-314.pyc', 'wb') -> 00000000
2026-02-12 01:53:35,578 - DEBUG - Progress: 7606/7606 bytes
2026-02-12 01:53:35,578 - DEBUG - [chan 0] close(00000000)
2026-02-12 01:53:35,580 - DEBUG - [chan 0] stat(b'/home/kevin/test/lib/rich/__pycache__/_ratio.cpython-314.pyc')
2026-02-12 01:53:35,582 - INFO - Upload completed successfully: _ratio.cpython-314.pyc
2026-02-12 01:53:35,582 - INFO - Starting upload: lib/rich/__pycache__/_pick.cpython-314.pyc -> /home/kevin/test/lib/rich/__pycache__/_pick.cpython-314.pyc (851 bytes)
2026-02-12 01:53:35,584 - DEBUG - [chan 0] open(b'/home/kevin/test/lib/rich/__pycache__/_pick.cpython-314.pyc', 'wb')
2026-02-12 01:53:35,585 - DEBUG - [chan 0] open(b'/home/kevin/test/lib/rich/__pycache__/_pick.cpython-314.pyc', 'wb') -> 00000000
2026-02-12 01:53:35,585 - DEBUG - Progress: 851/851 bytes
2026-02-12 01:53:35,585 - DEBUG - [chan 0] close(00000000)
2026-02-12 01:53:35,586 - DEBUG - [chan 0] stat(b'/home/kevin/test/lib/rich/__pycache__/_pick.cpython-314.pyc')
2026-02-12 01:53:35,588 - INFO - Upload completed successfully: _pick.cpython-314.pyc
2026-02-12 01:53:35,588 - INFO - Starting upload: lib/rich/__pycache__/_palettes.cpython-314.pyc -> /home/kevin/test/lib/rich/__pycache__/_palettes.cpython-314.pyc (9356 bytes)
2026-02-12 01:53:35,590 - DEBUG - [chan 0] open(b'/home/kevin/test/lib/rich/__pycache__/_palettes.cpython-314.pyc', 'wb')
2026-02-12 01:53:35,591 - DEBUG - [chan 0] open(b'/home/kevin/test/lib/rich/__pycache__/_palettes.cpython-314.pyc', 'wb') -> 00000000
2026-02-12 01:53:35,591 - DEBUG - Progress: 9356/9356 bytes
2026-02-12 01:53:35,591 - DEBUG - [chan 0] close(00000000)
2026-02-12 01:53:35,593 - DEBUG - [chan 0] stat(b'/home/kevin/test/lib/rich/__pycache__/_palettes.cpython-314.pyc')
2026-02-12 01:53:35,594 - INFO - Upload completed successfully: _palettes.cpython-314.pyc
2026-02-12 01:53:35,594 - INFO - Starting upload: lib/rich/__pycache__/_null_file.cpython-314.pyc -> /home/kevin/test/lib/rich/__pycache__/_null_file.cpython-314.pyc (6582 bytes)
2026-02-12 01:53:35,597 - DEBUG - [chan 0] open(b'/home/kevin/test/lib/rich/__pycache__/_null_file.cpython-314.pyc', 'wb')
2026-02-12 01:53:35,598 - DEBUG - [chan 0] open(b'/home/kevin/test/lib/rich/__pycache__/_null_file.cpython-314.pyc', 'wb') -> 00000000
2026-02-12 01:53:35,598 - DEBUG - Progress: 6582/6582 bytes
2026-02-12 01:53:35,598 - DEBUG - [chan 0] close(00000000)
2026-02-12 01:53:35,600 - DEBUG - [chan 0] stat(b'/home/kevin/test/lib/rich/__pycache__/_null_file.cpython-314.pyc')
2026-02-12 01:53:35,601 - INFO - Upload completed successfully: _null_file.cpython-314.pyc
2026-02-12 01:53:35,601 - INFO - Starting upload: lib/rich/__pycache__/_loop.cpython-314.pyc -> /home/kevin/test/lib/rich/__pycache__/_loop.cpython-314.pyc (2487 bytes)
2026-02-12 01:53:35,603 - DEBUG - [chan 0] open(b'/home/kevin/test/lib/rich/__pycache__/_loop.cpython-314.pyc', 'wb')
2026-02-12 01:53:35,603 - DEBUG - [chan 0] open(b'/home/kevin/test/lib/rich/__pycache__/_loop.cpython-314.pyc', 'wb') -> 00000000
2026-02-12 01:53:35,603 - DEBUG - Progress: 2487/2487 bytes
2026-02-12 01:53:35,603 - DEBUG - [chan 0] close(00000000)
2026-02-12 01:53:35,605 - DEBUG - [chan 0] stat(b'/home/kevin/test/lib/rich/__pycache__/_loop.cpython-314.pyc')
2026-02-12 01:53:35,606 - INFO - Upload completed successfully: _loop.cpython-314.pyc
2026-02-12 01:53:35,606 - INFO - Starting upload: lib/rich/__pycache__/_log_render.cpython-314.pyc -> /home/kevin/test/lib/rich/__pycache__/_log_render.cpython-314.pyc (4837 bytes)
2026-02-12 01:53:35,608 - DEBUG - [chan 0] open(b'/home/kevin/test/lib/rich/__pycache__/_log_render.cpython-314.pyc', 'wb')
2026-02-12 01:53:35,608 - DEBUG - [chan 0] open(b'/home/kevin/test/lib/rich/__pycache__/_log_render.cpython-314.pyc', 'wb') -> 00000000
2026-02-12 01:53:35,608 - DEBUG - Progress: 4837/4837 bytes
2026-02-12 01:53:35,608 - DEBUG - [chan 0] close(00000000)
2026-02-12 01:53:35,610 - DEBUG - [chan 0] stat(b'/home/kevin/test/lib/rich/__pycache__/_log_render.cpython-314.pyc')
2026-02-12 01:53:35,611 - INFO - Upload completed successfully: _log_render.cpython-314.pyc
2026-02-12 01:53:35,611 - INFO - Starting upload: lib/rich/__pycache__/_inspect.cpython-314.pyc -> /home/kevin/test/lib/rich/__pycache__/_inspect.cpython-314.pyc (14841 bytes)
2026-02-12 01:53:35,613 - DEBUG - [chan 0] open(b'/home/kevin/test/lib/rich/__pycache__/_inspect.cpython-314.pyc', 'wb')
2026-02-12 01:53:35,613 - DEBUG - [chan 0] open(b'/home/kevin/test/lib/rich/__pycache__/_inspect.cpython-314.pyc', 'wb') -> 00000000
2026-02-12 01:53:35,613 - DEBUG - Progress: 14841/14841 bytes
2026-02-12 01:53:35,614 - DEBUG - [chan 0] close(00000000)
2026-02-12 01:53:35,617 - DEBUG - [chan 0] stat(b'/home/kevin/test/lib/rich/__pycache__/_inspect.cpython-314.pyc')
2026-02-12 01:53:35,619 - INFO - Upload completed successfully: _inspect.cpython-314.pyc
2026-02-12 01:53:35,619 - INFO - Starting upload: lib/rich/__pycache__/_fileno.cpython-314.pyc -> /home/kevin/test/lib/rich/__pycache__/_fileno.cpython-314.pyc (963 bytes)
2026-02-12 01:53:35,621 - DEBUG - [chan 0] open(b'/home/kevin/test/lib/rich/__pycache__/_fileno.cpython-314.pyc', 'wb')
2026-02-12 01:53:35,622 - DEBUG - [chan 0] open(b'/home/kevin/test/lib/rich/__pycache__/_fileno.cpython-314.pyc', 'wb') -> 00000000
2026-02-12 01:53:35,622 - DEBUG - Progress: 963/963 bytes
2026-02-12 01:53:35,622 - DEBUG - [chan 0] close(00000000)
2026-02-12 01:53:35,623 - DEBUG - [chan 0] stat(b'/home/kevin/test/lib/rich/__pycache__/_fileno.cpython-314.pyc')
2026-02-12 01:53:35,624 - INFO - Upload completed successfully: _fileno.cpython-314.pyc
2026-02-12 01:53:35,624 - INFO - Starting upload: lib/rich/__pycache__/_extension.cpython-314.pyc -> /home/kevin/test/lib/rich/__pycache__/_extension.cpython-314.pyc (620 bytes)
2026-02-12 01:53:35,626 - DEBUG - [chan 0] open(b'/home/kevin/test/lib/rich/__pycache__/_extension.cpython-314.pyc', 'wb')
2026-02-12 01:53:35,626 - DEBUG - [chan 0] open(b'/home/kevin/test/lib/rich/__pycache__/_extension.cpython-314.pyc', 'wb') -> 00000000
2026-02-12 01:53:35,627 - DEBUG - Progress: 620/620 bytes
2026-02-12 01:53:35,627 - DEBUG - [chan 0] close(00000000)
2026-02-12 01:53:35,627 - DEBUG - [chan 0] stat(b'/home/kevin/test/lib/rich/__pycache__/_extension.cpython-314.pyc')
2026-02-12 01:53:35,629 - INFO - Upload completed successfully: _extension.cpython-314.pyc
2026-02-12 01:53:35,629 - INFO - Starting upload: lib/rich/__pycache__/_export_format.cpython-314.pyc -> /home/kevin/test/lib/rich/__pycache__/_export_format.cpython-314.pyc (2313 bytes)
2026-02-12 01:53:35,631 - DEBUG - [chan 0] open(b'/home/kevin/test/lib/rich/__pycache__/_export_format.cpython-314.pyc', 'wb')
2026-02-12 01:53:35,631 - DEBUG - [chan 0] open(b'/home/kevin/test/lib/rich/__pycache__/_export_format.cpython-314.pyc', 'wb') -> 00000000
2026-02-12 01:53:35,631 - DEBUG - Progress: 2313/2313 bytes
2026-02-12 01:53:35,631 - DEBUG - [chan 0] close(00000000)
2026-02-12 01:53:35,633 - DEBUG - [chan 0] stat(b'/home/kevin/test/lib/rich/__pycache__/_export_format.cpython-314.pyc')
2026-02-12 01:53:35,634 - INFO - Upload completed successfully: _export_format.cpython-314.pyc
2026-02-12 01:53:35,634 - INFO - Starting upload: lib/rich/__pycache__/_emoji_replace.cpython-314.pyc -> /home/kevin/test/lib/rich/__pycache__/_emoji_replace.cpython-314.pyc (2094 bytes)
2026-02-12 01:53:35,636 - DEBUG - [chan 0] open(b'/home/kevin/test/lib/rich/__pycache__/_emoji_replace.cpython-314.pyc', 'wb')
2026-02-12 01:53:35,636 - DEBUG - [chan 0] open(b'/home/kevin/test/lib/rich/__pycache__/_emoji_replace.cpython-314.pyc', 'wb') -> 00000000
2026-02-12 01:53:35,636 - DEBUG - Progress: 2094/2094 bytes
2026-02-12 01:53:35,636 - DEBUG - [chan 0] close(00000000)
2026-02-12 01:53:35,638 - DEBUG - [chan 0] stat(b'/home/kevin/test/lib/rich/__pycache__/_emoji_replace.cpython-314.pyc')
2026-02-12 01:53:35,639 - INFO - Upload completed successfully: _emoji_replace.cpython-314.pyc
2026-02-12 01:53:35,639 - INFO - Starting upload: lib/rich/__pycache__/_emoji_codes.cpython-314.pyc -> /home/kevin/test/lib/rich/__pycache__/_emoji_codes.cpython-314.pyc (205958 bytes)
2026-02-12 01:53:35,641 - DEBUG - [chan 0] open(b'/home/kevin/test/lib/rich/__pycache__/_emoji_codes.cpython-314.pyc', 'wb')
2026-02-12 01:53:35,641 - DEBUG - [chan 0] open(b'/home/kevin/test/lib/rich/__pycache__/_emoji_codes.cpython-314.pyc', 'wb') -> 00000000
2026-02-12 01:53:35,653 - DEBUG - [chan 0] close(00000000)
2026-02-12 01:53:35,662 - DEBUG - [chan 0] stat(b'/home/kevin/test/lib/rich/__pycache__/_emoji_codes.cpython-314.pyc')
2026-02-12 01:53:35,665 - INFO - Upload completed successfully: _emoji_codes.cpython-314.pyc
2026-02-12 01:53:35,665 - INFO - Starting upload: lib/rich/__pycache__/__main__.cpython-314.pyc -> /home/kevin/test/lib/rich/__pycache__/__main__.cpython-314.pyc (10141 bytes)
2026-02-12 01:53:35,667 - DEBUG - [chan 0] open(b'/home/kevin/test/lib/rich/__pycache__/__main__.cpython-314.pyc', 'wb')
2026-02-12 01:53:35,667 - DEBUG - [chan 0] open(b'/home/kevin/test/lib/rich/__pycache__/__main__.cpython-314.pyc', 'wb') -> 00000000
2026-02-12 01:53:35,668 - DEBUG - Progress: 10141/10141 bytes
2026-02-12 01:53:35,668 - DEBUG - [chan 0] close(00000000)
2026-02-12 01:53:35,669 - DEBUG - [chan 0] stat(b'/home/kevin/test/lib/rich/__pycache__/__main__.cpython-314.pyc')
2026-02-12 01:53:35,672 - INFO - Upload completed successfully: __main__.cpython-314.pyc
2026-02-12 01:53:35,672 - INFO - Starting upload: lib/rich/__pycache__/__init__.cpython-314.pyc -> /home/kevin/test/lib/rich/__pycache__/__init__.cpython-314.pyc (8397 bytes)
2026-02-12 01:53:35,674 - DEBUG - [chan 0] open(b'/home/kevin/test/lib/rich/__pycache__/__init__.cpython-314.pyc', 'wb')
2026-02-12 01:53:35,675 - DEBUG - [chan 0] open(b'/home/kevin/test/lib/rich/__pycache__/__init__.cpython-314.pyc', 'wb') -> 00000000
2026-02-12 01:53:35,675 - DEBUG - Progress: 8397/8397 bytes
2026-02-12 01:53:35,675 - DEBUG - [chan 0] close(00000000)
2026-02-12 01:53:35,677 - DEBUG - [chan 0] stat(b'/home/kevin/test/lib/rich/__pycache__/__init__.cpython-314.pyc')
2026-02-12 01:53:35,679 - INFO - Upload completed successfully: __init__.cpython-314.pyc
2026-02-12 01:53:35,679 - DEBUG - [chan 0] mkdir(b'/home/kevin/test/lib/rich/_unicode_data', 511)
2026-02-12 01:53:35,680 - INFO - Created remote folder: /home/kevin/test/lib/rich/_unicode_data
2026-02-12 01:53:35,680 - INFO - Starting upload: lib/rich/_unicode_data/unicode9-0-0.py -> /home/kevin/test/lib/rich/_unicode_data/unicode9-0-0.py (14148 bytes)
2026-02-12 01:53:35,682 - DEBUG - [chan 0] open(b'/home/kevin/test/lib/rich/_unicode_data/unicode9-0-0.py', 'wb')
2026-02-12 01:53:35,683 - DEBUG - [chan 0] open(b'/home/kevin/test/lib/rich/_unicode_data/unicode9-0-0.py', 'wb') -> 00000000
2026-02-12 01:53:35,683 - DEBUG - Progress: 14148/14148 bytes
2026-02-12 01:53:35,683 - DEBUG - [chan 0] close(00000000)
2026-02-12 01:53:35,685 - DEBUG - [chan 0] stat(b'/home/kevin/test/lib/rich/_unicode_data/unicode9-0-0.py')
2026-02-12 01:53:35,687 - INFO - Upload completed successfully: unicode9-0-0.py
2026-02-12 01:53:35,687 - INFO - Starting upload: lib/rich/_unicode_data/unicode8-0-0.py -> /home/kevin/test/lib/rich/_unicode_data/unicode8-0-0.py (11864 bytes)
2026-02-12 01:53:35,689 - DEBUG - [chan 0] open(b'/home/kevin/test/lib/rich/_unicode_data/unicode8-0-0.py', 'wb')
2026-02-12 01:53:35,690 - DEBUG - [chan 0] open(b'/home/kevin/test/lib/rich/_unicode_data/unicode8-0-0.py', 'wb') -> 00000000
2026-02-12 01:53:35,690 - DEBUG - Progress: 11864/11864 bytes
2026-02-12 01:53:35,690 - DEBUG - [chan 0] close(00000000)
2026-02-12 01:53:35,693 - DEBUG - [chan 0] stat(b'/home/kevin/test/lib/rich/_unicode_data/unicode8-0-0.py')
2026-02-12 01:53:35,695 - INFO - Upload completed successfully: unicode8-0-0.py
2026-02-12 01:53:35,695 - INFO - Starting upload: lib/rich/_unicode_data/unicode7-0-0.py -> /home/kevin/test/lib/rich/_unicode_data/unicode7-0-0.py (11630 bytes)
2026-02-12 01:53:35,697 - DEBUG - [chan 0] open(b'/home/kevin/test/lib/rich/_unicode_data/unicode7-0-0.py', 'wb')
2026-02-12 01:53:35,697 - DEBUG - [chan 0] open(b'/home/kevin/test/lib/rich/_unicode_data/unicode7-0-0.py', 'wb') -> 00000000
2026-02-12 01:53:35,698 - DEBUG - Progress: 11630/11630 bytes
2026-02-12 01:53:35,698 - DEBUG - [chan 0] close(00000000)
2026-02-12 01:53:35,700 - DEBUG - [chan 0] stat(b'/home/kevin/test/lib/rich/_unicode_data/unicode7-0-0.py')
2026-02-12 01:53:35,702 - INFO - Upload completed successfully: unicode7-0-0.py
2026-02-12 01:53:35,702 - INFO - Starting upload: lib/rich/_unicode_data/unicode6-3-0.py -> /home/kevin/test/lib/rich/_unicode_data/unicode6-3-0.py (10924 bytes)
2026-02-12 01:53:35,704 - DEBUG - [chan 0] open(b'/home/kevin/test/lib/rich/_unicode_data/unicode6-3-0.py', 'wb')
2026-02-12 01:53:35,705 - DEBUG - [chan 0] open(b'/home/kevin/test/lib/rich/_unicode_data/unicode6-3-0.py', 'wb') -> 00000000
2026-02-12 01:53:35,705 - DEBUG - Progress: 10924/10924 bytes
2026-02-12 01:53:35,705 - DEBUG - [chan 0] close(00000000)
2026-02-12 01:53:35,707 - DEBUG - [chan 0] stat(b'/home/kevin/test/lib/rich/_unicode_data/unicode6-3-0.py')
2026-02-12 01:53:35,709 - INFO - Upload completed successfully: unicode6-3-0.py
2026-02-12 01:53:35,710 - INFO - Starting upload: lib/rich/_unicode_data/unicode6-2-0.py -> /home/kevin/test/lib/rich/_unicode_data/unicode6-2-0.py (10899 bytes)
2026-02-12 01:53:35,712 - DEBUG - [chan 0] open(b'/home/kevin/test/lib/rich/_unicode_data/unicode6-2-0.py', 'wb')
2026-02-12 01:53:35,712 - DEBUG - [chan 0] open(b'/home/kevin/test/lib/rich/_unicode_data/unicode6-2-0.py', 'wb') -> 00000000
2026-02-12 01:53:35,712 - DEBUG - Progress: 10899/10899 bytes
2026-02-12 01:53:35,712 - DEBUG - [chan 0] close(00000000)
2026-02-12 01:53:35,714 - DEBUG - [chan 0] stat(b'/home/kevin/test/lib/rich/_unicode_data/unicode6-2-0.py')
2026-02-12 01:53:35,716 - INFO - Upload completed successfully: unicode6-2-0.py
2026-02-12 01:53:35,717 - INFO - Starting upload: lib/rich/_unicode_data/unicode6-1-0.py -> /home/kevin/test/lib/rich/_unicode_data/unicode6-1-0.py (10899 bytes)
2026-02-12 01:53:35,719 - DEBUG - [chan 0] open(b'/home/kevin/test/lib/rich/_unicode_data/unicode6-1-0.py', 'wb')
2026-02-12 01:53:35,719 - DEBUG - [chan 0] open(b'/home/kevin/test/lib/rich/_unicode_data/unicode6-1-0.py', 'wb') -> 00000000
2026-02-12 01:53:35,719 - DEBUG - Progress: 10899/10899 bytes
2026-02-12 01:53:35,719 - DEBUG - [chan 0] close(00000000)
2026-02-12 01:53:35,721 - DEBUG - [chan 0] stat(b'/home/kevin/test/lib/rich/_unicode_data/unicode6-1-0.py')
2026-02-12 01:53:35,723 - INFO - Upload completed successfully: unicode6-1-0.py
2026-02-12 01:53:35,723 - INFO - Starting upload: lib/rich/_unicode_data/unicode6-0-0.py -> /home/kevin/test/lib/rich/_unicode_data/unicode6-0-0.py (10604 bytes)
2026-02-12 01:53:35,725 - DEBUG - [chan 0] open(b'/home/kevin/test/lib/rich/_unicode_data/unicode6-0-0.py', 'wb')
2026-02-12 01:53:35,726 - DEBUG - [chan 0] open(b'/home/kevin/test/lib/rich/_unicode_data/unicode6-0-0.py', 'wb') -> 00000000
2026-02-12 01:53:35,726 - DEBUG - Progress: 10604/10604 bytes
2026-02-12 01:53:35,726 - DEBUG - [chan 0] close(00000000)
2026-02-12 01:53:35,728 - DEBUG - [chan 0] stat(b'/home/kevin/test/lib/rich/_unicode_data/unicode6-0-0.py')
2026-02-12 01:53:35,730 - INFO - Upload completed successfully: unicode6-0-0.py
2026-02-12 01:53:35,731 - INFO - Starting upload: lib/rich/_unicode_data/unicode5-2-0.py -> /home/kevin/test/lib/rich/_unicode_data/unicode5-2-0.py (10390 bytes)
2026-02-12 01:53:35,733 - DEBUG - [chan 0] open(b'/home/kevin/test/lib/rich/_unicode_data/unicode5-2-0.py', 'wb')
2026-02-12 01:53:35,733 - DEBUG - [chan 0] open(b'/home/kevin/test/lib/rich/_unicode_data/unicode5-2-0.py', 'wb') -> 00000000
2026-02-12 01:53:35,733 - DEBUG - Progress: 10390/10390 bytes
2026-02-12 01:53:35,733 - DEBUG - [chan 0] close(00000000)
2026-02-12 01:53:35,735 - DEBUG - [chan 0] stat(b'/home/kevin/test/lib/rich/_unicode_data/unicode5-2-0.py')
2026-02-12 01:53:35,737 - INFO - Upload completed successfully: unicode5-2-0.py
2026-02-12 01:53:35,737 - INFO - Starting upload: lib/rich/_unicode_data/unicode5-1-0.py -> /home/kevin/test/lib/rich/_unicode_data/unicode5-1-0.py (9650 bytes)
2026-02-12 01:53:35,739 - DEBUG - [chan 0] open(b'/home/kevin/test/lib/rich/_unicode_data/unicode5-1-0.py', 'wb')
2026-02-12 01:53:35,740 - DEBUG - [chan 0] open(b'/home/kevin/test/lib/rich/_unicode_data/unicode5-1-0.py', 'wb') -> 00000000
2026-02-12 01:53:35,740 - DEBUG - Progress: 9650/9650 bytes
2026-02-12 01:53:35,741 - DEBUG - [chan 0] close(00000000)
2026-02-12 01:53:35,742 - DEBUG - [chan 0] stat(b'/home/kevin/test/lib/rich/_unicode_data/unicode5-1-0.py')
2026-02-12 01:53:35,745 - INFO - Upload completed successfully: unicode5-1-0.py
2026-02-12 01:53:35,745 - INFO - Starting upload: lib/rich/_unicode_data/unicode5-0-0.py -> /home/kevin/test/lib/rich/_unicode_data/unicode5-0-0.py (9613 bytes)
2026-02-12 01:53:35,747 - DEBUG - [chan 0] open(b'/home/kevin/test/lib/rich/_unicode_data/unicode5-0-0.py', 'wb')
2026-02-12 01:53:35,748 - DEBUG - [chan 0] open(b'/home/kevin/test/lib/rich/_unicode_data/unicode5-0-0.py', 'wb') -> 00000000
2026-02-12 01:53:35,748 - DEBUG - Progress: 9613/9613 bytes
2026-02-12 01:53:35,748 - DEBUG - [chan 0] close(00000000)
2026-02-12 01:53:35,749 - DEBUG - [chan 0] stat(b'/home/kevin/test/lib/rich/_unicode_data/unicode5-0-0.py')
2026-02-12 01:53:35,751 - INFO - Upload completed successfully: unicode5-0-0.py
2026-02-12 01:53:35,751 - INFO - Starting upload: lib/rich/_unicode_data/unicode4-1-0.py -> /home/kevin/test/lib/rich/_unicode_data/unicode4-1-0.py (9488 bytes)
2026-02-12 01:53:35,753 - DEBUG - [chan 0] open(b'/home/kevin/test/lib/rich/_unicode_data/unicode4-1-0.py', 'wb')
2026-02-12 01:53:35,753 - DEBUG - [chan 0] open(b'/home/kevin/test/lib/rich/_unicode_data/unicode4-1-0.py', 'wb') -> 00000000
2026-02-12 01:53:35,754 - DEBUG - Progress: 9488/9488 bytes
2026-02-12 01:53:35,754 - DEBUG - [chan 0] close(00000000)
2026-02-12 01:53:35,755 - DEBUG - [chan 0] stat(b'/home/kevin/test/lib/rich/_unicode_data/unicode4-1-0.py')
2026-02-12 01:53:35,759 - INFO - Upload completed successfully: unicode4-1-0.py
2026-02-12 01:53:35,759 - INFO - Starting upload: lib/rich/_unicode_data/unicode17-0-0.py -> /home/kevin/test/lib/rich/_unicode_data/unicode17-0-0.py (16704 bytes)
2026-02-12 01:53:35,763 - DEBUG - [chan 0] open(b'/home/kevin/test/lib/rich/_unicode_data/unicode17-0-0.py', 'wb')
2026-02-12 01:53:35,764 - DEBUG - [chan 0] open(b'/home/kevin/test/lib/rich/_unicode_data/unicode17-0-0.py', 'wb') -> 00000000
2026-02-12 01:53:35,764 - DEBUG - Progress: 16704/16704 bytes
2026-02-12 01:53:35,764 - DEBUG - [chan 0] close(00000000)
2026-02-12 01:53:35,767 - DEBUG - [chan 0] stat(b'/home/kevin/test/lib/rich/_unicode_data/unicode17-0-0.py')
2026-02-12 01:53:35,769 - INFO - Upload completed successfully: unicode17-0-0.py
2026-02-12 01:53:35,769 - INFO - Starting upload: lib/rich/_unicode_data/unicode16-0-0.py -> /home/kevin/test/lib/rich/_unicode_data/unicode16-0-0.py (16480 bytes)
2026-02-12 01:53:35,771 - DEBUG - [chan 0] open(b'/home/kevin/test/lib/rich/_unicode_data/unicode16-0-0.py', 'wb')
2026-02-12 01:53:35,771 - DEBUG - [chan 0] open(b'/home/kevin/test/lib/rich/_unicode_data/unicode16-0-0.py', 'wb') -> 00000000
2026-02-12 01:53:35,772 - DEBUG - Progress: 16480/16480 bytes
2026-02-12 01:53:35,772 - DEBUG - [chan 0] close(00000000)
2026-02-12 01:53:35,774 - DEBUG - [chan 0] stat(b'/home/kevin/test/lib/rich/_unicode_data/unicode16-0-0.py')
2026-02-12 01:53:35,776 - INFO - Upload completed successfully: unicode16-0-0.py
2026-02-12 01:53:35,776 - INFO - Starting upload: lib/rich/_unicode_data/unicode15-1-0.py -> /home/kevin/test/lib/rich/_unicode_data/unicode15-1-0.py (16129 bytes)
2026-02-12 01:53:35,777 - DEBUG - [chan 0] open(b'/home/kevin/test/lib/rich/_unicode_data/unicode15-1-0.py', 'wb')
2026-02-12 01:53:35,778 - DEBUG - [chan 0] open(b'/home/kevin/test/lib/rich/_unicode_data/unicode15-1-0.py', 'wb') -> 00000000
2026-02-12 01:53:35,778 - DEBUG - Progress: 16129/16129 bytes
2026-02-12 01:53:35,778 - DEBUG - [chan 0] close(00000000)
2026-02-12 01:53:35,782 - DEBUG - [chan 0] stat(b'/home/kevin/test/lib/rich/_unicode_data/unicode15-1-0.py')
2026-02-12 01:53:35,784 - INFO - Upload completed successfully: unicode15-1-0.py
2026-02-12 01:53:35,784 - INFO - Starting upload: lib/rich/_unicode_data/unicode15-0-0.py -> /home/kevin/test/lib/rich/_unicode_data/unicode15-0-0.py (16156 bytes)
2026-02-12 01:53:35,786 - DEBUG - [chan 0] open(b'/home/kevin/test/lib/rich/_unicode_data/unicode15-0-0.py', 'wb')
2026-02-12 01:53:35,786 - DEBUG - [chan 0] open(b'/home/kevin/test/lib/rich/_unicode_data/unicode15-0-0.py', 'wb') -> 00000000
2026-02-12 01:53:35,787 - DEBUG - Progress: 16156/16156 bytes
2026-02-12 01:53:35,787 - DEBUG - [chan 0] close(00000000)
2026-02-12 01:53:35,791 - DEBUG - [chan 0] stat(b'/home/kevin/test/lib/rich/_unicode_data/unicode15-0-0.py')
2026-02-12 01:53:35,792 - INFO - Upload completed successfully: unicode15-0-0.py
2026-02-12 01:53:35,792 - INFO - Starting upload: lib/rich/_unicode_data/unicode14-0-0.py -> /home/kevin/test/lib/rich/_unicode_data/unicode14-0-0.py (15884 bytes)
2026-02-12 01:53:35,794 - DEBUG - [chan 0] open(b'/home/kevin/test/lib/rich/_unicode_data/unicode14-0-0.py', 'wb')
2026-02-12 01:53:35,795 - DEBUG - [chan 0] open(b'/home/kevin/test/lib/rich/_unicode_data/unicode14-0-0.py', 'wb') -> 00000000
2026-02-12 01:53:35,795 - DEBUG - Progress: 15884/15884 bytes
2026-02-12 01:53:35,795 - DEBUG - [chan 0] close(00000000)
2026-02-12 01:53:35,799 - DEBUG - [chan 0] stat(b'/home/kevin/test/lib/rich/_unicode_data/unicode14-0-0.py')
2026-02-12 01:53:35,801 - INFO - Upload completed successfully: unicode14-0-0.py
2026-02-12 01:53:35,801 - INFO - Starting upload: lib/rich/_unicode_data/unicode13-0-0.py -> /home/kevin/test/lib/rich/_unicode_data/unicode13-0-0.py (15519 bytes)
2026-02-12 01:53:35,802 - DEBUG - [chan 0] open(b'/home/kevin/test/lib/rich/_unicode_data/unicode13-0-0.py', 'wb')
2026-02-12 01:53:35,803 - DEBUG - [chan 0] open(b'/home/kevin/test/lib/rich/_unicode_data/unicode13-0-0.py', 'wb') -> 00000000
2026-02-12 01:53:35,803 - DEBUG - Progress: 15519/15519 bytes
2026-02-12 01:53:35,803 - DEBUG - [chan 0] close(00000000)
2026-02-12 01:53:35,805 - DEBUG - [chan 0] stat(b'/home/kevin/test/lib/rich/_unicode_data/unicode13-0-0.py')
2026-02-12 01:53:35,807 - INFO - Upload completed successfully: unicode13-0-0.py
2026-02-12 01:53:35,807 - INFO - Starting upload: lib/rich/_unicode_data/unicode12-1-0.py -> /home/kevin/test/lib/rich/_unicode_data/unicode12-1-0.py (15189 bytes)
2026-02-12 01:53:35,809 - DEBUG - [chan 0] open(b'/home/kevin/test/lib/rich/_unicode_data/unicode12-1-0.py', 'wb')
2026-02-12 01:53:35,810 - DEBUG - [chan 0] open(b'/home/kevin/test/lib/rich/_unicode_data/unicode12-1-0.py', 'wb') -> 00000000
2026-02-12 01:53:35,810 - DEBUG - Progress: 15189/15189 bytes
2026-02-12 01:53:35,810 - DEBUG - [chan 0] close(00000000)
2026-02-12 01:53:35,812 - DEBUG - [chan 0] stat(b'/home/kevin/test/lib/rich/_unicode_data/unicode12-1-0.py')
2026-02-12 01:53:35,814 - INFO - Upload completed successfully: unicode12-1-0.py
2026-02-12 01:53:35,814 - INFO - Starting upload: lib/rich/_unicode_data/unicode12-0-0.py -> /home/kevin/test/lib/rich/_unicode_data/unicode12-0-0.py (15216 bytes)
2026-02-12 01:53:35,816 - DEBUG - [chan 0] open(b'/home/kevin/test/lib/rich/_unicode_data/unicode12-0-0.py', 'wb')
2026-02-12 01:53:35,817 - DEBUG - [chan 0] open(b'/home/kevin/test/lib/rich/_unicode_data/unicode12-0-0.py', 'wb') -> 00000000
2026-02-12 01:53:35,817 - DEBUG - Progress: 15216/15216 bytes
2026-02-12 01:53:35,817 - DEBUG - [chan 0] close(00000000)
2026-02-12 01:53:35,819 - DEBUG - [chan 0] stat(b'/home/kevin/test/lib/rich/_unicode_data/unicode12-0-0.py')
2026-02-12 01:53:35,821 - INFO - Upload completed successfully: unicode12-0-0.py
2026-02-12 01:53:35,821 - INFO - Starting upload: lib/rich/_unicode_data/unicode11-0-0.py -> /home/kevin/test/lib/rich/_unicode_data/unicode11-0-0.py (14874 bytes)
2026-02-12 01:53:35,823 - DEBUG - [chan 0] open(b'/home/kevin/test/lib/rich/_unicode_data/unicode11-0-0.py', 'wb')
2026-02-12 01:53:35,824 - DEBUG - [chan 0] open(b'/home/kevin/test/lib/rich/_unicode_data/unicode11-0-0.py', 'wb') -> 00000000
2026-02-12 01:53:35,824 - DEBUG - Progress: 14874/14874 bytes
2026-02-12 01:53:35,824 - DEBUG - [chan 0] close(00000000)
2026-02-12 01:53:35,826 - DEBUG - [chan 0] stat(b'/home/kevin/test/lib/rich/_unicode_data/unicode11-0-0.py')
2026-02-12 01:53:35,828 - INFO - Upload completed successfully: unicode11-0-0.py
2026-02-12 01:53:35,828 - INFO - Starting upload: lib/rich/_unicode_data/unicode10-0-0.py -> /home/kevin/test/lib/rich/_unicode_data/unicode10-0-0.py (14496 bytes)
2026-02-12 01:53:35,830 - DEBUG - [chan 0] open(b'/home/kevin/test/lib/rich/_unicode_data/unicode10-0-0.py', 'wb')
2026-02-12 01:53:35,831 - DEBUG - [chan 0] open(b'/home/kevin/test/lib/rich/_unicode_data/unicode10-0-0.py', 'wb') -> 00000000
2026-02-12 01:53:35,831 - DEBUG - Progress: 14496/14496 bytes
2026-02-12 01:53:35,831 - DEBUG - [chan 0] close(00000000)
2026-02-12 01:53:35,835 - DEBUG - [chan 0] stat(b'/home/kevin/test/lib/rich/_unicode_data/unicode10-0-0.py')
2026-02-12 01:53:35,837 - INFO - Upload completed successfully: unicode10-0-0.py
2026-02-12 01:53:35,837 - INFO - Starting upload: lib/rich/_unicode_data/_versions.py -> /home/kevin/test/lib/rich/_unicode_data/_versions.py (298 bytes)
2026-02-12 01:53:35,839 - DEBUG - [chan 0] open(b'/home/kevin/test/lib/rich/_unicode_data/_versions.py', 'wb')
2026-02-12 01:53:35,840 - DEBUG - [chan 0] open(b'/home/kevin/test/lib/rich/_unicode_data/_versions.py', 'wb') -> 00000000
2026-02-12 01:53:35,840 - DEBUG - Progress: 298/298 bytes
2026-02-12 01:53:35,840 - DEBUG - [chan 0] close(00000000)
2026-02-12 01:53:35,841 - DEBUG - [chan 0] stat(b'/home/kevin/test/lib/rich/_unicode_data/_versions.py')
2026-02-12 01:53:35,843 - INFO - Upload completed successfully: _versions.py
2026-02-12 01:53:35,843 - INFO - Starting upload: lib/rich/_unicode_data/__init__.py -> /home/kevin/test/lib/rich/_unicode_data/__init__.py (2631 bytes)
2026-02-12 01:53:35,845 - DEBUG - [chan 0] open(b'/home/kevin/test/lib/rich/_unicode_data/__init__.py', 'wb')
2026-02-12 01:53:35,845 - DEBUG - [chan 0] open(b'/home/kevin/test/lib/rich/_unicode_data/__init__.py', 'wb') -> 00000000
2026-02-12 01:53:35,846 - DEBUG - Progress: 2631/2631 bytes
2026-02-12 01:53:35,846 - DEBUG - [chan 0] close(00000000)
2026-02-12 01:53:35,847 - DEBUG - [chan 0] stat(b'/home/kevin/test/lib/rich/_unicode_data/__init__.py')
2026-02-12 01:53:35,849 - INFO - Upload completed successfully: __init__.py
2026-02-12 01:53:35,849 - DEBUG - [chan 0] mkdir(b'/home/kevin/test/lib/rich/_unicode_data/__pycache__', 511)
2026-02-12 01:53:35,850 - INFO - Created remote folder: /home/kevin/test/lib/rich/_unicode_data/__pycache__
2026-02-12 01:53:35,850 - INFO - Starting upload: lib/rich/_unicode_data/__pycache__/unicode9-0-0.cpython-314.pyc -> /home/kevin/test/lib/rich/_unicode_data/__pycache__/unicode9-0-0.cpython-314.pyc (18826 bytes)
2026-02-12 01:53:35,851 - DEBUG - [chan 0] open(b'/home/kevin/test/lib/rich/_unicode_data/__pycache__/unicode9-0-0.cpython-314.pyc', 'wb')
2026-02-12 01:53:35,852 - DEBUG - [chan 0] open(b'/home/kevin/test/lib/rich/_unicode_data/__pycache__/unicode9-0-0.cpython-314.pyc', 'wb') -> 00000000
2026-02-12 01:53:35,852 - DEBUG - Progress: 18826/18826 bytes
2026-02-12 01:53:35,852 - DEBUG - [chan 0] close(00000000)
2026-02-12 01:53:35,855 - DEBUG - [chan 0] stat(b'/home/kevin/test/lib/rich/_unicode_data/__pycache__/unicode9-0-0.cpython-314.pyc')
2026-02-12 01:53:35,856 - INFO - Upload completed successfully: unicode9-0-0.cpython-314.pyc
2026-02-12 01:53:35,856 - INFO - Starting upload: lib/rich/_unicode_data/__pycache__/unicode8-0-0.cpython-314.pyc -> /home/kevin/test/lib/rich/_unicode_data/__pycache__/unicode8-0-0.cpython-314.pyc (15838 bytes)
2026-02-12 01:53:35,858 - DEBUG - [chan 0] open(b'/home/kevin/test/lib/rich/_unicode_data/__pycache__/unicode8-0-0.cpython-314.pyc', 'wb')
2026-02-12 01:53:35,858 - DEBUG - [chan 0] open(b'/home/kevin/test/lib/rich/_unicode_data/__pycache__/unicode8-0-0.cpython-314.pyc', 'wb') -> 00000000
2026-02-12 01:53:35,858 - DEBUG - Progress: 15838/15838 bytes
2026-02-12 01:53:35,858 - DEBUG - [chan 0] close(00000000)
2026-02-12 01:53:35,860 - DEBUG - [chan 0] stat(b'/home/kevin/test/lib/rich/_unicode_data/__pycache__/unicode8-0-0.cpython-314.pyc')
2026-02-12 01:53:35,864 - INFO - Upload completed successfully: unicode8-0-0.cpython-314.pyc
2026-02-12 01:53:35,864 - INFO - Starting upload: lib/rich/_unicode_data/__pycache__/unicode7-0-0.cpython-314.pyc -> /home/kevin/test/lib/rich/_unicode_data/__pycache__/unicode7-0-0.cpython-314.pyc (15550 bytes)
2026-02-12 01:53:35,867 - DEBUG - [chan 0] open(b'/home/kevin/test/lib/rich/_unicode_data/__pycache__/unicode7-0-0.cpython-314.pyc', 'wb')
2026-02-12 01:53:35,868 - DEBUG - [chan 0] open(b'/home/kevin/test/lib/rich/_unicode_data/__pycache__/unicode7-0-0.cpython-314.pyc', 'wb') -> 00000000
2026-02-12 01:53:35,869 - DEBUG - Progress: 15550/15550 bytes
2026-02-12 01:53:35,869 - DEBUG - [chan 0] close(00000000)
2026-02-12 01:53:35,872 - DEBUG - [chan 0] stat(b'/home/kevin/test/lib/rich/_unicode_data/__pycache__/unicode7-0-0.cpython-314.pyc')
2026-02-12 01:53:35,875 - INFO - Upload completed successfully: unicode7-0-0.cpython-314.pyc
2026-02-12 01:53:35,875 - INFO - Starting upload: lib/rich/_unicode_data/__pycache__/unicode6-3-0.cpython-314.pyc -> /home/kevin/test/lib/rich/_unicode_data/__pycache__/unicode6-3-0.cpython-314.pyc (14614 bytes)
2026-02-12 01:53:35,878 - DEBUG - [chan 0] open(b'/home/kevin/test/lib/rich/_unicode_data/__pycache__/unicode6-3-0.cpython-314.pyc', 'wb')
2026-02-12 01:53:35,879 - DEBUG - [chan 0] open(b'/home/kevin/test/lib/rich/_unicode_data/__pycache__/unicode6-3-0.cpython-314.pyc', 'wb') -> 00000000
2026-02-12 01:53:35,880 - DEBUG - Progress: 14614/14614 bytes
2026-02-12 01:53:35,880 - DEBUG - [chan 0] close(00000000)
2026-02-12 01:53:35,882 - DEBUG - [chan 0] stat(b'/home/kevin/test/lib/rich/_unicode_data/__pycache__/unicode6-3-0.cpython-314.pyc')
2026-02-12 01:53:35,885 - INFO - Upload completed successfully: unicode6-3-0.cpython-314.pyc
2026-02-12 01:53:35,885 - INFO - Starting upload: lib/rich/_unicode_data/__pycache__/unicode6-2-0.cpython-314.pyc -> /home/kevin/test/lib/rich/_unicode_data/__pycache__/unicode6-2-0.cpython-314.pyc (14578 bytes)
2026-02-12 01:53:35,889 - DEBUG - [chan 0] open(b'/home/kevin/test/lib/rich/_unicode_data/__pycache__/unicode6-2-0.cpython-314.pyc', 'wb')
2026-02-12 01:53:35,890 - DEBUG - [chan 0] open(b'/home/kevin/test/lib/rich/_unicode_data/__pycache__/unicode6-2-0.cpython-314.pyc', 'wb') -> 00000000
2026-02-12 01:53:35,890 - DEBUG - Progress: 14578/14578 bytes
2026-02-12 01:53:35,890 - DEBUG - [chan 0] close(00000000)
2026-02-12 01:53:35,894 - DEBUG - [chan 0] stat(b'/home/kevin/test/lib/rich/_unicode_data/__pycache__/unicode6-2-0.cpython-314.pyc')
2026-02-12 01:53:35,896 - INFO - Upload completed successfully: unicode6-2-0.cpython-314.pyc
2026-02-12 01:53:35,896 - INFO - Starting upload: lib/rich/_unicode_data/__pycache__/unicode6-1-0.cpython-314.pyc -> /home/kevin/test/lib/rich/_unicode_data/__pycache__/unicode6-1-0.cpython-314.pyc (14578 bytes)
2026-02-12 01:53:35,897 - DEBUG - [chan 0] open(b'/home/kevin/test/lib/rich/_unicode_data/__pycache__/unicode6-1-0.cpython-314.pyc', 'wb')
2026-02-12 01:53:35,898 - DEBUG - [chan 0] open(b'/home/kevin/test/lib/rich/_unicode_data/__pycache__/unicode6-1-0.cpython-314.pyc', 'wb') -> 00000000
2026-02-12 01:53:35,898 - DEBUG - Progress: 14578/14578 bytes
2026-02-12 01:53:35,898 - DEBUG - [chan 0] close(00000000)
2026-02-12 01:53:35,902 - DEBUG - [chan 0] stat(b'/home/kevin/test/lib/rich/_unicode_data/__pycache__/unicode6-1-0.cpython-314.pyc')
2026-02-12 01:53:35,904 - INFO - Upload completed successfully: unicode6-1-0.cpython-314.pyc
2026-02-12 01:53:35,904 - INFO - Starting upload: lib/rich/_unicode_data/__pycache__/unicode6-0-0.cpython-314.pyc -> /home/kevin/test/lib/rich/_unicode_data/__pycache__/unicode6-0-0.cpython-314.pyc (14182 bytes)
2026-02-12 01:53:35,906 - DEBUG - [chan 0] open(b'/home/kevin/test/lib/rich/_unicode_data/__pycache__/unicode6-0-0.cpython-314.pyc', 'wb')
2026-02-12 01:53:35,906 - DEBUG - [chan 0] open(b'/home/kevin/test/lib/rich/_unicode_data/__pycache__/unicode6-0-0.cpython-314.pyc', 'wb') -> 00000000
2026-02-12 01:53:35,906 - DEBUG - Progress: 14182/14182 bytes
2026-02-12 01:53:35,907 - DEBUG - [chan 0] close(00000000)
2026-02-12 01:53:35,909 - DEBUG - [chan 0] stat(b'/home/kevin/test/lib/rich/_unicode_data/__pycache__/unicode6-0-0.cpython-314.pyc')
2026-02-12 01:53:35,910 - INFO - Upload completed successfully: unicode6-0-0.cpython-314.pyc
2026-02-12 01:53:35,910 - INFO - Starting upload: lib/rich/_unicode_data/__pycache__/unicode5-2-0.cpython-314.pyc -> /home/kevin/test/lib/rich/_unicode_data/__pycache__/unicode5-2-0.cpython-314.pyc (13894 bytes)
2026-02-12 01:53:35,912 - DEBUG - [chan 0] open(b'/home/kevin/test/lib/rich/_unicode_data/__pycache__/unicode5-2-0.cpython-314.pyc', 'wb')
2026-02-12 01:53:35,912 - DEBUG - [chan 0] open(b'/home/kevin/test/lib/rich/_unicode_data/__pycache__/unicode5-2-0.cpython-314.pyc', 'wb') -> 00000000
2026-02-12 01:53:35,912 - DEBUG - Progress: 13894/13894 bytes
2026-02-12 01:53:35,912 - DEBUG - [chan 0] close(00000000)
2026-02-12 01:53:35,915 - DEBUG - [chan 0] stat(b'/home/kevin/test/lib/rich/_unicode_data/__pycache__/unicode5-2-0.cpython-314.pyc')
2026-02-12 01:53:35,916 - INFO - Upload completed successfully: unicode5-2-0.cpython-314.pyc
2026-02-12 01:53:35,916 - INFO - Starting upload: lib/rich/_unicode_data/__pycache__/unicode5-1-0.cpython-314.pyc -> /home/kevin/test/lib/rich/_unicode_data/__pycache__/unicode5-1-0.cpython-314.pyc (12886 bytes)
2026-02-12 01:53:35,918 - DEBUG - [chan 0] open(b'/home/kevin/test/lib/rich/_unicode_data/__pycache__/unicode5-1-0.cpython-314.pyc', 'wb')
2026-02-12 01:53:35,918 - DEBUG - [chan 0] open(b'/home/kevin/test/lib/rich/_unicode_data/__pycache__/unicode5-1-0.cpython-314.pyc', 'wb') -> 00000000
2026-02-12 01:53:35,918 - DEBUG - Progress: 12886/12886 bytes
2026-02-12 01:53:35,918 - DEBUG - [chan 0] close(00000000)
2026-02-12 01:53:35,922 - DEBUG - [chan 0] stat(b'/home/kevin/test/lib/rich/_unicode_data/__pycache__/unicode5-1-0.cpython-314.pyc')
2026-02-12 01:53:35,924 - INFO - Upload completed successfully: unicode5-1-0.cpython-314.pyc
2026-02-12 01:53:35,925 - INFO - Starting upload: lib/rich/_unicode_data/__pycache__/unicode5-0-0.cpython-314.pyc -> /home/kevin/test/lib/rich/_unicode_data/__pycache__/unicode5-0-0.cpython-314.pyc (12778 bytes)
2026-02-12 01:53:35,927 - DEBUG - [chan 0] open(b'/home/kevin/test/lib/rich/_unicode_data/__pycache__/unicode5-0-0.cpython-314.pyc', 'wb')
2026-02-12 01:53:35,927 - DEBUG - [chan 0] open(b'/home/kevin/test/lib/rich/_unicode_data/__pycache__/unicode5-0-0.cpython-314.pyc', 'wb') -> 00000000
2026-02-12 01:53:35,928 - DEBUG - Progress: 12778/12778 bytes
2026-02-12 01:53:35,928 - DEBUG - [chan 0] close(00000000)
2026-02-12 01:53:35,930 - DEBUG - [chan 0] stat(b'/home/kevin/test/lib/rich/_unicode_data/__pycache__/unicode5-0-0.cpython-314.pyc')
2026-02-12 01:53:35,932 - INFO - Upload completed successfully: unicode5-0-0.cpython-314.pyc
2026-02-12 01:53:35,932 - INFO - Starting upload: lib/rich/_unicode_data/__pycache__/unicode4-1-0.cpython-314.pyc -> /home/kevin/test/lib/rich/_unicode_data/__pycache__/unicode4-1-0.cpython-314.pyc (12598 bytes)
2026-02-12 01:53:35,934 - DEBUG - [chan 0] open(b'/home/kevin/test/lib/rich/_unicode_data/__pycache__/unicode4-1-0.cpython-314.pyc', 'wb')
2026-02-12 01:53:35,935 - DEBUG - [chan 0] open(b'/home/kevin/test/lib/rich/_unicode_data/__pycache__/unicode4-1-0.cpython-314.pyc', 'wb') -> 00000000
2026-02-12 01:53:35,935 - DEBUG - Progress: 12598/12598 bytes
2026-02-12 01:53:35,935 - DEBUG - [chan 0] close(00000000)
2026-02-12 01:53:35,939 - DEBUG - [chan 0] stat(b'/home/kevin/test/lib/rich/_unicode_data/__pycache__/unicode4-1-0.cpython-314.pyc')
2026-02-12 01:53:35,942 - INFO - Upload completed successfully: unicode4-1-0.cpython-314.pyc
2026-02-12 01:53:35,942 - INFO - Starting upload: lib/rich/_unicode_data/__pycache__/unicode17-0-0.cpython-314.pyc -> /home/kevin/test/lib/rich/_unicode_data/__pycache__/unicode17-0-0.cpython-314.pyc (22176 bytes)
2026-02-12 01:53:35,944 - DEBUG - [chan 0] open(b'/home/kevin/test/lib/rich/_unicode_data/__pycache__/unicode17-0-0.cpython-314.pyc', 'wb')
2026-02-12 01:53:35,944 - DEBUG - [chan 0] open(b'/home/kevin/test/lib/rich/_unicode_data/__pycache__/unicode17-0-0.cpython-314.pyc', 'wb') -> 00000000
2026-02-12 01:53:35,945 - DEBUG - Progress: 22176/22176 bytes
2026-02-12 01:53:35,945 - DEBUG - [chan 0] close(00000000)
2026-02-12 01:53:35,948 - DEBUG - [chan 0] stat(b'/home/kevin/test/lib/rich/_unicode_data/__pycache__/unicode17-0-0.cpython-314.pyc')
2026-02-12 01:53:35,950 - INFO - Upload completed successfully: unicode17-0-0.cpython-314.pyc
2026-02-12 01:53:35,950 - INFO - Starting upload: lib/rich/_unicode_data/__pycache__/unicode16-0-0.cpython-314.pyc -> /home/kevin/test/lib/rich/_unicode_data/__pycache__/unicode16-0-0.cpython-314.pyc (21888 bytes)
2026-02-12 01:53:35,952 - DEBUG - [chan 0] open(b'/home/kevin/test/lib/rich/_unicode_data/__pycache__/unicode16-0-0.cpython-314.pyc', 'wb')
2026-02-12 01:53:35,953 - DEBUG - [chan 0] open(b'/home/kevin/test/lib/rich/_unicode_data/__pycache__/unicode16-0-0.cpython-314.pyc', 'wb') -> 00000000
2026-02-12 01:53:35,953 - DEBUG - Progress: 21888/21888 bytes
2026-02-12 01:53:35,953 - DEBUG - [chan 0] close(00000000)
2026-02-12 01:53:35,956 - DEBUG - [chan 0] stat(b'/home/kevin/test/lib/rich/_unicode_data/__pycache__/unicode16-0-0.cpython-314.pyc')
2026-02-12 01:53:35,958 - INFO - Upload completed successfully: unicode16-0-0.cpython-314.pyc
2026-02-12 01:53:35,958 - INFO - Starting upload: lib/rich/_unicode_data/__pycache__/unicode15-1-0.cpython-314.pyc -> /home/kevin/test/lib/rich/_unicode_data/__pycache__/unicode15-1-0.cpython-314.pyc (21420 bytes)
2026-02-12 01:53:35,960 - DEBUG - [chan 0] open(b'/home/kevin/test/lib/rich/_unicode_data/__pycache__/unicode15-1-0.cpython-314.pyc', 'wb')
2026-02-12 01:53:35,961 - DEBUG - [chan 0] open(b'/home/kevin/test/lib/rich/_unicode_data/__pycache__/unicode15-1-0.cpython-314.pyc', 'wb') -> 00000000
2026-02-12 01:53:35,961 - DEBUG - Progress: 21420/21420 bytes
2026-02-12 01:53:35,961 - DEBUG - [chan 0] close(00000000)
2026-02-12 01:53:35,964 - DEBUG - [chan 0] stat(b'/home/kevin/test/lib/rich/_unicode_data/__pycache__/unicode15-1-0.cpython-314.pyc')
2026-02-12 01:53:35,966 - INFO - Upload completed successfully: unicode15-1-0.cpython-314.pyc
2026-02-12 01:53:35,966 - INFO - Starting upload: lib/rich/_unicode_data/__pycache__/unicode15-0-0.cpython-314.pyc -> /home/kevin/test/lib/rich/_unicode_data/__pycache__/unicode15-0-0.cpython-314.pyc (21456 bytes)
2026-02-12 01:53:35,968 - DEBUG - [chan 0] open(b'/home/kevin/test/lib/rich/_unicode_data/__pycache__/unicode15-0-0.cpython-314.pyc', 'wb')
2026-02-12 01:53:35,969 - DEBUG - [chan 0] open(b'/home/kevin/test/lib/rich/_unicode_data/__pycache__/unicode15-0-0.cpython-314.pyc', 'wb') -> 00000000
2026-02-12 01:53:35,969 - DEBUG - Progress: 21456/21456 bytes
2026-02-12 01:53:35,969 - DEBUG - [chan 0] close(00000000)
2026-02-12 01:53:35,973 - DEBUG - [chan 0] stat(b'/home/kevin/test/lib/rich/_unicode_data/__pycache__/unicode15-0-0.cpython-314.pyc')
2026-02-12 01:53:35,975 - INFO - Upload completed successfully: unicode15-0-0.cpython-314.pyc
2026-02-12 01:53:35,975 - INFO - Starting upload: lib/rich/_unicode_data/__pycache__/unicode14-0-0.cpython-314.pyc -> /home/kevin/test/lib/rich/_unicode_data/__pycache__/unicode14-0-0.cpython-314.pyc (21096 bytes)
2026-02-12 01:53:35,977 - DEBUG - [chan 0] open(b'/home/kevin/test/lib/rich/_unicode_data/__pycache__/unicode14-0-0.cpython-314.pyc', 'wb')
2026-02-12 01:53:35,977 - DEBUG - [chan 0] open(b'/home/kevin/test/lib/rich/_unicode_data/__pycache__/unicode14-0-0.cpython-314.pyc', 'wb') -> 00000000
2026-02-12 01:53:35,978 - DEBUG - Progress: 21096/21096 bytes
2026-02-12 01:53:35,978 - DEBUG - [chan 0] close(00000000)
2026-02-12 01:53:35,981 - DEBUG - [chan 0] stat(b'/home/kevin/test/lib/rich/_unicode_data/__pycache__/unicode14-0-0.cpython-314.pyc')
2026-02-12 01:53:35,983 - INFO - Upload completed successfully: unicode14-0-0.cpython-314.pyc
2026-02-12 01:53:35,983 - INFO - Starting upload: lib/rich/_unicode_data/__pycache__/unicode13-0-0.cpython-314.pyc -> /home/kevin/test/lib/rich/_unicode_data/__pycache__/unicode13-0-0.cpython-314.pyc (20628 bytes)
2026-02-12 01:53:35,985 - DEBUG - [chan 0] open(b'/home/kevin/test/lib/rich/_unicode_data/__pycache__/unicode13-0-0.cpython-314.pyc', 'wb')
2026-02-12 01:53:35,985 - DEBUG - [chan 0] open(b'/home/kevin/test/lib/rich/_unicode_data/__pycache__/unicode13-0-0.cpython-314.pyc', 'wb') -> 00000000
2026-02-12 01:53:35,986 - DEBUG - Progress: 20628/20628 bytes
2026-02-12 01:53:35,986 - DEBUG - [chan 0] close(00000000)
2026-02-12 01:53:35,989 - DEBUG - [chan 0] stat(b'/home/kevin/test/lib/rich/_unicode_data/__pycache__/unicode13-0-0.cpython-314.pyc')
2026-02-12 01:53:35,991 - INFO - Upload completed successfully: unicode13-0-0.cpython-314.pyc
2026-02-12 01:53:35,991 - INFO - Starting upload: lib/rich/_unicode_data/__pycache__/unicode12-1-0.cpython-314.pyc -> /home/kevin/test/lib/rich/_unicode_data/__pycache__/unicode12-1-0.cpython-314.pyc (20196 bytes)
2026-02-12 01:53:35,993 - DEBUG - [chan 0] open(b'/home/kevin/test/lib/rich/_unicode_data/__pycache__/unicode12-1-0.cpython-314.pyc', 'wb')
2026-02-12 01:53:35,994 - DEBUG - [chan 0] open(b'/home/kevin/test/lib/rich/_unicode_data/__pycache__/unicode12-1-0.cpython-314.pyc', 'wb') -> 00000000
2026-02-12 01:53:35,994 - DEBUG - Progress: 20196/20196 bytes
2026-02-12 01:53:35,994 - DEBUG - [chan 0] close(00000000)
2026-02-12 01:53:35,997 - DEBUG - [chan 0] stat(b'/home/kevin/test/lib/rich/_unicode_data/__pycache__/unicode12-1-0.cpython-314.pyc')
2026-02-12 01:53:35,999 - INFO - Upload completed successfully: unicode12-1-0.cpython-314.pyc
2026-02-12 01:53:35,999 - INFO - Starting upload: lib/rich/_unicode_data/__pycache__/unicode12-0-0.cpython-314.pyc -> /home/kevin/test/lib/rich/_unicode_data/__pycache__/unicode12-0-0.cpython-314.pyc (20232 bytes)
2026-02-12 01:53:36,001 - DEBUG - [chan 0] open(b'/home/kevin/test/lib/rich/_unicode_data/__pycache__/unicode12-0-0.cpython-314.pyc', 'wb')
2026-02-12 01:53:36,002 - DEBUG - [chan 0] open(b'/home/kevin/test/lib/rich/_unicode_data/__pycache__/unicode12-0-0.cpython-314.pyc', 'wb') -> 00000000
2026-02-12 01:53:36,002 - DEBUG - Progress: 20232/20232 bytes
2026-02-12 01:53:36,002 - DEBUG - [chan 0] close(00000000)
2026-02-12 01:53:36,005 - DEBUG - [chan 0] stat(b'/home/kevin/test/lib/rich/_unicode_data/__pycache__/unicode12-0-0.cpython-314.pyc')
2026-02-12 01:53:36,007 - INFO - Upload completed successfully: unicode12-0-0.cpython-314.pyc
2026-02-12 01:53:36,007 - INFO - Starting upload: lib/rich/_unicode_data/__pycache__/unicode11-0-0.cpython-314.pyc -> /home/kevin/test/lib/rich/_unicode_data/__pycache__/unicode11-0-0.cpython-314.pyc (19800 bytes)
2026-02-12 01:53:36,009 - DEBUG - [chan 0] open(b'/home/kevin/test/lib/rich/_unicode_data/__pycache__/unicode11-0-0.cpython-314.pyc', 'wb')
2026-02-12 01:53:36,010 - DEBUG - [chan 0] open(b'/home/kevin/test/lib/rich/_unicode_data/__pycache__/unicode11-0-0.cpython-314.pyc', 'wb') -> 00000000
2026-02-12 01:53:36,010 - DEBUG - Progress: 19800/19800 bytes
2026-02-12 01:53:36,010 - DEBUG - [chan 0] close(00000000)
2026-02-12 01:53:36,013 - DEBUG - [chan 0] stat(b'/home/kevin/test/lib/rich/_unicode_data/__pycache__/unicode11-0-0.cpython-314.pyc')
2026-02-12 01:53:36,015 - INFO - Upload completed successfully: unicode11-0-0.cpython-314.pyc
2026-02-12 01:53:36,015 - INFO - Starting upload: lib/rich/_unicode_data/__pycache__/unicode10-0-0.cpython-314.pyc -> /home/kevin/test/lib/rich/_unicode_data/__pycache__/unicode10-0-0.cpython-314.pyc (19296 bytes)
2026-02-12 01:53:36,017 - DEBUG - [chan 0] open(b'/home/kevin/test/lib/rich/_unicode_data/__pycache__/unicode10-0-0.cpython-314.pyc', 'wb')
2026-02-12 01:53:36,018 - DEBUG - [chan 0] open(b'/home/kevin/test/lib/rich/_unicode_data/__pycache__/unicode10-0-0.cpython-314.pyc', 'wb') -> 00000000
2026-02-12 01:53:36,018 - DEBUG - Progress: 19296/19296 bytes
2026-02-12 01:53:36,018 - DEBUG - [chan 0] close(00000000)
2026-02-12 01:53:36,021 - DEBUG - [chan 0] stat(b'/home/kevin/test/lib/rich/_unicode_data/__pycache__/unicode10-0-0.cpython-314.pyc')
2026-02-12 01:53:36,023 - INFO - Upload completed successfully: unicode10-0-0.cpython-314.pyc
2026-02-12 01:53:36,023 - INFO - Starting upload: lib/rich/_unicode_data/__pycache__/_versions.cpython-314.pyc -> /home/kevin/test/lib/rich/_unicode_data/__pycache__/_versions.cpython-314.pyc (348 bytes)
2026-02-12 01:53:36,025 - DEBUG - [chan 0] open(b'/home/kevin/test/lib/rich/_unicode_data/__pycache__/_versions.cpython-314.pyc', 'wb')
2026-02-12 01:53:36,026 - DEBUG - [chan 0] open(b'/home/kevin/test/lib/rich/_unicode_data/__pycache__/_versions.cpython-314.pyc', 'wb') -> 00000000
2026-02-12 01:53:36,026 - DEBUG - Progress: 348/348 bytes
2026-02-12 01:53:36,026 - DEBUG - [chan 0] close(00000000)
2026-02-12 01:53:36,027 - DEBUG - [chan 0] stat(b'/home/kevin/test/lib/rich/_unicode_data/__pycache__/_versions.cpython-314.pyc')
2026-02-12 01:53:36,029 - INFO - Upload completed successfully: _versions.cpython-314.pyc
2026-02-12 01:53:36,029 - INFO - Starting upload: lib/rich/_unicode_data/__pycache__/__init__.cpython-314.pyc -> /home/kevin/test/lib/rich/_unicode_data/__pycache__/__init__.cpython-314.pyc (3692 bytes)
2026-02-12 01:53:36,031 - DEBUG - [chan 0] open(b'/home/kevin/test/lib/rich/_unicode_data/__pycache__/__init__.cpython-314.pyc', 'wb')
2026-02-12 01:53:36,031 - DEBUG - [chan 0] open(b'/home/kevin/test/lib/rich/_unicode_data/__pycache__/__init__.cpython-314.pyc', 'wb') -> 00000000
2026-02-12 01:53:36,032 - DEBUG - Progress: 3692/3692 bytes
2026-02-12 01:53:36,032 - DEBUG - [chan 0] close(00000000)
2026-02-12 01:53:36,033 - DEBUG - [chan 0] stat(b'/home/kevin/test/lib/rich/_unicode_data/__pycache__/__init__.cpython-314.pyc')
2026-02-12 01:53:36,035 - INFO - Upload completed successfully: __init__.cpython-314.pyc
2026-02-12 01:53:36,036 - DEBUG - [chan 0] mkdir(b'/home/kevin/test/lib/markdown_it_py-4.0.0.dist-info', 511)
2026-02-12 01:53:36,036 - INFO - Created remote folder: /home/kevin/test/lib/markdown_it_py-4.0.0.dist-info
2026-02-12 01:53:36,037 - INFO - Starting upload: lib/markdown_it_py-4.0.0.dist-info/RECORD -> /home/kevin/test/lib/markdown_it_py-4.0.0.dist-info/RECORD (10841 bytes)
2026-02-12 01:53:36,038 - DEBUG - [chan 0] open(b'/home/kevin/test/lib/markdown_it_py-4.0.0.dist-info/RECORD', 'wb')
2026-02-12 01:53:36,039 - DEBUG - [chan 0] open(b'/home/kevin/test/lib/markdown_it_py-4.0.0.dist-info/RECORD', 'wb') -> 00000000
2026-02-12 01:53:36,039 - DEBUG - Progress: 10841/10841 bytes
2026-02-12 01:53:36,039 - DEBUG - [chan 0] close(00000000)
2026-02-12 01:53:36,042 - DEBUG - [chan 0] stat(b'/home/kevin/test/lib/markdown_it_py-4.0.0.dist-info/RECORD')
2026-02-12 01:53:36,044 - INFO - Upload completed successfully: RECORD
2026-02-12 01:53:36,044 - INFO - Starting upload: lib/markdown_it_py-4.0.0.dist-info/INSTALLER -> /home/kevin/test/lib/markdown_it_py-4.0.0.dist-info/INSTALLER (4 bytes)
2026-02-12 01:53:36,046 - DEBUG - [chan 0] open(b'/home/kevin/test/lib/markdown_it_py-4.0.0.dist-info/INSTALLER', 'wb')
2026-02-12 01:53:36,047 - DEBUG - [chan 0] open(b'/home/kevin/test/lib/markdown_it_py-4.0.0.dist-info/INSTALLER', 'wb') -> 00000000
2026-02-12 01:53:36,047 - DEBUG - Progress: 4/4 bytes
2026-02-12 01:53:36,047 - DEBUG - [chan 0] close(00000000)
2026-02-12 01:53:36,048 - DEBUG - [chan 0] stat(b'/home/kevin/test/lib/markdown_it_py-4.0.0.dist-info/INSTALLER')
2026-02-12 01:53:36,050 - INFO - Upload completed successfully: INSTALLER
2026-02-12 01:53:36,050 - INFO - Starting upload: lib/markdown_it_py-4.0.0.dist-info/METADATA -> /home/kevin/test/lib/markdown_it_py-4.0.0.dist-info/METADATA (7288 bytes)
2026-02-12 01:53:36,052 - DEBUG - [chan 0] open(b'/home/kevin/test/lib/markdown_it_py-4.0.0.dist-info/METADATA', 'wb')
2026-02-12 01:53:36,053 - DEBUG - [chan 0] open(b'/home/kevin/test/lib/markdown_it_py-4.0.0.dist-info/METADATA', 'wb') -> 00000000
2026-02-12 01:53:36,053 - DEBUG - Progress: 7288/7288 bytes
2026-02-12 01:53:36,053 - DEBUG - [chan 0] close(00000000)
2026-02-12 01:53:36,055 - DEBUG - [chan 0] stat(b'/home/kevin/test/lib/markdown_it_py-4.0.0.dist-info/METADATA')
2026-02-12 01:53:36,057 - INFO - Upload completed successfully: METADATA
2026-02-12 01:53:36,057 - INFO - Starting upload: lib/markdown_it_py-4.0.0.dist-info/WHEEL -> /home/kevin/test/lib/markdown_it_py-4.0.0.dist-info/WHEEL (82 bytes)
2026-02-12 01:53:36,059 - DEBUG - [chan 0] open(b'/home/kevin/test/lib/markdown_it_py-4.0.0.dist-info/WHEEL', 'wb')
2026-02-12 01:53:36,060 - DEBUG - [chan 0] open(b'/home/kevin/test/lib/markdown_it_py-4.0.0.dist-info/WHEEL', 'wb') -> 00000000
2026-02-12 01:53:36,060 - DEBUG - Progress: 82/82 bytes
2026-02-12 01:53:36,060 - DEBUG - [chan 0] close(00000000)
2026-02-12 01:53:36,061 - DEBUG - [chan 0] stat(b'/home/kevin/test/lib/markdown_it_py-4.0.0.dist-info/WHEEL')
2026-02-12 01:53:36,063 - INFO - Upload completed successfully: WHEEL
2026-02-12 01:53:36,063 - INFO - Starting upload: lib/markdown_it_py-4.0.0.dist-info/entry_points.txt -> /home/kevin/test/lib/markdown_it_py-4.0.0.dist-info/entry_points.txt (58 bytes)
2026-02-12 01:53:36,066 - DEBUG - [chan 0] open(b'/home/kevin/test/lib/markdown_it_py-4.0.0.dist-info/entry_points.txt', 'wb')
2026-02-12 01:53:36,067 - DEBUG - [chan 0] open(b'/home/kevin/test/lib/markdown_it_py-4.0.0.dist-info/entry_points.txt', 'wb') -> 00000000
2026-02-12 01:53:36,067 - DEBUG - Progress: 58/58 bytes
2026-02-12 01:53:36,067 - DEBUG - [chan 0] close(00000000)
2026-02-12 01:53:36,068 - DEBUG - [chan 0] stat(b'/home/kevin/test/lib/markdown_it_py-4.0.0.dist-info/entry_points.txt')
2026-02-12 01:53:36,071 - INFO - Upload completed successfully: entry_points.txt
2026-02-12 01:53:36,071 - DEBUG - [chan 0] mkdir(b'/home/kevin/test/lib/markdown_it_py-4.0.0.dist-info/licenses', 511)
2026-02-12 01:53:36,072 - INFO - Created remote folder: /home/kevin/test/lib/markdown_it_py-4.0.0.dist-info/licenses
2026-02-12 01:53:36,072 - INFO - Starting upload: lib/markdown_it_py-4.0.0.dist-info/licenses/LICENSE.markdown-it -> /home/kevin/test/lib/markdown_it_py-4.0.0.dist-info/licenses/LICENSE.markdown-it (1073 bytes)
2026-02-12 01:53:36,073 - DEBUG - [chan 0] open(b'/home/kevin/test/lib/markdown_it_py-4.0.0.dist-info/licenses/LICENSE.markdown-it', 'wb')
2026-02-12 01:53:36,074 - DEBUG - [chan 0] open(b'/home/kevin/test/lib/markdown_it_py-4.0.0.dist-info/licenses/LICENSE.markdown-it', 'wb') -> 00000000
2026-02-12 01:53:36,074 - DEBUG - Progress: 1073/1073 bytes
2026-02-12 01:53:36,074 - DEBUG - [chan 0] close(00000000)
2026-02-12 01:53:36,075 - DEBUG - [chan 0] stat(b'/home/kevin/test/lib/markdown_it_py-4.0.0.dist-info/licenses/LICENSE.markdown-it')
2026-02-12 01:53:36,077 - INFO - Upload completed successfully: LICENSE.markdown-it
2026-02-12 01:53:36,077 - INFO - Starting upload: lib/markdown_it_py-4.0.0.dist-info/licenses/LICENSE -> /home/kevin/test/lib/markdown_it_py-4.0.0.dist-info/licenses/LICENSE (1078 bytes)
2026-02-12 01:53:36,079 - DEBUG - [chan 0] open(b'/home/kevin/test/lib/markdown_it_py-4.0.0.dist-info/licenses/LICENSE', 'wb')
2026-02-12 01:53:36,080 - DEBUG - [chan 0] open(b'/home/kevin/test/lib/markdown_it_py-4.0.0.dist-info/licenses/LICENSE', 'wb') -> 00000000
2026-02-12 01:53:36,080 - DEBUG - Progress: 1078/1078 bytes
2026-02-12 01:53:36,080 - DEBUG - [chan 0] close(00000000)
2026-02-12 01:53:36,081 - DEBUG - [chan 0] stat(b'/home/kevin/test/lib/markdown_it_py-4.0.0.dist-info/licenses/LICENSE')
2026-02-12 01:53:36,082 - INFO - Upload completed successfully: LICENSE
2026-02-12 01:53:36,082 - DEBUG - [chan 0] mkdir(b'/home/kevin/test/lib/markdown_it', 511)
2026-02-12 01:53:36,083 - INFO - Created remote folder: /home/kevin/test/lib/markdown_it
2026-02-12 01:53:36,083 - INFO - Starting upload: lib/markdown_it/utils.py -> /home/kevin/test/lib/markdown_it/utils.py (5687 bytes)
2026-02-12 01:53:36,084 - DEBUG - [chan 0] open(b'/home/kevin/test/lib/markdown_it/utils.py', 'wb')
2026-02-12 01:53:36,085 - DEBUG - [chan 0] open(b'/home/kevin/test/lib/markdown_it/utils.py', 'wb') -> 00000000
2026-02-12 01:53:36,085 - DEBUG - Progress: 5687/5687 bytes
2026-02-12 01:53:36,085 - DEBUG - [chan 0] close(00000000)
2026-02-12 01:53:36,086 - DEBUG - [chan 0] stat(b'/home/kevin/test/lib/markdown_it/utils.py')
2026-02-12 01:53:36,088 - INFO - Upload completed successfully: utils.py
2026-02-12 01:53:36,089 - INFO - Starting upload: lib/markdown_it/tree.py -> /home/kevin/test/lib/markdown_it/tree.py (11111 bytes)
2026-02-12 01:53:36,091 - DEBUG - [chan 0] open(b'/home/kevin/test/lib/markdown_it/tree.py', 'wb')
2026-02-12 01:53:36,092 - DEBUG - [chan 0] open(b'/home/kevin/test/lib/markdown_it/tree.py', 'wb') -> 00000000
2026-02-12 01:53:36,092 - DEBUG - Progress: 11111/11111 bytes
2026-02-12 01:53:36,092 - DEBUG - [chan 0] close(00000000)
2026-02-12 01:53:36,094 - DEBUG - [chan 0] stat(b'/home/kevin/test/lib/markdown_it/tree.py')
2026-02-12 01:53:36,096 - INFO - Upload completed successfully: tree.py
2026-02-12 01:53:36,096 - INFO - Starting upload: lib/markdown_it/token.py -> /home/kevin/test/lib/markdown_it/token.py (6381 bytes)
2026-02-12 01:53:36,097 - DEBUG - [chan 0] open(b'/home/kevin/test/lib/markdown_it/token.py', 'wb')
2026-02-12 01:53:36,098 - DEBUG - [chan 0] open(b'/home/kevin/test/lib/markdown_it/token.py', 'wb') -> 00000000
2026-02-12 01:53:36,098 - DEBUG - Progress: 6381/6381 bytes
2026-02-12 01:53:36,098 - DEBUG - [chan 0] close(00000000)
2026-02-12 01:53:36,099 - DEBUG - [chan 0] stat(b'/home/kevin/test/lib/markdown_it/token.py')
2026-02-12 01:53:36,101 - INFO - Upload completed successfully: token.py
2026-02-12 01:53:36,101 - INFO - Starting upload: lib/markdown_it/ruler.py -> /home/kevin/test/lib/markdown_it/ruler.py (9142 bytes)
2026-02-12 01:53:36,103 - DEBUG - [chan 0] open(b'/home/kevin/test/lib/markdown_it/ruler.py', 'wb')
2026-02-12 01:53:36,103 - DEBUG - [chan 0] open(b'/home/kevin/test/lib/markdown_it/ruler.py', 'wb') -> 00000000
2026-02-12 01:53:36,103 - DEBUG - Progress: 9142/9142 bytes
2026-02-12 01:53:36,103 - DEBUG - [chan 0] close(00000000)
2026-02-12 01:53:36,105 - DEBUG - [chan 0] stat(b'/home/kevin/test/lib/markdown_it/ruler.py')
2026-02-12 01:53:36,106 - INFO - Upload completed successfully: ruler.py
2026-02-12 01:53:36,106 - INFO - Starting upload: lib/markdown_it/renderer.py -> /home/kevin/test/lib/markdown_it/renderer.py (9947 bytes)
2026-02-12 01:53:36,108 - DEBUG - [chan 0] open(b'/home/kevin/test/lib/markdown_it/renderer.py', 'wb')
2026-02-12 01:53:36,109 - DEBUG - [chan 0] open(b'/home/kevin/test/lib/markdown_it/renderer.py', 'wb') -> 00000000
2026-02-12 01:53:36,109 - DEBUG - Progress: 9947/9947 bytes
2026-02-12 01:53:36,109 - DEBUG - [chan 0] close(00000000)
2026-02-12 01:53:36,110 - DEBUG - [chan 0] stat(b'/home/kevin/test/lib/markdown_it/renderer.py')
2026-02-12 01:53:36,112 - INFO - Upload completed successfully: renderer.py
2026-02-12 01:53:36,112 - INFO - Starting upload: lib/markdown_it/py.typed -> /home/kevin/test/lib/markdown_it/py.typed (26 bytes)
2026-02-12 01:53:36,114 - DEBUG - [chan 0] open(b'/home/kevin/test/lib/markdown_it/py.typed', 'wb')
2026-02-12 01:53:36,114 - DEBUG - [chan 0] open(b'/home/kevin/test/lib/markdown_it/py.typed', 'wb') -> 00000000
2026-02-12 01:53:36,114 - DEBUG - Progress: 26/26 bytes
2026-02-12 01:53:36,114 - DEBUG - [chan 0] close(00000000)
2026-02-12 01:53:36,115 - DEBUG - [chan 0] stat(b'/home/kevin/test/lib/markdown_it/py.typed')
2026-02-12 01:53:36,117 - INFO - Upload completed successfully: py.typed
2026-02-12 01:53:36,117 - INFO - Starting upload: lib/markdown_it/port.yaml -> /home/kevin/test/lib/markdown_it/port.yaml (2447 bytes)
2026-02-12 01:53:36,118 - DEBUG - [chan 0] open(b'/home/kevin/test/lib/markdown_it/port.yaml', 'wb')
2026-02-12 01:53:36,119 - DEBUG - [chan 0] open(b'/home/kevin/test/lib/markdown_it/port.yaml', 'wb') -> 00000000
2026-02-12 01:53:36,119 - DEBUG - Progress: 2447/2447 bytes
2026-02-12 01:53:36,119 - DEBUG - [chan 0] close(00000000)
2026-02-12 01:53:36,120 - DEBUG - [chan 0] stat(b'/home/kevin/test/lib/markdown_it/port.yaml')
2026-02-12 01:53:36,122 - INFO - Upload completed successfully: port.yaml
2026-02-12 01:53:36,122 - INFO - Starting upload: lib/markdown_it/parser_inline.py -> /home/kevin/test/lib/markdown_it/parser_inline.py (5024 bytes)
2026-02-12 01:53:36,123 - DEBUG - [chan 0] open(b'/home/kevin/test/lib/markdown_it/parser_inline.py', 'wb')
2026-02-12 01:53:36,124 - DEBUG - [chan 0] open(b'/home/kevin/test/lib/markdown_it/parser_inline.py', 'wb') -> 00000000
2026-02-12 01:53:36,124 - DEBUG - Progress: 5024/5024 bytes
2026-02-12 01:53:36,124 - DEBUG - [chan 0] close(00000000)
2026-02-12 01:53:36,126 - DEBUG - [chan 0] stat(b'/home/kevin/test/lib/markdown_it/parser_inline.py')
2026-02-12 01:53:36,127 - INFO - Upload completed successfully: parser_inline.py
2026-02-12 01:53:36,128 - INFO - Starting upload: lib/markdown_it/parser_core.py -> /home/kevin/test/lib/markdown_it/parser_core.py (1016 bytes)
2026-02-12 01:53:36,129 - DEBUG - [chan 0] open(b'/home/kevin/test/lib/markdown_it/parser_core.py', 'wb')
2026-02-12 01:53:36,130 - DEBUG - [chan 0] open(b'/home/kevin/test/lib/markdown_it/parser_core.py', 'wb') -> 00000000
2026-02-12 01:53:36,130 - DEBUG - Progress: 1016/1016 bytes
2026-02-12 01:53:36,130 - DEBUG - [chan 0] close(00000000)
2026-02-12 01:53:36,131 - DEBUG - [chan 0] stat(b'/home/kevin/test/lib/markdown_it/parser_core.py')
2026-02-12 01:53:36,132 - INFO - Upload completed successfully: parser_core.py
2026-02-12 01:53:36,132 - INFO - Starting upload: lib/markdown_it/parser_block.py -> /home/kevin/test/lib/markdown_it/parser_block.py (3939 bytes)
2026-02-12 01:53:36,134 - DEBUG - [chan 0] open(b'/home/kevin/test/lib/markdown_it/parser_block.py', 'wb')
2026-02-12 01:53:36,134 - DEBUG - [chan 0] open(b'/home/kevin/test/lib/markdown_it/parser_block.py', 'wb') -> 00000000
2026-02-12 01:53:36,135 - DEBUG - Progress: 3939/3939 bytes
2026-02-12 01:53:36,135 - DEBUG - [chan 0] close(00000000)
2026-02-12 01:53:36,136 - DEBUG - [chan 0] stat(b'/home/kevin/test/lib/markdown_it/parser_block.py')
2026-02-12 01:53:36,138 - INFO - Upload completed successfully: parser_block.py
2026-02-12 01:53:36,138 - INFO - Starting upload: lib/markdown_it/main.py -> /home/kevin/test/lib/markdown_it/main.py (12732 bytes)
2026-02-12 01:53:36,139 - DEBUG - [chan 0] open(b'/home/kevin/test/lib/markdown_it/main.py', 'wb')
2026-02-12 01:53:36,140 - DEBUG - [chan 0] open(b'/home/kevin/test/lib/markdown_it/main.py', 'wb') -> 00000000
2026-02-12 01:53:36,140 - DEBUG - Progress: 12732/12732 bytes
2026-02-12 01:53:36,140 - DEBUG - [chan 0] close(00000000)
2026-02-12 01:53:36,144 - DEBUG - [chan 0] stat(b'/home/kevin/test/lib/markdown_it/main.py')
2026-02-12 01:53:36,146 - INFO - Upload completed successfully: main.py
2026-02-12 01:53:36,146 - INFO - Starting upload: lib/markdown_it/_punycode.py -> /home/kevin/test/lib/markdown_it/_punycode.py (2373 bytes)
2026-02-12 01:53:36,148 - DEBUG - [chan 0] open(b'/home/kevin/test/lib/markdown_it/_punycode.py', 'wb')
2026-02-12 01:53:36,148 - DEBUG - [chan 0] open(b'/home/kevin/test/lib/markdown_it/_punycode.py', 'wb') -> 00000000
2026-02-12 01:53:36,148 - DEBUG - Progress: 2373/2373 bytes
2026-02-12 01:53:36,149 - DEBUG - [chan 0] close(00000000)
2026-02-12 01:53:36,150 - DEBUG - [chan 0] stat(b'/home/kevin/test/lib/markdown_it/_punycode.py')
2026-02-12 01:53:36,152 - INFO - Upload completed successfully: _punycode.py
2026-02-12 01:53:36,152 - INFO - Starting upload: lib/markdown_it/_compat.py -> /home/kevin/test/lib/markdown_it/_compat.py (35 bytes)
2026-02-12 01:53:36,153 - DEBUG - [chan 0] open(b'/home/kevin/test/lib/markdown_it/_compat.py', 'wb')
2026-02-12 01:53:36,154 - DEBUG - [chan 0] open(b'/home/kevin/test/lib/markdown_it/_compat.py', 'wb') -> 00000000
2026-02-12 01:53:36,154 - DEBUG - Progress: 35/35 bytes
2026-02-12 01:53:36,154 - DEBUG - [chan 0] close(00000000)
2026-02-12 01:53:36,155 - DEBUG - [chan 0] stat(b'/home/kevin/test/lib/markdown_it/_compat.py')
2026-02-12 01:53:36,157 - INFO - Upload completed successfully: _compat.py
2026-02-12 01:53:36,157 - INFO - Starting upload: lib/markdown_it/__init__.py -> /home/kevin/test/lib/markdown_it/__init__.py (114 bytes)
2026-02-12 01:53:36,159 - DEBUG - [chan 0] open(b'/home/kevin/test/lib/markdown_it/__init__.py', 'wb')
2026-02-12 01:53:36,159 - DEBUG - [chan 0] open(b'/home/kevin/test/lib/markdown_it/__init__.py', 'wb') -> 00000000
2026-02-12 01:53:36,159 - DEBUG - Progress: 114/114 bytes
2026-02-12 01:53:36,159 - DEBUG - [chan 0] close(00000000)
2026-02-12 01:53:36,160 - DEBUG - [chan 0] stat(b'/home/kevin/test/lib/markdown_it/__init__.py')
2026-02-12 01:53:36,162 - INFO - Upload completed successfully: __init__.py
2026-02-12 01:53:36,162 - DEBUG - [chan 0] mkdir(b'/home/kevin/test/lib/markdown_it/__pycache__', 511)
2026-02-12 01:53:36,162 - INFO - Created remote folder: /home/kevin/test/lib/markdown_it/__pycache__
2026-02-12 01:53:36,163 - INFO - Starting upload: lib/markdown_it/__pycache__/utils.cpython-314.pyc -> /home/kevin/test/lib/markdown_it/__pycache__/utils.cpython-314.pyc (12168 bytes)
2026-02-12 01:53:36,164 - DEBUG - [chan 0] open(b'/home/kevin/test/lib/markdown_it/__pycache__/utils.cpython-314.pyc', 'wb')
2026-02-12 01:53:36,165 - DEBUG - [chan 0] open(b'/home/kevin/test/lib/markdown_it/__pycache__/utils.cpython-314.pyc', 'wb') -> 00000000
2026-02-12 01:53:36,165 - DEBUG - Progress: 12168/12168 bytes
2026-02-12 01:53:36,165 - DEBUG - [chan 0] close(00000000)
2026-02-12 01:53:36,167 - DEBUG - [chan 0] stat(b'/home/kevin/test/lib/markdown_it/__pycache__/utils.cpython-314.pyc')
2026-02-12 01:53:36,169 - INFO - Upload completed successfully: utils.cpython-314.pyc
2026-02-12 01:53:36,169 - INFO - Starting upload: lib/markdown_it/__pycache__/tree.cpython-314.pyc -> /home/kevin/test/lib/markdown_it/__pycache__/tree.cpython-314.pyc (20233 bytes)
2026-02-12 01:53:36,171 - DEBUG - [chan 0] open(b'/home/kevin/test/lib/markdown_it/__pycache__/tree.cpython-314.pyc', 'wb')
2026-02-12 01:53:36,171 - DEBUG - [chan 0] open(b'/home/kevin/test/lib/markdown_it/__pycache__/tree.cpython-314.pyc', 'wb') -> 00000000
2026-02-12 01:53:36,171 - DEBUG - Progress: 20233/20233 bytes
2026-02-12 01:53:36,171 - DEBUG - [chan 0] close(00000000)
2026-02-12 01:53:36,174 - DEBUG - [chan 0] stat(b'/home/kevin/test/lib/markdown_it/__pycache__/tree.cpython-314.pyc')
2026-02-12 01:53:36,176 - INFO - Upload completed successfully: tree.cpython-314.pyc
2026-02-12 01:53:36,176 - INFO - Starting upload: lib/markdown_it/__pycache__/token.cpython-314.pyc -> /home/kevin/test/lib/markdown_it/__pycache__/token.cpython-314.pyc (9432 bytes)
2026-02-12 01:53:36,177 - DEBUG - [chan 0] open(b'/home/kevin/test/lib/markdown_it/__pycache__/token.cpython-314.pyc', 'wb')
2026-02-12 01:53:36,178 - DEBUG - [chan 0] open(b'/home/kevin/test/lib/markdown_it/__pycache__/token.cpython-314.pyc', 'wb') -> 00000000
2026-02-12 01:53:36,178 - DEBUG - Progress: 9432/9432 bytes
2026-02-12 01:53:36,178 - DEBUG - [chan 0] close(00000000)
2026-02-12 01:53:36,180 - DEBUG - [chan 0] stat(b'/home/kevin/test/lib/markdown_it/__pycache__/token.cpython-314.pyc')
2026-02-12 01:53:36,181 - INFO - Upload completed successfully: token.cpython-314.pyc
2026-02-12 01:53:36,181 - INFO - Starting upload: lib/markdown_it/__pycache__/ruler.cpython-314.pyc -> /home/kevin/test/lib/markdown_it/__pycache__/ruler.cpython-314.pyc (14535 bytes)
2026-02-12 01:53:36,183 - DEBUG - [chan 0] open(b'/home/kevin/test/lib/markdown_it/__pycache__/ruler.cpython-314.pyc', 'wb')
2026-02-12 01:53:36,184 - DEBUG - [chan 0] open(b'/home/kevin/test/lib/markdown_it/__pycache__/ruler.cpython-314.pyc', 'wb') -> 00000000
2026-02-12 01:53:36,184 - DEBUG - Progress: 14535/14535 bytes
2026-02-12 01:53:36,184 - DEBUG - [chan 0] close(00000000)
2026-02-12 01:53:36,186 - DEBUG - [chan 0] stat(b'/home/kevin/test/lib/markdown_it/__pycache__/ruler.cpython-314.pyc')
2026-02-12 01:53:36,188 - INFO - Upload completed successfully: ruler.cpython-314.pyc
2026-02-12 01:53:36,188 - INFO - Starting upload: lib/markdown_it/__pycache__/renderer.cpython-314.pyc -> /home/kevin/test/lib/markdown_it/__pycache__/renderer.cpython-314.pyc (14304 bytes)
2026-02-12 01:53:36,189 - DEBUG - [chan 0] open(b'/home/kevin/test/lib/markdown_it/__pycache__/renderer.cpython-314.pyc', 'wb')
2026-02-12 01:53:36,190 - DEBUG - [chan 0] open(b'/home/kevin/test/lib/markdown_it/__pycache__/renderer.cpython-314.pyc', 'wb') -> 00000000
2026-02-12 01:53:36,190 - DEBUG - Progress: 14304/14304 bytes
2026-02-12 01:53:36,190 - DEBUG - [chan 0] close(00000000)
2026-02-12 01:53:36,192 - DEBUG - [chan 0] stat(b'/home/kevin/test/lib/markdown_it/__pycache__/renderer.cpython-314.pyc')
2026-02-12 01:53:36,194 - INFO - Upload completed successfully: renderer.cpython-314.pyc
2026-02-12 01:53:36,194 - INFO - Starting upload: lib/markdown_it/__pycache__/parser_inline.cpython-314.pyc -> /home/kevin/test/lib/markdown_it/__pycache__/parser_inline.cpython-314.pyc (6069 bytes)
2026-02-12 01:53:36,195 - DEBUG - [chan 0] open(b'/home/kevin/test/lib/markdown_it/__pycache__/parser_inline.cpython-314.pyc', 'wb')
2026-02-12 01:53:36,196 - DEBUG - [chan 0] open(b'/home/kevin/test/lib/markdown_it/__pycache__/parser_inline.cpython-314.pyc', 'wb') -> 00000000
2026-02-12 01:53:36,196 - DEBUG - Progress: 6069/6069 bytes
2026-02-12 01:53:36,196 - DEBUG - [chan 0] close(00000000)
2026-02-12 01:53:36,197 - DEBUG - [chan 0] stat(b'/home/kevin/test/lib/markdown_it/__pycache__/parser_inline.cpython-314.pyc')
2026-02-12 01:53:36,199 - INFO - Upload completed successfully: parser_inline.cpython-314.pyc
2026-02-12 01:53:36,199 - INFO - Starting upload: lib/markdown_it/__pycache__/parser_core.cpython-314.pyc -> /home/kevin/test/lib/markdown_it/__pycache__/parser_core.cpython-314.pyc (2199 bytes)
2026-02-12 01:53:36,201 - DEBUG - [chan 0] open(b'/home/kevin/test/lib/markdown_it/__pycache__/parser_core.cpython-314.pyc', 'wb')
2026-02-12 01:53:36,201 - DEBUG - [chan 0] open(b'/home/kevin/test/lib/markdown_it/__pycache__/parser_core.cpython-314.pyc', 'wb') -> 00000000
2026-02-12 01:53:36,202 - DEBUG - Progress: 2199/2199 bytes
2026-02-12 01:53:36,202 - DEBUG - [chan 0] close(00000000)
2026-02-12 01:53:36,203 - DEBUG - [chan 0] stat(b'/home/kevin/test/lib/markdown_it/__pycache__/parser_core.cpython-314.pyc')
2026-02-12 01:53:36,205 - INFO - Upload completed successfully: parser_core.cpython-314.pyc
2026-02-12 01:53:36,205 - INFO - Starting upload: lib/markdown_it/__pycache__/parser_block.cpython-314.pyc -> /home/kevin/test/lib/markdown_it/__pycache__/parser_block.cpython-314.pyc (4677 bytes)
2026-02-12 01:53:36,206 - DEBUG - [chan 0] open(b'/home/kevin/test/lib/markdown_it/__pycache__/parser_block.cpython-314.pyc', 'wb')
2026-02-12 01:53:36,207 - DEBUG - [chan 0] open(b'/home/kevin/test/lib/markdown_it/__pycache__/parser_block.cpython-314.pyc', 'wb') -> 00000000
2026-02-12 01:53:36,207 - DEBUG - Progress: 4677/4677 bytes
2026-02-12 01:53:36,207 - DEBUG - [chan 0] close(00000000)
2026-02-12 01:53:36,209 - DEBUG - [chan 0] stat(b'/home/kevin/test/lib/markdown_it/__pycache__/parser_block.cpython-314.pyc')
2026-02-12 01:53:36,210 - INFO - Upload completed successfully: parser_block.cpython-314.pyc
2026-02-12 01:53:36,211 - INFO - Starting upload: lib/markdown_it/__pycache__/main.cpython-314.pyc -> /home/kevin/test/lib/markdown_it/__pycache__/main.cpython-314.pyc (20032 bytes)
2026-02-12 01:53:36,212 - DEBUG - [chan 0] open(b'/home/kevin/test/lib/markdown_it/__pycache__/main.cpython-314.pyc', 'wb')
2026-02-12 01:53:36,212 - DEBUG - [chan 0] open(b'/home/kevin/test/lib/markdown_it/__pycache__/main.cpython-314.pyc', 'wb') -> 00000000
2026-02-12 01:53:36,213 - DEBUG - Progress: 20032/20032 bytes
2026-02-12 01:53:36,213 - DEBUG - [chan 0] close(00000000)
2026-02-12 01:53:36,215 - DEBUG - [chan 0] stat(b'/home/kevin/test/lib/markdown_it/__pycache__/main.cpython-314.pyc')
2026-02-12 01:53:36,217 - INFO - Upload completed successfully: main.cpython-314.pyc
2026-02-12 01:53:36,217 - INFO - Starting upload: lib/markdown_it/__pycache__/_punycode.cpython-314.pyc -> /home/kevin/test/lib/markdown_it/__pycache__/_punycode.cpython-314.pyc (3654 bytes)
2026-02-12 01:53:36,219 - DEBUG - [chan 0] open(b'/home/kevin/test/lib/markdown_it/__pycache__/_punycode.cpython-314.pyc', 'wb')
2026-02-12 01:53:36,220 - DEBUG - [chan 0] open(b'/home/kevin/test/lib/markdown_it/__pycache__/_punycode.cpython-314.pyc', 'wb') -> 00000000
2026-02-12 01:53:36,220 - DEBUG - Progress: 3654/3654 bytes
2026-02-12 01:53:36,220 - DEBUG - [chan 0] close(00000000)
2026-02-12 01:53:36,221 - DEBUG - [chan 0] stat(b'/home/kevin/test/lib/markdown_it/__pycache__/_punycode.cpython-314.pyc')
2026-02-12 01:53:36,223 - INFO - Upload completed successfully: _punycode.cpython-314.pyc
2026-02-12 01:53:36,223 - INFO - Starting upload: lib/markdown_it/__pycache__/_compat.cpython-314.pyc -> /home/kevin/test/lib/markdown_it/__pycache__/_compat.cpython-314.pyc (206 bytes)
2026-02-12 01:53:36,225 - DEBUG - [chan 0] open(b'/home/kevin/test/lib/markdown_it/__pycache__/_compat.cpython-314.pyc', 'wb')
2026-02-12 01:53:36,225 - DEBUG - [chan 0] open(b'/home/kevin/test/lib/markdown_it/__pycache__/_compat.cpython-314.pyc', 'wb') -> 00000000
2026-02-12 01:53:36,225 - DEBUG - Progress: 206/206 bytes
2026-02-12 01:53:36,225 - DEBUG - [chan 0] close(00000000)
2026-02-12 01:53:36,226 - DEBUG - [chan 0] stat(b'/home/kevin/test/lib/markdown_it/__pycache__/_compat.cpython-314.pyc')
2026-02-12 01:53:36,227 - INFO - Upload completed successfully: _compat.cpython-314.pyc
2026-02-12 01:53:36,228 - INFO - Starting upload: lib/markdown_it/__pycache__/__init__.cpython-314.pyc -> /home/kevin/test/lib/markdown_it/__pycache__/__init__.cpython-314.pyc (288 bytes)
2026-02-12 01:53:36,229 - DEBUG - [chan 0] open(b'/home/kevin/test/lib/markdown_it/__pycache__/__init__.cpython-314.pyc', 'wb')
2026-02-12 01:53:36,229 - DEBUG - [chan 0] open(b'/home/kevin/test/lib/markdown_it/__pycache__/__init__.cpython-314.pyc', 'wb') -> 00000000
2026-02-12 01:53:36,230 - DEBUG - Progress: 288/288 bytes
2026-02-12 01:53:36,230 - DEBUG - [chan 0] close(00000000)
2026-02-12 01:53:36,230 - DEBUG - [chan 0] stat(b'/home/kevin/test/lib/markdown_it/__pycache__/__init__.cpython-314.pyc')
2026-02-12 01:53:36,232 - INFO - Upload completed successfully: __init__.cpython-314.pyc
2026-02-12 01:53:36,232 - DEBUG - [chan 0] mkdir(b'/home/kevin/test/lib/markdown_it/rules_inline', 511)
2026-02-12 01:53:36,233 - INFO - Created remote folder: /home/kevin/test/lib/markdown_it/rules_inline
2026-02-12 01:53:36,233 - INFO - Starting upload: lib/markdown_it/rules_inline/text.py -> /home/kevin/test/lib/markdown_it/rules_inline/text.py (1119 bytes)
2026-02-12 01:53:36,235 - DEBUG - [chan 0] open(b'/home/kevin/test/lib/markdown_it/rules_inline/text.py', 'wb')
2026-02-12 01:53:36,236 - DEBUG - [chan 0] open(b'/home/kevin/test/lib/markdown_it/rules_inline/text.py', 'wb') -> 00000000
2026-02-12 01:53:36,236 - DEBUG - Progress: 1119/1119 bytes
2026-02-12 01:53:36,236 - DEBUG - [chan 0] close(00000000)
2026-02-12 01:53:36,237 - DEBUG - [chan 0] stat(b'/home/kevin/test/lib/markdown_it/rules_inline/text.py')
2026-02-12 01:53:36,238 - INFO - Upload completed successfully: text.py
2026-02-12 01:53:36,238 - INFO - Starting upload: lib/markdown_it/rules_inline/strikethrough.py -> /home/kevin/test/lib/markdown_it/rules_inline/strikethrough.py (3214 bytes)
2026-02-12 01:53:36,240 - DEBUG - [chan 0] open(b'/home/kevin/test/lib/markdown_it/rules_inline/strikethrough.py', 'wb')
2026-02-12 01:53:36,240 - DEBUG - [chan 0] open(b'/home/kevin/test/lib/markdown_it/rules_inline/strikethrough.py', 'wb') -> 00000000
2026-02-12 01:53:36,241 - DEBUG - Progress: 3214/3214 bytes
2026-02-12 01:53:36,241 - DEBUG - [chan 0] close(00000000)
2026-02-12 01:53:36,242 - DEBUG - [chan 0] stat(b'/home/kevin/test/lib/markdown_it/rules_inline/strikethrough.py')
2026-02-12 01:53:36,244 - INFO - Upload completed successfully: strikethrough.py
2026-02-12 01:53:36,244 - INFO - Starting upload: lib/markdown_it/rules_inline/state_inline.py -> /home/kevin/test/lib/markdown_it/rules_inline/state_inline.py (5003 bytes)
2026-02-12 01:53:36,245 - DEBUG - [chan 0] open(b'/home/kevin/test/lib/markdown_it/rules_inline/state_inline.py', 'wb')
2026-02-12 01:53:36,246 - DEBUG - [chan 0] open(b'/home/kevin/test/lib/markdown_it/rules_inline/state_inline.py', 'wb') -> 00000000
2026-02-12 01:53:36,246 - DEBUG - Progress: 5003/5003 bytes
2026-02-12 01:53:36,246 - DEBUG - [chan 0] close(00000000)
2026-02-12 01:53:36,247 - DEBUG - [chan 0] stat(b'/home/kevin/test/lib/markdown_it/rules_inline/state_inline.py')
2026-02-12 01:53:36,251 - INFO - Upload completed successfully: state_inline.py
2026-02-12 01:53:36,251 - INFO - Starting upload: lib/markdown_it/rules_inline/newline.py -> /home/kevin/test/lib/markdown_it/rules_inline/newline.py (1297 bytes)
2026-02-12 01:53:36,253 - DEBUG - [chan 0] open(b'/home/kevin/test/lib/markdown_it/rules_inline/newline.py', 'wb')
2026-02-12 01:53:36,253 - DEBUG - [chan 0] open(b'/home/kevin/test/lib/markdown_it/rules_inline/newline.py', 'wb') -> 00000000
2026-02-12 01:53:36,253 - DEBUG - Progress: 1297/1297 bytes
2026-02-12 01:53:36,254 - DEBUG - [chan 0] close(00000000)
2026-02-12 01:53:36,254 - DEBUG - [chan 0] stat(b'/home/kevin/test/lib/markdown_it/rules_inline/newline.py')
2026-02-12 01:53:36,256 - INFO - Upload completed successfully: newline.py
2026-02-12 01:53:36,256 - INFO - Starting upload: lib/markdown_it/rules_inline/linkify.py -> /home/kevin/test/lib/markdown_it/rules_inline/linkify.py (1706 bytes)
2026-02-12 01:53:36,257 - DEBUG - [chan 0] open(b'/home/kevin/test/lib/markdown_it/rules_inline/linkify.py', 'wb')
2026-02-12 01:53:36,258 - DEBUG - [chan 0] open(b'/home/kevin/test/lib/markdown_it/rules_inline/linkify.py', 'wb') -> 00000000
2026-02-12 01:53:36,258 - DEBUG - Progress: 1706/1706 bytes
2026-02-12 01:53:36,258 - DEBUG - [chan 0] close(00000000)
2026-02-12 01:53:36,259 - DEBUG - [chan 0] stat(b'/home/kevin/test/lib/markdown_it/rules_inline/linkify.py')
2026-02-12 01:53:36,261 - INFO - Upload completed successfully: linkify.py
2026-02-12 01:53:36,261 - INFO - Starting upload: lib/markdown_it/rules_inline/link.py -> /home/kevin/test/lib/markdown_it/rules_inline/link.py (4258 bytes)
2026-02-12 01:53:36,263 - DEBUG - [chan 0] open(b'/home/kevin/test/lib/markdown_it/rules_inline/link.py', 'wb')
2026-02-12 01:53:36,263 - DEBUG - [chan 0] open(b'/home/kevin/test/lib/markdown_it/rules_inline/link.py', 'wb') -> 00000000
2026-02-12 01:53:36,263 - DEBUG - Progress: 4258/4258 bytes
2026-02-12 01:53:36,263 - DEBUG - [chan 0] close(00000000)
2026-02-12 01:53:36,265 - DEBUG - [chan 0] stat(b'/home/kevin/test/lib/markdown_it/rules_inline/link.py')
2026-02-12 01:53:36,266 - INFO - Upload completed successfully: link.py
2026-02-12 01:53:36,266 - INFO - Starting upload: lib/markdown_it/rules_inline/image.py -> /home/kevin/test/lib/markdown_it/rules_inline/image.py (4141 bytes)
2026-02-12 01:53:36,268 - DEBUG - [chan 0] open(b'/home/kevin/test/lib/markdown_it/rules_inline/image.py', 'wb')
2026-02-12 01:53:36,268 - DEBUG - [chan 0] open(b'/home/kevin/test/lib/markdown_it/rules_inline/image.py', 'wb') -> 00000000
2026-02-12 01:53:36,268 - DEBUG - Progress: 4141/4141 bytes
2026-02-12 01:53:36,268 - DEBUG - [chan 0] close(00000000)
2026-02-12 01:53:36,270 - DEBUG - [chan 0] stat(b'/home/kevin/test/lib/markdown_it/rules_inline/image.py')
2026-02-12 01:53:36,271 - INFO - Upload completed successfully: image.py
2026-02-12 01:53:36,271 - INFO - Starting upload: lib/markdown_it/rules_inline/html_inline.py -> /home/kevin/test/lib/markdown_it/rules_inline/html_inline.py (1130 bytes)
2026-02-12 01:53:36,273 - DEBUG - [chan 0] open(b'/home/kevin/test/lib/markdown_it/rules_inline/html_inline.py', 'wb')
2026-02-12 01:53:36,273 - DEBUG - [chan 0] open(b'/home/kevin/test/lib/markdown_it/rules_inline/html_inline.py', 'wb') -> 00000000
2026-02-12 01:53:36,273 - DEBUG - Progress: 1130/1130 bytes
2026-02-12 01:53:36,273 - DEBUG - [chan 0] close(00000000)
2026-02-12 01:53:36,274 - DEBUG - [chan 0] stat(b'/home/kevin/test/lib/markdown_it/rules_inline/html_inline.py')
2026-02-12 01:53:36,276 - INFO - Upload completed successfully: html_inline.py
2026-02-12 01:53:36,276 - INFO - Starting upload: lib/markdown_it/rules_inline/fragments_join.py -> /home/kevin/test/lib/markdown_it/rules_inline/fragments_join.py (1493 bytes)
2026-02-12 01:53:36,277 - DEBUG - [chan 0] open(b'/home/kevin/test/lib/markdown_it/rules_inline/fragments_join.py', 'wb')
2026-02-12 01:53:36,278 - DEBUG - [chan 0] open(b'/home/kevin/test/lib/markdown_it/rules_inline/fragments_join.py', 'wb') -> 00000000
2026-02-12 01:53:36,278 - DEBUG - Progress: 1493/1493 bytes
2026-02-12 01:53:36,278 - DEBUG - [chan 0] close(00000000)
2026-02-12 01:53:36,279 - DEBUG - [chan 0] stat(b'/home/kevin/test/lib/markdown_it/rules_inline/fragments_join.py')
2026-02-12 01:53:36,280 - INFO - Upload completed successfully: fragments_join.py
2026-02-12 01:53:36,281 - INFO - Starting upload: lib/markdown_it/rules_inline/escape.py -> /home/kevin/test/lib/markdown_it/rules_inline/escape.py (1659 bytes)
2026-02-12 01:53:36,282 - DEBUG - [chan 0] open(b'/home/kevin/test/lib/markdown_it/rules_inline/escape.py', 'wb')
2026-02-12 01:53:36,283 - DEBUG - [chan 0] open(b'/home/kevin/test/lib/markdown_it/rules_inline/escape.py', 'wb') -> 00000000
2026-02-12 01:53:36,283 - DEBUG - Progress: 1659/1659 bytes
2026-02-12 01:53:36,283 - DEBUG - [chan 0] close(00000000)
2026-02-12 01:53:36,284 - DEBUG - [chan 0] stat(b'/home/kevin/test/lib/markdown_it/rules_inline/escape.py')
2026-02-12 01:53:36,285 - INFO - Upload completed successfully: escape.py
2026-02-12 01:53:36,285 - INFO - Starting upload: lib/markdown_it/rules_inline/entity.py -> /home/kevin/test/lib/markdown_it/rules_inline/entity.py (1651 bytes)
2026-02-12 01:53:36,286 - DEBUG - [chan 0] open(b'/home/kevin/test/lib/markdown_it/rules_inline/entity.py', 'wb')
2026-02-12 01:53:36,287 - DEBUG - [chan 0] open(b'/home/kevin/test/lib/markdown_it/rules_inline/entity.py', 'wb') -> 00000000
2026-02-12 01:53:36,287 - DEBUG - Progress: 1651/1651 bytes
2026-02-12 01:53:36,287 - DEBUG - [chan 0] close(00000000)
2026-02-12 01:53:36,288 - DEBUG - [chan 0] stat(b'/home/kevin/test/lib/markdown_it/rules_inline/entity.py')
2026-02-12 01:53:36,290 - INFO - Upload completed successfully: entity.py
2026-02-12 01:53:36,290 - INFO - Starting upload: lib/markdown_it/rules_inline/emphasis.py -> /home/kevin/test/lib/markdown_it/rules_inline/emphasis.py (3123 bytes)
2026-02-12 01:53:36,292 - DEBUG - [chan 0] open(b'/home/kevin/test/lib/markdown_it/rules_inline/emphasis.py', 'wb')
2026-02-12 01:53:36,292 - DEBUG - [chan 0] open(b'/home/kevin/test/lib/markdown_it/rules_inline/emphasis.py', 'wb') -> 00000000
2026-02-12 01:53:36,292 - DEBUG - Progress: 3123/3123 bytes
2026-02-12 01:53:36,292 - DEBUG - [chan 0] close(00000000)
2026-02-12 01:53:36,294 - DEBUG - [chan 0] stat(b'/home/kevin/test/lib/markdown_it/rules_inline/emphasis.py')
2026-02-12 01:53:36,295 - INFO - Upload completed successfully: emphasis.py
2026-02-12 01:53:36,295 - INFO - Starting upload: lib/markdown_it/rules_inline/balance_pairs.py -> /home/kevin/test/lib/markdown_it/rules_inline/balance_pairs.py (4852 bytes)
2026-02-12 01:53:36,297 - DEBUG - [chan 0] open(b'/home/kevin/test/lib/markdown_it/rules_inline/balance_pairs.py', 'wb')
2026-02-12 01:53:36,297 - DEBUG - [chan 0] open(b'/home/kevin/test/lib/markdown_it/rules_inline/balance_pairs.py', 'wb') -> 00000000
2026-02-12 01:53:36,298 - DEBUG - Progress: 4852/4852 bytes
2026-02-12 01:53:36,298 - DEBUG - [chan 0] close(00000000)
2026-02-12 01:53:36,299 - DEBUG - [chan 0] stat(b'/home/kevin/test/lib/markdown_it/rules_inline/balance_pairs.py')
2026-02-12 01:53:36,301 - INFO - Upload completed successfully: balance_pairs.py
2026-02-12 01:53:36,301 - INFO - Starting upload: lib/markdown_it/rules_inline/backticks.py -> /home/kevin/test/lib/markdown_it/rules_inline/backticks.py (2037 bytes)
2026-02-12 01:53:36,302 - DEBUG - [chan 0] open(b'/home/kevin/test/lib/markdown_it/rules_inline/backticks.py', 'wb')
2026-02-12 01:53:36,303 - DEBUG - [chan 0] open(b'/home/kevin/test/lib/markdown_it/rules_inline/backticks.py', 'wb') -> 00000000
2026-02-12 01:53:36,303 - DEBUG - Progress: 2037/2037 bytes
2026-02-12 01:53:36,303 - DEBUG - [chan 0] close(00000000)
2026-02-12 01:53:36,304 - DEBUG - [chan 0] stat(b'/home/kevin/test/lib/markdown_it/rules_inline/backticks.py')
2026-02-12 01:53:36,306 - INFO - Upload completed successfully: backticks.py
2026-02-12 01:53:36,306 - INFO - Starting upload: lib/markdown_it/rules_inline/autolink.py -> /home/kevin/test/lib/markdown_it/rules_inline/autolink.py (2065 bytes)
2026-02-12 01:53:36,307 - DEBUG - [chan 0] open(b'/home/kevin/test/lib/markdown_it/rules_inline/autolink.py', 'wb')
2026-02-12 01:53:36,308 - DEBUG - [chan 0] open(b'/home/kevin/test/lib/markdown_it/rules_inline/autolink.py', 'wb') -> 00000000
2026-02-12 01:53:36,308 - DEBUG - Progress: 2065/2065 bytes
2026-02-12 01:53:36,308 - DEBUG - [chan 0] close(00000000)
2026-02-12 01:53:36,309 - DEBUG - [chan 0] stat(b'/home/kevin/test/lib/markdown_it/rules_inline/autolink.py')
2026-02-12 01:53:36,311 - INFO - Upload completed successfully: autolink.py
2026-02-12 01:53:36,311 - INFO - Starting upload: lib/markdown_it/rules_inline/__init__.py -> /home/kevin/test/lib/markdown_it/rules_inline/__init__.py (696 bytes)
2026-02-12 01:53:36,313 - DEBUG - [chan 0] open(b'/home/kevin/test/lib/markdown_it/rules_inline/__init__.py', 'wb')
2026-02-12 01:53:36,313 - DEBUG - [chan 0] open(b'/home/kevin/test/lib/markdown_it/rules_inline/__init__.py', 'wb') -> 00000000
2026-02-12 01:53:36,313 - DEBUG - Progress: 696/696 bytes
2026-02-12 01:53:36,313 - DEBUG - [chan 0] close(00000000)
2026-02-12 01:53:36,314 - DEBUG - [chan 0] stat(b'/home/kevin/test/lib/markdown_it/rules_inline/__init__.py')
2026-02-12 01:53:36,316 - INFO - Upload completed successfully: __init__.py
2026-02-12 01:53:36,316 - DEBUG - [chan 0] mkdir(b'/home/kevin/test/lib/markdown_it/rules_inline/__pycache__', 511)
2026-02-12 01:53:36,316 - INFO - Created remote folder: /home/kevin/test/lib/markdown_it/rules_inline/__pycache__
2026-02-12 01:53:36,317 - INFO - Starting upload: lib/markdown_it/rules_inline/__pycache__/text.cpython-314.pyc -> /home/kevin/test/lib/markdown_it/rules_inline/__pycache__/text.cpython-314.pyc (1835 bytes)
2026-02-12 01:53:36,318 - DEBUG - [chan 0] open(b'/home/kevin/test/lib/markdown_it/rules_inline/__pycache__/text.cpython-314.pyc', 'wb')
2026-02-12 01:53:36,319 - DEBUG - [chan 0] open(b'/home/kevin/test/lib/markdown_it/rules_inline/__pycache__/text.cpython-314.pyc', 'wb') -> 00000000
2026-02-12 01:53:36,319 - DEBUG - Progress: 1835/1835 bytes
2026-02-12 01:53:36,319 - DEBUG - [chan 0] close(00000000)
2026-02-12 01:53:36,319 - DEBUG - [chan 0] stat(b'/home/kevin/test/lib/markdown_it/rules_inline/__pycache__/text.cpython-314.pyc')
2026-02-12 01:53:36,321 - INFO - Upload completed successfully: text.cpython-314.pyc
2026-02-12 01:53:36,321 - INFO - Starting upload: lib/markdown_it/rules_inline/__pycache__/strikethrough.cpython-314.pyc -> /home/kevin/test/lib/markdown_it/rules_inline/__pycache__/strikethrough.cpython-314.pyc (4690 bytes)
2026-02-12 01:53:36,323 - DEBUG - [chan 0] open(b'/home/kevin/test/lib/markdown_it/rules_inline/__pycache__/strikethrough.cpython-314.pyc', 'wb')
2026-02-12 01:53:36,323 - DEBUG - [chan 0] open(b'/home/kevin/test/lib/markdown_it/rules_inline/__pycache__/strikethrough.cpython-314.pyc', 'wb') -> 00000000
2026-02-12 01:53:36,323 - DEBUG - Progress: 4690/4690 bytes
2026-02-12 01:53:36,323 - DEBUG - [chan 0] close(00000000)
2026-02-12 01:53:36,325 - DEBUG - [chan 0] stat(b'/home/kevin/test/lib/markdown_it/rules_inline/__pycache__/strikethrough.cpython-314.pyc')
2026-02-12 01:53:36,326 - INFO - Upload completed successfully: strikethrough.cpython-314.pyc
2026-02-12 01:53:36,326 - INFO - Starting upload: lib/markdown_it/rules_inline/__pycache__/state_inline.cpython-314.pyc -> /home/kevin/test/lib/markdown_it/rules_inline/__pycache__/state_inline.cpython-314.pyc (6994 bytes)
2026-02-12 01:53:36,328 - DEBUG - [chan 0] open(b'/home/kevin/test/lib/markdown_it/rules_inline/__pycache__/state_inline.cpython-314.pyc', 'wb')
2026-02-12 01:53:36,328 - DEBUG - [chan 0] open(b'/home/kevin/test/lib/markdown_it/rules_inline/__pycache__/state_inline.cpython-314.pyc', 'wb') -> 00000000
2026-02-12 01:53:36,328 - DEBUG - Progress: 6994/6994 bytes
2026-02-12 01:53:36,328 - DEBUG - [chan 0] close(00000000)
2026-02-12 01:53:36,330 - DEBUG - [chan 0] stat(b'/home/kevin/test/lib/markdown_it/rules_inline/__pycache__/state_inline.cpython-314.pyc')
2026-02-12 01:53:36,331 - INFO - Upload completed successfully: state_inline.cpython-314.pyc
2026-02-12 01:53:36,332 - INFO - Starting upload: lib/markdown_it/rules_inline/__pycache__/newline.cpython-314.pyc -> /home/kevin/test/lib/markdown_it/rules_inline/__pycache__/newline.cpython-314.pyc (1832 bytes)
2026-02-12 01:53:36,333 - DEBUG - [chan 0] open(b'/home/kevin/test/lib/markdown_it/rules_inline/__pycache__/newline.cpython-314.pyc', 'wb')
2026-02-12 01:53:36,333 - DEBUG - [chan 0] open(b'/home/kevin/test/lib/markdown_it/rules_inline/__pycache__/newline.cpython-314.pyc', 'wb') -> 00000000
2026-02-12 01:53:36,334 - DEBUG - Progress: 1832/1832 bytes
2026-02-12 01:53:36,334 - DEBUG - [chan 0] close(00000000)
2026-02-12 01:53:36,334 - DEBUG - [chan 0] stat(b'/home/kevin/test/lib/markdown_it/rules_inline/__pycache__/newline.cpython-314.pyc')
2026-02-12 01:53:36,336 - INFO - Upload completed successfully: newline.cpython-314.pyc
2026-02-12 01:53:36,336 - INFO - Starting upload: lib/markdown_it/rules_inline/__pycache__/linkify.cpython-314.pyc -> /home/kevin/test/lib/markdown_it/rules_inline/__pycache__/linkify.cpython-314.pyc (3018 bytes)
2026-02-12 01:53:36,337 - DEBUG - [chan 0] open(b'/home/kevin/test/lib/markdown_it/rules_inline/__pycache__/linkify.cpython-314.pyc', 'wb')
2026-02-12 01:53:36,338 - DEBUG - [chan 0] open(b'/home/kevin/test/lib/markdown_it/rules_inline/__pycache__/linkify.cpython-314.pyc', 'wb') -> 00000000
2026-02-12 01:53:36,338 - DEBUG - Progress: 3018/3018 bytes
2026-02-12 01:53:36,338 - DEBUG - [chan 0] close(00000000)
2026-02-12 01:53:36,340 - DEBUG - [chan 0] stat(b'/home/kevin/test/lib/markdown_it/rules_inline/__pycache__/linkify.cpython-314.pyc')
2026-02-12 01:53:36,342 - INFO - Upload completed successfully: linkify.cpython-314.pyc
2026-02-12 01:53:36,342 - INFO - Starting upload: lib/markdown_it/rules_inline/__pycache__/link.cpython-314.pyc -> /home/kevin/test/lib/markdown_it/rules_inline/__pycache__/link.cpython-314.pyc (4452 bytes)
2026-02-12 01:53:36,343 - DEBUG - [chan 0] open(b'/home/kevin/test/lib/markdown_it/rules_inline/__pycache__/link.cpython-314.pyc', 'wb')
2026-02-12 01:53:36,344 - DEBUG - [chan 0] open(b'/home/kevin/test/lib/markdown_it/rules_inline/__pycache__/link.cpython-314.pyc', 'wb') -> 00000000
2026-02-12 01:53:36,344 - DEBUG - Progress: 4452/4452 bytes
2026-02-12 01:53:36,344 - DEBUG - [chan 0] close(00000000)
2026-02-12 01:53:36,345 - DEBUG - [chan 0] stat(b'/home/kevin/test/lib/markdown_it/rules_inline/__pycache__/link.cpython-314.pyc')
2026-02-12 01:53:36,347 - INFO - Upload completed successfully: link.cpython-314.pyc
2026-02-12 01:53:36,347 - INFO - Starting upload: lib/markdown_it/rules_inline/__pycache__/image.cpython-314.pyc -> /home/kevin/test/lib/markdown_it/rules_inline/__pycache__/image.cpython-314.pyc (4648 bytes)
2026-02-12 01:53:36,348 - DEBUG - [chan 0] open(b'/home/kevin/test/lib/markdown_it/rules_inline/__pycache__/image.cpython-314.pyc', 'wb')
2026-02-12 01:53:36,349 - DEBUG - [chan 0] open(b'/home/kevin/test/lib/markdown_it/rules_inline/__pycache__/image.cpython-314.pyc', 'wb') -> 00000000
2026-02-12 01:53:36,349 - DEBUG - Progress: 4648/4648 bytes
2026-02-12 01:53:36,349 - DEBUG - [chan 0] close(00000000)
2026-02-12 01:53:36,350 - DEBUG - [chan 0] stat(b'/home/kevin/test/lib/markdown_it/rules_inline/__pycache__/image.cpython-314.pyc')
2026-02-12 01:53:36,352 - INFO - Upload completed successfully: image.cpython-314.pyc
2026-02-12 01:53:36,352 - INFO - Starting upload: lib/markdown_it/rules_inline/__pycache__/html_inline.cpython-314.pyc -> /home/kevin/test/lib/markdown_it/rules_inline/__pycache__/html_inline.cpython-314.pyc (2418 bytes)
2026-02-12 01:53:36,354 - DEBUG - [chan 0] open(b'/home/kevin/test/lib/markdown_it/rules_inline/__pycache__/html_inline.cpython-314.pyc', 'wb')
2026-02-12 01:53:36,354 - DEBUG - [chan 0] open(b'/home/kevin/test/lib/markdown_it/rules_inline/__pycache__/html_inline.cpython-314.pyc', 'wb') -> 00000000
2026-02-12 01:53:36,354 - DEBUG - Progress: 2418/2418 bytes
2026-02-12 01:53:36,354 - DEBUG - [chan 0] close(00000000)
2026-02-12 01:53:36,356 - DEBUG - [chan 0] stat(b'/home/kevin/test/lib/markdown_it/rules_inline/__pycache__/html_inline.cpython-314.pyc')
2026-02-12 01:53:36,357 - INFO - Upload completed successfully: html_inline.cpython-314.pyc
2026-02-12 01:53:36,357 - INFO - Starting upload: lib/markdown_it/rules_inline/__pycache__/fragments_join.cpython-314.pyc -> /home/kevin/test/lib/markdown_it/rules_inline/__pycache__/fragments_join.cpython-314.pyc (2158 bytes)
2026-02-12 01:53:36,359 - DEBUG - [chan 0] open(b'/home/kevin/test/lib/markdown_it/rules_inline/__pycache__/fragments_join.cpython-314.pyc', 'wb')
2026-02-12 01:53:36,359 - DEBUG - [chan 0] open(b'/home/kevin/test/lib/markdown_it/rules_inline/__pycache__/fragments_join.cpython-314.pyc', 'wb') -> 00000000
2026-02-12 01:53:36,359 - DEBUG - Progress: 2158/2158 bytes
2026-02-12 01:53:36,359 - DEBUG - [chan 0] close(00000000)
2026-02-12 01:53:36,361 - DEBUG - [chan 0] stat(b'/home/kevin/test/lib/markdown_it/rules_inline/__pycache__/fragments_join.cpython-314.pyc')
2026-02-12 01:53:36,362 - INFO - Upload completed successfully: fragments_join.cpython-314.pyc
2026-02-12 01:53:36,362 - INFO - Starting upload: lib/markdown_it/rules_inline/__pycache__/escape.cpython-314.pyc -> /home/kevin/test/lib/markdown_it/rules_inline/__pycache__/escape.cpython-314.pyc (2595 bytes)
2026-02-12 01:53:36,364 - DEBUG - [chan 0] open(b'/home/kevin/test/lib/markdown_it/rules_inline/__pycache__/escape.cpython-314.pyc', 'wb')
2026-02-12 01:53:36,365 - DEBUG - [chan 0] open(b'/home/kevin/test/lib/markdown_it/rules_inline/__pycache__/escape.cpython-314.pyc', 'wb') -> 00000000
2026-02-12 01:53:36,365 - DEBUG - Progress: 2595/2595 bytes
2026-02-12 01:53:36,365 - DEBUG - [chan 0] close(00000000)
2026-02-12 01:53:36,366 - DEBUG - [chan 0] stat(b'/home/kevin/test/lib/markdown_it/rules_inline/__pycache__/escape.cpython-314.pyc')
2026-02-12 01:53:36,370 - INFO - Upload completed successfully: escape.cpython-314.pyc
2026-02-12 01:53:36,370 - INFO - Starting upload: lib/markdown_it/rules_inline/__pycache__/entity.cpython-314.pyc -> /home/kevin/test/lib/markdown_it/rules_inline/__pycache__/entity.cpython-314.pyc (2740 bytes)
2026-02-12 01:53:36,372 - DEBUG - [chan 0] open(b'/home/kevin/test/lib/markdown_it/rules_inline/__pycache__/entity.cpython-314.pyc', 'wb')
2026-02-12 01:53:36,373 - DEBUG - [chan 0] open(b'/home/kevin/test/lib/markdown_it/rules_inline/__pycache__/entity.cpython-314.pyc', 'wb') -> 00000000
2026-02-12 01:53:36,373 - DEBUG - Progress: 2740/2740 bytes
2026-02-12 01:53:36,373 - DEBUG - [chan 0] close(00000000)
2026-02-12 01:53:36,374 - DEBUG - [chan 0] stat(b'/home/kevin/test/lib/markdown_it/rules_inline/__pycache__/entity.cpython-314.pyc')
2026-02-12 01:53:36,376 - INFO - Upload completed successfully: entity.cpython-314.pyc
2026-02-12 01:53:36,376 - INFO - Starting upload: lib/markdown_it/rules_inline/__pycache__/emphasis.cpython-314.pyc -> /home/kevin/test/lib/markdown_it/rules_inline/__pycache__/emphasis.cpython-314.pyc (4674 bytes)
2026-02-12 01:53:36,378 - DEBUG - [chan 0] open(b'/home/kevin/test/lib/markdown_it/rules_inline/__pycache__/emphasis.cpython-314.pyc', 'wb')
2026-02-12 01:53:36,378 - DEBUG - [chan 0] open(b'/home/kevin/test/lib/markdown_it/rules_inline/__pycache__/emphasis.cpython-314.pyc', 'wb') -> 00000000
2026-02-12 01:53:36,378 - DEBUG - Progress: 4674/4674 bytes
2026-02-12 01:53:36,378 - DEBUG - [chan 0] close(00000000)
2026-02-12 01:53:36,380 - DEBUG - [chan 0] stat(b'/home/kevin/test/lib/markdown_it/rules_inline/__pycache__/emphasis.cpython-314.pyc')
2026-02-12 01:53:36,383 - INFO - Upload completed successfully: emphasis.cpython-314.pyc
2026-02-12 01:53:36,383 - INFO - Starting upload: lib/markdown_it/rules_inline/__pycache__/balance_pairs.cpython-314.pyc -> /home/kevin/test/lib/markdown_it/rules_inline/__pycache__/balance_pairs.cpython-314.pyc (3883 bytes)
2026-02-12 01:53:36,384 - DEBUG - [chan 0] open(b'/home/kevin/test/lib/markdown_it/rules_inline/__pycache__/balance_pairs.cpython-314.pyc', 'wb')
2026-02-12 01:53:36,385 - DEBUG - [chan 0] open(b'/home/kevin/test/lib/markdown_it/rules_inline/__pycache__/balance_pairs.cpython-314.pyc', 'wb') -> 00000000
2026-02-12 01:53:36,385 - DEBUG - Progress: 3883/3883 bytes
2026-02-12 01:53:36,385 - DEBUG - [chan 0] close(00000000)
2026-02-12 01:53:36,386 - DEBUG - [chan 0] stat(b'/home/kevin/test/lib/markdown_it/rules_inline/__pycache__/balance_pairs.cpython-314.pyc')
2026-02-12 01:53:36,388 - INFO - Upload completed successfully: balance_pairs.cpython-314.pyc
2026-02-12 01:53:36,388 - INFO - Starting upload: lib/markdown_it/rules_inline/__pycache__/backticks.cpython-314.pyc -> /home/kevin/test/lib/markdown_it/rules_inline/__pycache__/backticks.cpython-314.pyc (2707 bytes)
2026-02-12 01:53:36,390 - DEBUG - [chan 0] open(b'/home/kevin/test/lib/markdown_it/rules_inline/__pycache__/backticks.cpython-314.pyc', 'wb')
2026-02-12 01:53:36,390 - DEBUG - [chan 0] open(b'/home/kevin/test/lib/markdown_it/rules_inline/__pycache__/backticks.cpython-314.pyc', 'wb') -> 00000000
2026-02-12 01:53:36,390 - DEBUG - Progress: 2707/2707 bytes
2026-02-12 01:53:36,390 - DEBUG - [chan 0] close(00000000)
2026-02-12 01:53:36,392 - DEBUG - [chan 0] stat(b'/home/kevin/test/lib/markdown_it/rules_inline/__pycache__/backticks.cpython-314.pyc')
2026-02-12 01:53:36,394 - INFO - Upload completed successfully: backticks.cpython-314.pyc
2026-02-12 01:53:36,394 - INFO - Starting upload: lib/markdown_it/rules_inline/__pycache__/autolink.cpython-314.pyc -> /home/kevin/test/lib/markdown_it/rules_inline/__pycache__/autolink.cpython-314.pyc (3035 bytes)
2026-02-12 01:53:36,395 - DEBUG - [chan 0] open(b'/home/kevin/test/lib/markdown_it/rules_inline/__pycache__/autolink.cpython-314.pyc', 'wb')
2026-02-12 01:53:36,396 - DEBUG - [chan 0] open(b'/home/kevin/test/lib/markdown_it/rules_inline/__pycache__/autolink.cpython-314.pyc', 'wb') -> 00000000
2026-02-12 01:53:36,396 - DEBUG - Progress: 3035/3035 bytes
2026-02-12 01:53:36,396 - DEBUG - [chan 0] close(00000000)
2026-02-12 01:53:36,397 - DEBUG - [chan 0] stat(b'/home/kevin/test/lib/markdown_it/rules_inline/__pycache__/autolink.cpython-314.pyc')
2026-02-12 01:53:36,399 - INFO - Upload completed successfully: autolink.cpython-314.pyc
2026-02-12 01:53:36,399 - INFO - Starting upload: lib/markdown_it/rules_inline/__pycache__/__init__.cpython-314.pyc -> /home/kevin/test/lib/markdown_it/rules_inline/__pycache__/__init__.cpython-314.pyc (783 bytes)
2026-02-12 01:53:36,401 - DEBUG - [chan 0] open(b'/home/kevin/test/lib/markdown_it/rules_inline/__pycache__/__init__.cpython-314.pyc', 'wb')
2026-02-12 01:53:36,401 - DEBUG - [chan 0] open(b'/home/kevin/test/lib/markdown_it/rules_inline/__pycache__/__init__.cpython-314.pyc', 'wb') -> 00000000
2026-02-12 01:53:36,402 - DEBUG - Progress: 783/783 bytes
2026-02-12 01:53:36,402 - DEBUG - [chan 0] close(00000000)
2026-02-12 01:53:36,402 - DEBUG - [chan 0] stat(b'/home/kevin/test/lib/markdown_it/rules_inline/__pycache__/__init__.cpython-314.pyc')
2026-02-12 01:53:36,404 - INFO - Upload completed successfully: __init__.cpython-314.pyc
2026-02-12 01:53:36,404 - DEBUG - [chan 0] mkdir(b'/home/kevin/test/lib/markdown_it/rules_core', 511)
2026-02-12 01:53:36,405 - INFO - Created remote folder: /home/kevin/test/lib/markdown_it/rules_core
2026-02-12 01:53:36,405 - INFO - Starting upload: lib/markdown_it/rules_core/text_join.py -> /home/kevin/test/lib/markdown_it/rules_core/text_join.py (1173 bytes)
2026-02-12 01:53:36,406 - DEBUG - [chan 0] open(b'/home/kevin/test/lib/markdown_it/rules_core/text_join.py', 'wb')
2026-02-12 01:53:36,407 - DEBUG - [chan 0] open(b'/home/kevin/test/lib/markdown_it/rules_core/text_join.py', 'wb') -> 00000000
2026-02-12 01:53:36,407 - DEBUG - Progress: 1173/1173 bytes
2026-02-12 01:53:36,407 - DEBUG - [chan 0] close(00000000)
2026-02-12 01:53:36,408 - DEBUG - [chan 0] stat(b'/home/kevin/test/lib/markdown_it/rules_core/text_join.py')
2026-02-12 01:53:36,410 - INFO - Upload completed successfully: text_join.py
2026-02-12 01:53:36,410 - INFO - Starting upload: lib/markdown_it/rules_core/state_core.py -> /home/kevin/test/lib/markdown_it/rules_core/state_core.py (570 bytes)
2026-02-12 01:53:36,412 - DEBUG - [chan 0] open(b'/home/kevin/test/lib/markdown_it/rules_core/state_core.py', 'wb')
2026-02-12 01:53:36,412 - DEBUG - [chan 0] open(b'/home/kevin/test/lib/markdown_it/rules_core/state_core.py', 'wb') -> 00000000
2026-02-12 01:53:36,412 - DEBUG - Progress: 570/570 bytes
2026-02-12 01:53:36,412 - DEBUG - [chan 0] close(00000000)
2026-02-12 01:53:36,413 - DEBUG - [chan 0] stat(b'/home/kevin/test/lib/markdown_it/rules_core/state_core.py')
2026-02-12 01:53:36,415 - INFO - Upload completed successfully: state_core.py
2026-02-12 01:53:36,415 - INFO - Starting upload: lib/markdown_it/rules_core/smartquotes.py -> /home/kevin/test/lib/markdown_it/rules_core/smartquotes.py (7443 bytes)
2026-02-12 01:53:36,416 - DEBUG - [chan 0] open(b'/home/kevin/test/lib/markdown_it/rules_core/smartquotes.py', 'wb')
2026-02-12 01:53:36,417 - DEBUG - [chan 0] open(b'/home/kevin/test/lib/markdown_it/rules_core/smartquotes.py', 'wb') -> 00000000
2026-02-12 01:53:36,417 - DEBUG - Progress: 7443/7443 bytes
2026-02-12 01:53:36,417 - DEBUG - [chan 0] close(00000000)
2026-02-12 01:53:36,418 - DEBUG - [chan 0] stat(b'/home/kevin/test/lib/markdown_it/rules_core/smartquotes.py')
2026-02-12 01:53:36,420 - INFO - Upload completed successfully: smartquotes.py
2026-02-12 01:53:36,420 - INFO - Starting upload: lib/markdown_it/rules_core/replacements.py -> /home/kevin/test/lib/markdown_it/rules_core/replacements.py (3471 bytes)
2026-02-12 01:53:36,422 - DEBUG - [chan 0] open(b'/home/kevin/test/lib/markdown_it/rules_core/replacements.py', 'wb')
2026-02-12 01:53:36,422 - DEBUG - [chan 0] open(b'/home/kevin/test/lib/markdown_it/rules_core/replacements.py', 'wb') -> 00000000
2026-02-12 01:53:36,422 - DEBUG - Progress: 3471/3471 bytes
2026-02-12 01:53:36,422 - DEBUG - [chan 0] close(00000000)
2026-02-12 01:53:36,424 - DEBUG - [chan 0] stat(b'/home/kevin/test/lib/markdown_it/rules_core/replacements.py')
2026-02-12 01:53:36,425 - INFO - Upload completed successfully: replacements.py
2026-02-12 01:53:36,425 - INFO - Starting upload: lib/markdown_it/rules_core/normalize.py -> /home/kevin/test/lib/markdown_it/rules_core/normalize.py (403 bytes)
2026-02-12 01:53:36,427 - DEBUG - [chan 0] open(b'/home/kevin/test/lib/markdown_it/rules_core/normalize.py', 'wb')
2026-02-12 01:53:36,427 - DEBUG - [chan 0] open(b'/home/kevin/test/lib/markdown_it/rules_core/normalize.py', 'wb') -> 00000000
2026-02-12 01:53:36,427 - DEBUG - Progress: 403/403 bytes
2026-02-12 01:53:36,427 - DEBUG - [chan 0] close(00000000)
2026-02-12 01:53:36,428 - DEBUG - [chan 0] stat(b'/home/kevin/test/lib/markdown_it/rules_core/normalize.py')
2026-02-12 01:53:36,430 - INFO - Upload completed successfully: normalize.py
2026-02-12 01:53:36,430 - INFO - Starting upload: lib/markdown_it/rules_core/linkify.py -> /home/kevin/test/lib/markdown_it/rules_core/linkify.py (5141 bytes)
2026-02-12 01:53:36,431 - DEBUG - [chan 0] open(b'/home/kevin/test/lib/markdown_it/rules_core/linkify.py', 'wb')
2026-02-12 01:53:36,432 - DEBUG - [chan 0] open(b'/home/kevin/test/lib/markdown_it/rules_core/linkify.py', 'wb') -> 00000000
2026-02-12 01:53:36,432 - DEBUG - Progress: 5141/5141 bytes
2026-02-12 01:53:36,432 - DEBUG - [chan 0] close(00000000)
2026-02-12 01:53:36,434 - DEBUG - [chan 0] stat(b'/home/kevin/test/lib/markdown_it/rules_core/linkify.py')
2026-02-12 01:53:36,436 - INFO - Upload completed successfully: linkify.py
2026-02-12 01:53:36,436 - INFO - Starting upload: lib/markdown_it/rules_core/inline.py -> /home/kevin/test/lib/markdown_it/rules_core/inline.py (325 bytes)
2026-02-12 01:53:36,437 - DEBUG - [chan 0] open(b'/home/kevin/test/lib/markdown_it/rules_core/inline.py', 'wb')
2026-02-12 01:53:36,438 - DEBUG - [chan 0] open(b'/home/kevin/test/lib/markdown_it/rules_core/inline.py', 'wb') -> 00000000
2026-02-12 01:53:36,438 - DEBUG - Progress: 325/325 bytes
2026-02-12 01:53:36,438 - DEBUG - [chan 0] close(00000000)
2026-02-12 01:53:36,439 - DEBUG - [chan 0] stat(b'/home/kevin/test/lib/markdown_it/rules_core/inline.py')
2026-02-12 01:53:36,440 - INFO - Upload completed successfully: inline.py
2026-02-12 01:53:36,440 - INFO - Starting upload: lib/markdown_it/rules_core/block.py -> /home/kevin/test/lib/markdown_it/rules_core/block.py (372 bytes)
2026-02-12 01:53:36,442 - DEBUG - [chan 0] open(b'/home/kevin/test/lib/markdown_it/rules_core/block.py', 'wb')
2026-02-12 01:53:36,442 - DEBUG - [chan 0] open(b'/home/kevin/test/lib/markdown_it/rules_core/block.py', 'wb') -> 00000000
2026-02-12 01:53:36,443 - DEBUG - Progress: 372/372 bytes
2026-02-12 01:53:36,443 - DEBUG - [chan 0] close(00000000)
2026-02-12 01:53:36,443 - DEBUG - [chan 0] stat(b'/home/kevin/test/lib/markdown_it/rules_core/block.py')
2026-02-12 01:53:36,445 - INFO - Upload completed successfully: block.py
2026-02-12 01:53:36,445 - INFO - Starting upload: lib/markdown_it/rules_core/__init__.py -> /home/kevin/test/lib/markdown_it/rules_core/__init__.py (394 bytes)
2026-02-12 01:53:36,446 - DEBUG - [chan 0] open(b'/home/kevin/test/lib/markdown_it/rules_core/__init__.py', 'wb')
2026-02-12 01:53:36,447 - DEBUG - [chan 0] open(b'/home/kevin/test/lib/markdown_it/rules_core/__init__.py', 'wb') -> 00000000
2026-02-12 01:53:36,447 - DEBUG - Progress: 394/394 bytes
2026-02-12 01:53:36,447 - DEBUG - [chan 0] close(00000000)
2026-02-12 01:53:36,448 - DEBUG - [chan 0] stat(b'/home/kevin/test/lib/markdown_it/rules_core/__init__.py')
2026-02-12 01:53:36,449 - INFO - Upload completed successfully: __init__.py
2026-02-12 01:53:36,450 - DEBUG - [chan 0] mkdir(b'/home/kevin/test/lib/markdown_it/rules_core/__pycache__', 511)
2026-02-12 01:53:36,450 - INFO - Created remote folder: /home/kevin/test/lib/markdown_it/rules_core/__pycache__
2026-02-12 01:53:36,451 - INFO - Starting upload: lib/markdown_it/rules_core/__pycache__/text_join.cpython-314.pyc -> /home/kevin/test/lib/markdown_it/rules_core/__pycache__/text_join.cpython-314.pyc (1659 bytes)
2026-02-12 01:53:36,452 - DEBUG - [chan 0] open(b'/home/kevin/test/lib/markdown_it/rules_core/__pycache__/text_join.cpython-314.pyc', 'wb')
2026-02-12 01:53:36,453 - DEBUG - [chan 0] open(b'/home/kevin/test/lib/markdown_it/rules_core/__pycache__/text_join.cpython-314.pyc', 'wb') -> 00000000
2026-02-12 01:53:36,453 - DEBUG - Progress: 1659/1659 bytes
2026-02-12 01:53:36,453 - DEBUG - [chan 0] close(00000000)
2026-02-12 01:53:36,454 - DEBUG - [chan 0] stat(b'/home/kevin/test/lib/markdown_it/rules_core/__pycache__/text_join.cpython-314.pyc')
2026-02-12 01:53:36,456 - INFO - Upload completed successfully: text_join.cpython-314.pyc
2026-02-12 01:53:36,456 - INFO - Starting upload: lib/markdown_it/rules_core/__pycache__/state_core.cpython-314.pyc -> /home/kevin/test/lib/markdown_it/rules_core/__pycache__/state_core.cpython-314.pyc (1297 bytes)
2026-02-12 01:53:36,457 - DEBUG - [chan 0] open(b'/home/kevin/test/lib/markdown_it/rules_core/__pycache__/state_core.cpython-314.pyc', 'wb')
2026-02-12 01:53:36,458 - DEBUG - [chan 0] open(b'/home/kevin/test/lib/markdown_it/rules_core/__pycache__/state_core.cpython-314.pyc', 'wb') -> 00000000
2026-02-12 01:53:36,458 - DEBUG - Progress: 1297/1297 bytes
2026-02-12 01:53:36,458 - DEBUG - [chan 0] close(00000000)
2026-02-12 01:53:36,459 - DEBUG - [chan 0] stat(b'/home/kevin/test/lib/markdown_it/rules_core/__pycache__/state_core.cpython-314.pyc')
2026-02-12 01:53:36,461 - INFO - Upload completed successfully: state_core.cpython-314.pyc
2026-02-12 01:53:36,461 - INFO - Starting upload: lib/markdown_it/rules_core/__pycache__/smartquotes.cpython-314.pyc -> /home/kevin/test/lib/markdown_it/rules_core/__pycache__/smartquotes.cpython-314.pyc (7365 bytes)
2026-02-12 01:53:36,462 - DEBUG - [chan 0] open(b'/home/kevin/test/lib/markdown_it/rules_core/__pycache__/smartquotes.cpython-314.pyc', 'wb')
2026-02-12 01:53:36,463 - DEBUG - [chan 0] open(b'/home/kevin/test/lib/markdown_it/rules_core/__pycache__/smartquotes.cpython-314.pyc', 'wb') -> 00000000
2026-02-12 01:53:36,463 - DEBUG - Progress: 7365/7365 bytes
2026-02-12 01:53:36,463 - DEBUG - [chan 0] close(00000000)
2026-02-12 01:53:36,465 - DEBUG - [chan 0] stat(b'/home/kevin/test/lib/markdown_it/rules_core/__pycache__/smartquotes.cpython-314.pyc')
2026-02-12 01:53:36,467 - INFO - Upload completed successfully: smartquotes.cpython-314.pyc
2026-02-12 01:53:36,467 - INFO - Starting upload: lib/markdown_it/rules_core/__pycache__/replacements.cpython-314.pyc -> /home/kevin/test/lib/markdown_it/rules_core/__pycache__/replacements.cpython-314.pyc (5629 bytes)
2026-02-12 01:53:36,468 - DEBUG - [chan 0] open(b'/home/kevin/test/lib/markdown_it/rules_core/__pycache__/replacements.cpython-314.pyc', 'wb')
2026-02-12 01:53:36,469 - DEBUG - [chan 0] open(b'/home/kevin/test/lib/markdown_it/rules_core/__pycache__/replacements.cpython-314.pyc', 'wb') -> 00000000
2026-02-12 01:53:36,469 - DEBUG - Progress: 5629/5629 bytes
2026-02-12 01:53:36,469 - DEBUG - [chan 0] close(00000000)
2026-02-12 01:53:36,470 - DEBUG - [chan 0] stat(b'/home/kevin/test/lib/markdown_it/rules_core/__pycache__/replacements.cpython-314.pyc')
2026-02-12 01:53:36,472 - INFO - Upload completed successfully: replacements.cpython-314.pyc
2026-02-12 01:53:36,472 - INFO - Starting upload: lib/markdown_it/rules_core/__pycache__/normalize.cpython-314.pyc -> /home/kevin/test/lib/markdown_it/rules_core/__pycache__/normalize.cpython-314.pyc (901 bytes)
2026-02-12 01:53:36,474 - DEBUG - [chan 0] open(b'/home/kevin/test/lib/markdown_it/rules_core/__pycache__/normalize.cpython-314.pyc', 'wb')
2026-02-12 01:53:36,474 - DEBUG - [chan 0] open(b'/home/kevin/test/lib/markdown_it/rules_core/__pycache__/normalize.cpython-314.pyc', 'wb') -> 00000000
2026-02-12 01:53:36,475 - DEBUG - Progress: 901/901 bytes
2026-02-12 01:53:36,475 - DEBUG - [chan 0] close(00000000)
2026-02-12 01:53:36,475 - DEBUG - [chan 0] stat(b'/home/kevin/test/lib/markdown_it/rules_core/__pycache__/normalize.cpython-314.pyc')
2026-02-12 01:53:36,477 - INFO - Upload completed successfully: normalize.cpython-314.pyc
2026-02-12 01:53:36,478 - INFO - Starting upload: lib/markdown_it/rules_core/__pycache__/linkify.cpython-314.pyc -> /home/kevin/test/lib/markdown_it/rules_core/__pycache__/linkify.cpython-314.pyc (5684 bytes)
2026-02-12 01:53:36,479 - DEBUG - [chan 0] open(b'/home/kevin/test/lib/markdown_it/rules_core/__pycache__/linkify.cpython-314.pyc', 'wb')
2026-02-12 01:53:36,480 - DEBUG - [chan 0] open(b'/home/kevin/test/lib/markdown_it/rules_core/__pycache__/linkify.cpython-314.pyc', 'wb') -> 00000000
2026-02-12 01:53:36,480 - DEBUG - Progress: 5684/5684 bytes
2026-02-12 01:53:36,480 - DEBUG - [chan 0] close(00000000)
2026-02-12 01:53:36,481 - DEBUG - [chan 0] stat(b'/home/kevin/test/lib/markdown_it/rules_core/__pycache__/linkify.cpython-314.pyc')
2026-02-12 01:53:36,483 - INFO - Upload completed successfully: linkify.cpython-314.pyc
2026-02-12 01:53:36,483 - INFO - Starting upload: lib/markdown_it/rules_core/__pycache__/inline.cpython-314.pyc -> /home/kevin/test/lib/markdown_it/rules_core/__pycache__/inline.cpython-314.pyc (946 bytes)
2026-02-12 01:53:36,485 - DEBUG - [chan 0] open(b'/home/kevin/test/lib/markdown_it/rules_core/__pycache__/inline.cpython-314.pyc', 'wb')
2026-02-12 01:53:36,485 - DEBUG - [chan 0] open(b'/home/kevin/test/lib/markdown_it/rules_core/__pycache__/inline.cpython-314.pyc', 'wb') -> 00000000
2026-02-12 01:53:36,485 - DEBUG - Progress: 946/946 bytes
2026-02-12 01:53:36,485 - DEBUG - [chan 0] close(00000000)
2026-02-12 01:53:36,486 - DEBUG - [chan 0] stat(b'/home/kevin/test/lib/markdown_it/rules_core/__pycache__/inline.cpython-314.pyc')
2026-02-12 01:53:36,488 - INFO - Upload completed successfully: inline.cpython-314.pyc
2026-02-12 01:53:36,489 - INFO - Starting upload: lib/markdown_it/rules_core/__pycache__/block.cpython-314.pyc -> /home/kevin/test/lib/markdown_it/rules_core/__pycache__/block.cpython-314.pyc (1095 bytes)
2026-02-12 01:53:36,490 - DEBUG - [chan 0] open(b'/home/kevin/test/lib/markdown_it/rules_core/__pycache__/block.cpython-314.pyc', 'wb')
2026-02-12 01:53:36,491 - DEBUG - [chan 0] open(b'/home/kevin/test/lib/markdown_it/rules_core/__pycache__/block.cpython-314.pyc', 'wb') -> 00000000
2026-02-12 01:53:36,491 - DEBUG - Progress: 1095/1095 bytes
2026-02-12 01:53:36,491 - DEBUG - [chan 0] close(00000000)
2026-02-12 01:53:36,492 - DEBUG - [chan 0] stat(b'/home/kevin/test/lib/markdown_it/rules_core/__pycache__/block.cpython-314.pyc')
2026-02-12 01:53:36,493 - INFO - Upload completed successfully: block.cpython-314.pyc
2026-02-12 01:53:36,493 - INFO - Starting upload: lib/markdown_it/rules_core/__pycache__/__init__.cpython-314.pyc -> /home/kevin/test/lib/markdown_it/rules_core/__pycache__/__init__.cpython-314.pyc (516 bytes)
2026-02-12 01:53:36,495 - DEBUG - [chan 0] open(b'/home/kevin/test/lib/markdown_it/rules_core/__pycache__/__init__.cpython-314.pyc', 'wb')
2026-02-12 01:53:36,495 - DEBUG - [chan 0] open(b'/home/kevin/test/lib/markdown_it/rules_core/__pycache__/__init__.cpython-314.pyc', 'wb') -> 00000000
2026-02-12 01:53:36,495 - DEBUG - Progress: 516/516 bytes
2026-02-12 01:53:36,495 - DEBUG - [chan 0] close(00000000)
2026-02-12 01:53:36,496 - DEBUG - [chan 0] stat(b'/home/kevin/test/lib/markdown_it/rules_core/__pycache__/__init__.cpython-314.pyc')
2026-02-12 01:53:36,498 - INFO - Upload completed successfully: __init__.cpython-314.pyc
2026-02-12 01:53:36,498 - DEBUG - [chan 0] mkdir(b'/home/kevin/test/lib/markdown_it/rules_block', 511)
2026-02-12 01:53:36,498 - INFO - Created remote folder: /home/kevin/test/lib/markdown_it/rules_block
2026-02-12 01:53:36,498 - INFO - Starting upload: lib/markdown_it/rules_block/table.py -> /home/kevin/test/lib/markdown_it/rules_block/table.py (7682 bytes)
2026-02-12 01:53:36,500 - DEBUG - [chan 0] open(b'/home/kevin/test/lib/markdown_it/rules_block/table.py', 'wb')
2026-02-12 01:53:36,500 - DEBUG - [chan 0] open(b'/home/kevin/test/lib/markdown_it/rules_block/table.py', 'wb') -> 00000000
2026-02-12 01:53:36,500 - DEBUG - Progress: 7682/7682 bytes
2026-02-12 01:53:36,501 - DEBUG - [chan 0] close(00000000)
2026-02-12 01:53:36,502 - DEBUG - [chan 0] stat(b'/home/kevin/test/lib/markdown_it/rules_block/table.py')
2026-02-12 01:53:36,503 - INFO - Upload completed successfully: table.py
2026-02-12 01:53:36,503 - INFO - Starting upload: lib/markdown_it/rules_block/state_block.py -> /home/kevin/test/lib/markdown_it/rules_block/state_block.py (8422 bytes)
2026-02-12 01:53:36,505 - DEBUG - [chan 0] open(b'/home/kevin/test/lib/markdown_it/rules_block/state_block.py', 'wb')
2026-02-12 01:53:36,505 - DEBUG - [chan 0] open(b'/home/kevin/test/lib/markdown_it/rules_block/state_block.py', 'wb') -> 00000000
2026-02-12 01:53:36,505 - DEBUG - Progress: 8422/8422 bytes
2026-02-12 01:53:36,505 - DEBUG - [chan 0] close(00000000)
2026-02-12 01:53:36,507 - DEBUG - [chan 0] stat(b'/home/kevin/test/lib/markdown_it/rules_block/state_block.py')
2026-02-12 01:53:36,508 - INFO - Upload completed successfully: state_block.py
2026-02-12 01:53:36,508 - INFO - Starting upload: lib/markdown_it/rules_block/reference.py -> /home/kevin/test/lib/markdown_it/rules_block/reference.py (6983 bytes)
2026-02-12 01:53:36,510 - DEBUG - [chan 0] open(b'/home/kevin/test/lib/markdown_it/rules_block/reference.py', 'wb')
2026-02-12 01:53:36,510 - DEBUG - [chan 0] open(b'/home/kevin/test/lib/markdown_it/rules_block/reference.py', 'wb') -> 00000000
2026-02-12 01:53:36,510 - DEBUG - Progress: 6983/6983 bytes
2026-02-12 01:53:36,511 - DEBUG - [chan 0] close(00000000)
2026-02-12 01:53:36,512 - DEBUG - [chan 0] stat(b'/home/kevin/test/lib/markdown_it/rules_block/reference.py')
2026-02-12 01:53:36,514 - INFO - Upload completed successfully: reference.py
2026-02-12 01:53:36,514 - INFO - Starting upload: lib/markdown_it/rules_block/paragraph.py -> /home/kevin/test/lib/markdown_it/rules_block/paragraph.py (1819 bytes)
2026-02-12 01:53:36,515 - DEBUG - [chan 0] open(b'/home/kevin/test/lib/markdown_it/rules_block/paragraph.py', 'wb')
2026-02-12 01:53:36,516 - DEBUG - [chan 0] open(b'/home/kevin/test/lib/markdown_it/rules_block/paragraph.py', 'wb') -> 00000000
2026-02-12 01:53:36,516 - DEBUG - Progress: 1819/1819 bytes
2026-02-12 01:53:36,516 - DEBUG - [chan 0] close(00000000)
2026-02-12 01:53:36,517 - DEBUG - [chan 0] stat(b'/home/kevin/test/lib/markdown_it/rules_block/paragraph.py')
2026-02-12 01:53:36,519 - INFO - Upload completed successfully: paragraph.py
2026-02-12 01:53:36,519 - INFO - Starting upload: lib/markdown_it/rules_block/list.py -> /home/kevin/test/lib/markdown_it/rules_block/list.py (9668 bytes)
2026-02-12 01:53:36,520 - DEBUG - [chan 0] open(b'/home/kevin/test/lib/markdown_it/rules_block/list.py', 'wb')
2026-02-12 01:53:36,521 - DEBUG - [chan 0] open(b'/home/kevin/test/lib/markdown_it/rules_block/list.py', 'wb') -> 00000000
2026-02-12 01:53:36,521 - DEBUG - Progress: 9668/9668 bytes
2026-02-12 01:53:36,521 - DEBUG - [chan 0] close(00000000)
2026-02-12 01:53:36,523 - DEBUG - [chan 0] stat(b'/home/kevin/test/lib/markdown_it/rules_block/list.py')
2026-02-12 01:53:36,524 - INFO - Upload completed successfully: list.py
2026-02-12 01:53:36,524 - INFO - Starting upload: lib/markdown_it/rules_block/lheading.py -> /home/kevin/test/lib/markdown_it/rules_block/lheading.py (2625 bytes)
2026-02-12 01:53:36,526 - DEBUG - [chan 0] open(b'/home/kevin/test/lib/markdown_it/rules_block/lheading.py', 'wb')
2026-02-12 01:53:36,527 - DEBUG - [chan 0] open(b'/home/kevin/test/lib/markdown_it/rules_block/lheading.py', 'wb') -> 00000000
2026-02-12 01:53:36,527 - DEBUG - Progress: 2625/2625 bytes
2026-02-12 01:53:36,527 - DEBUG - [chan 0] close(00000000)
2026-02-12 01:53:36,528 - DEBUG - [chan 0] stat(b'/home/kevin/test/lib/markdown_it/rules_block/lheading.py')
2026-02-12 01:53:36,531 - INFO - Upload completed successfully: lheading.py
2026-02-12 01:53:36,531 - INFO - Starting upload: lib/markdown_it/rules_block/html_block.py -> /home/kevin/test/lib/markdown_it/rules_block/html_block.py (2721 bytes)
2026-02-12 01:53:36,532 - DEBUG - [chan 0] open(b'/home/kevin/test/lib/markdown_it/rules_block/html_block.py', 'wb')
2026-02-12 01:53:36,533 - DEBUG - [chan 0] open(b'/home/kevin/test/lib/markdown_it/rules_block/html_block.py', 'wb') -> 00000000
2026-02-12 01:53:36,533 - DEBUG - Progress: 2721/2721 bytes
2026-02-12 01:53:36,533 - DEBUG - [chan 0] close(00000000)
2026-02-12 01:53:36,534 - DEBUG - [chan 0] stat(b'/home/kevin/test/lib/markdown_it/rules_block/html_block.py')
2026-02-12 01:53:36,536 - INFO - Upload completed successfully: html_block.py
2026-02-12 01:53:36,536 - INFO - Starting upload: lib/markdown_it/rules_block/hr.py -> /home/kevin/test/lib/markdown_it/rules_block/hr.py (1227 bytes)
2026-02-12 01:53:36,537 - DEBUG - [chan 0] open(b'/home/kevin/test/lib/markdown_it/rules_block/hr.py', 'wb')
2026-02-12 01:53:36,538 - DEBUG - [chan 0] open(b'/home/kevin/test/lib/markdown_it/rules_block/hr.py', 'wb') -> 00000000
2026-02-12 01:53:36,538 - DEBUG - Progress: 1227/1227 bytes
2026-02-12 01:53:36,538 - DEBUG - [chan 0] close(00000000)
2026-02-12 01:53:36,539 - DEBUG - [chan 0] stat(b'/home/kevin/test/lib/markdown_it/rules_block/hr.py')
2026-02-12 01:53:36,540 - INFO - Upload completed successfully: hr.py
2026-02-12 01:53:36,540 - INFO - Starting upload: lib/markdown_it/rules_block/heading.py -> /home/kevin/test/lib/markdown_it/rules_block/heading.py (1745 bytes)
2026-02-12 01:53:36,542 - DEBUG - [chan 0] open(b'/home/kevin/test/lib/markdown_it/rules_block/heading.py', 'wb')
2026-02-12 01:53:36,542 - DEBUG - [chan 0] open(b'/home/kevin/test/lib/markdown_it/rules_block/heading.py', 'wb') -> 00000000
2026-02-12 01:53:36,543 - DEBUG - Progress: 1745/1745 bytes
2026-02-12 01:53:36,543 - DEBUG - [chan 0] close(00000000)
2026-02-12 01:53:36,543 - DEBUG - [chan 0] stat(b'/home/kevin/test/lib/markdown_it/rules_block/heading.py')
2026-02-12 01:53:36,545 - INFO - Upload completed successfully: heading.py
2026-02-12 01:53:36,545 - INFO - Starting upload: lib/markdown_it/rules_block/fence.py -> /home/kevin/test/lib/markdown_it/rules_block/fence.py (2537 bytes)
2026-02-12 01:53:36,547 - DEBUG - [chan 0] open(b'/home/kevin/test/lib/markdown_it/rules_block/fence.py', 'wb')
2026-02-12 01:53:36,547 - DEBUG - [chan 0] open(b'/home/kevin/test/lib/markdown_it/rules_block/fence.py', 'wb') -> 00000000
2026-02-12 01:53:36,547 - DEBUG - Progress: 2537/2537 bytes
2026-02-12 01:53:36,548 - DEBUG - [chan 0] close(00000000)
2026-02-12 01:53:36,549 - DEBUG - [chan 0] stat(b'/home/kevin/test/lib/markdown_it/rules_block/fence.py')
2026-02-12 01:53:36,551 - INFO - Upload completed successfully: fence.py
2026-02-12 01:53:36,551 - INFO - Starting upload: lib/markdown_it/rules_block/code.py -> /home/kevin/test/lib/markdown_it/rules_block/code.py (860 bytes)
2026-02-12 01:53:36,552 - DEBUG - [chan 0] open(b'/home/kevin/test/lib/markdown_it/rules_block/code.py', 'wb')
2026-02-12 01:53:36,553 - DEBUG - [chan 0] open(b'/home/kevin/test/lib/markdown_it/rules_block/code.py', 'wb') -> 00000000
2026-02-12 01:53:36,553 - DEBUG - Progress: 860/860 bytes
2026-02-12 01:53:36,553 - DEBUG - [chan 0] close(00000000)
2026-02-12 01:53:36,554 - DEBUG - [chan 0] stat(b'/home/kevin/test/lib/markdown_it/rules_block/code.py')
2026-02-12 01:53:36,555 - INFO - Upload completed successfully: code.py
2026-02-12 01:53:36,555 - INFO - Starting upload: lib/markdown_it/rules_block/blockquote.py -> /home/kevin/test/lib/markdown_it/rules_block/blockquote.py (8887 bytes)
2026-02-12 01:53:36,557 - DEBUG - [chan 0] open(b'/home/kevin/test/lib/markdown_it/rules_block/blockquote.py', 'wb')
2026-02-12 01:53:36,557 - DEBUG - [chan 0] open(b'/home/kevin/test/lib/markdown_it/rules_block/blockquote.py', 'wb') -> 00000000
2026-02-12 01:53:36,557 - DEBUG - Progress: 8887/8887 bytes
2026-02-12 01:53:36,557 - DEBUG - [chan 0] close(00000000)
2026-02-12 01:53:36,559 - DEBUG - [chan 0] stat(b'/home/kevin/test/lib/markdown_it/rules_block/blockquote.py')
2026-02-12 01:53:36,561 - INFO - Upload completed successfully: blockquote.py
2026-02-12 01:53:36,561 - INFO - Starting upload: lib/markdown_it/rules_block/__init__.py -> /home/kevin/test/lib/markdown_it/rules_block/__init__.py (553 bytes)
2026-02-12 01:53:36,562 - DEBUG - [chan 0] open(b'/home/kevin/test/lib/markdown_it/rules_block/__init__.py', 'wb')
2026-02-12 01:53:36,563 - DEBUG - [chan 0] open(b'/home/kevin/test/lib/markdown_it/rules_block/__init__.py', 'wb') -> 00000000
2026-02-12 01:53:36,563 - DEBUG - Progress: 553/553 bytes
2026-02-12 01:53:36,563 - DEBUG - [chan 0] close(00000000)
2026-02-12 01:53:36,564 - DEBUG - [chan 0] stat(b'/home/kevin/test/lib/markdown_it/rules_block/__init__.py')
2026-02-12 01:53:36,565 - INFO - Upload completed successfully: __init__.py
2026-02-12 01:53:36,565 - DEBUG - [chan 0] mkdir(b'/home/kevin/test/lib/markdown_it/rules_block/__pycache__', 511)
2026-02-12 01:53:36,566 - INFO - Created remote folder: /home/kevin/test/lib/markdown_it/rules_block/__pycache__
2026-02-12 01:53:36,566 - INFO - Starting upload: lib/markdown_it/rules_block/__pycache__/table.cpython-314.pyc -> /home/kevin/test/lib/markdown_it/rules_block/__pycache__/table.cpython-314.pyc (8444 bytes)
2026-02-12 01:53:36,567 - DEBUG - [chan 0] open(b'/home/kevin/test/lib/markdown_it/rules_block/__pycache__/table.cpython-314.pyc', 'wb')
2026-02-12 01:53:36,568 - DEBUG - [chan 0] open(b'/home/kevin/test/lib/markdown_it/rules_block/__pycache__/table.cpython-314.pyc', 'wb') -> 00000000
2026-02-12 01:53:36,568 - DEBUG - Progress: 8444/8444 bytes
2026-02-12 01:53:36,568 - DEBUG - [chan 0] close(00000000)
2026-02-12 01:53:36,569 - DEBUG - [chan 0] stat(b'/home/kevin/test/lib/markdown_it/rules_block/__pycache__/table.cpython-314.pyc')
2026-02-12 01:53:36,571 - INFO - Upload completed successfully: table.cpython-314.pyc
2026-02-12 01:53:36,571 - INFO - Starting upload: lib/markdown_it/rules_block/__pycache__/state_block.cpython-314.pyc -> /home/kevin/test/lib/markdown_it/rules_block/__pycache__/state_block.cpython-314.pyc (11572 bytes)
2026-02-12 01:53:36,573 - DEBUG - [chan 0] open(b'/home/kevin/test/lib/markdown_it/rules_block/__pycache__/state_block.cpython-314.pyc', 'wb')
2026-02-12 01:53:36,573 - DEBUG - [chan 0] open(b'/home/kevin/test/lib/markdown_it/rules_block/__pycache__/state_block.cpython-314.pyc', 'wb') -> 00000000
2026-02-12 01:53:36,573 - DEBUG - Progress: 11572/11572 bytes
2026-02-12 01:53:36,573 - DEBUG - [chan 0] close(00000000)
2026-02-12 01:53:36,575 - DEBUG - [chan 0] stat(b'/home/kevin/test/lib/markdown_it/rules_block/__pycache__/state_block.cpython-314.pyc')
2026-02-12 01:53:36,577 - INFO - Upload completed successfully: state_block.cpython-314.pyc
2026-02-12 01:53:36,577 - INFO - Starting upload: lib/markdown_it/rules_block/__pycache__/reference.cpython-314.pyc -> /home/kevin/test/lib/markdown_it/rules_block/__pycache__/reference.cpython-314.pyc (6839 bytes)
2026-02-12 01:53:36,578 - DEBUG - [chan 0] open(b'/home/kevin/test/lib/markdown_it/rules_block/__pycache__/reference.cpython-314.pyc', 'wb')
2026-02-12 01:53:36,579 - DEBUG - [chan 0] open(b'/home/kevin/test/lib/markdown_it/rules_block/__pycache__/reference.cpython-314.pyc', 'wb') -> 00000000
2026-02-12 01:53:36,579 - DEBUG - Progress: 6839/6839 bytes
2026-02-12 01:53:36,579 - DEBUG - [chan 0] close(00000000)
2026-02-12 01:53:36,580 - DEBUG - [chan 0] stat(b'/home/kevin/test/lib/markdown_it/rules_block/__pycache__/reference.cpython-314.pyc')
2026-02-12 01:53:36,582 - INFO - Upload completed successfully: reference.cpython-314.pyc
2026-02-12 01:53:36,582 - INFO - Starting upload: lib/markdown_it/rules_block/__pycache__/paragraph.cpython-314.pyc -> /home/kevin/test/lib/markdown_it/rules_block/__pycache__/paragraph.cpython-314.pyc (2348 bytes)
2026-02-12 01:53:36,584 - DEBUG - [chan 0] open(b'/home/kevin/test/lib/markdown_it/rules_block/__pycache__/paragraph.cpython-314.pyc', 'wb')
2026-02-12 01:53:36,584 - DEBUG - [chan 0] open(b'/home/kevin/test/lib/markdown_it/rules_block/__pycache__/paragraph.cpython-314.pyc', 'wb') -> 00000000
2026-02-12 01:53:36,584 - DEBUG - Progress: 2348/2348 bytes
2026-02-12 01:53:36,584 - DEBUG - [chan 0] close(00000000)
2026-02-12 01:53:36,586 - DEBUG - [chan 0] stat(b'/home/kevin/test/lib/markdown_it/rules_block/__pycache__/paragraph.cpython-314.pyc')
2026-02-12 01:53:36,587 - INFO - Upload completed successfully: paragraph.cpython-314.pyc
2026-02-12 01:53:36,587 - INFO - Starting upload: lib/markdown_it/rules_block/__pycache__/list.cpython-314.pyc -> /home/kevin/test/lib/markdown_it/rules_block/__pycache__/list.cpython-314.pyc (9468 bytes)
2026-02-12 01:53:36,589 - DEBUG - [chan 0] open(b'/home/kevin/test/lib/markdown_it/rules_block/__pycache__/list.cpython-314.pyc', 'wb')
2026-02-12 01:53:36,589 - DEBUG - [chan 0] open(b'/home/kevin/test/lib/markdown_it/rules_block/__pycache__/list.cpython-314.pyc', 'wb') -> 00000000
2026-02-12 01:53:36,589 - DEBUG - Progress: 9468/9468 bytes
2026-02-12 01:53:36,589 - DEBUG - [chan 0] close(00000000)
2026-02-12 01:53:36,591 - DEBUG - [chan 0] stat(b'/home/kevin/test/lib/markdown_it/rules_block/__pycache__/list.cpython-314.pyc')
2026-02-12 01:53:36,592 - INFO - Upload completed successfully: list.cpython-314.pyc
2026-02-12 01:53:36,592 - INFO - Starting upload: lib/markdown_it/rules_block/__pycache__/lheading.cpython-314.pyc -> /home/kevin/test/lib/markdown_it/rules_block/__pycache__/lheading.cpython-314.pyc (3186 bytes)
2026-02-12 01:53:36,594 - DEBUG - [chan 0] open(b'/home/kevin/test/lib/markdown_it/rules_block/__pycache__/lheading.cpython-314.pyc', 'wb')
2026-02-12 01:53:36,595 - DEBUG - [chan 0] open(b'/home/kevin/test/lib/markdown_it/rules_block/__pycache__/lheading.cpython-314.pyc', 'wb') -> 00000000
2026-02-12 01:53:36,595 - DEBUG - Progress: 3186/3186 bytes
2026-02-12 01:53:36,595 - DEBUG - [chan 0] close(00000000)
2026-02-12 01:53:36,596 - DEBUG - [chan 0] stat(b'/home/kevin/test/lib/markdown_it/rules_block/__pycache__/lheading.cpython-314.pyc')
2026-02-12 01:53:36,597 - INFO - Upload completed successfully: lheading.cpython-314.pyc
2026-02-12 01:53:36,598 - INFO - Starting upload: lib/markdown_it/rules_block/__pycache__/html_block.cpython-314.pyc -> /home/kevin/test/lib/markdown_it/rules_block/__pycache__/html_block.cpython-314.pyc (3980 bytes)
2026-02-12 01:53:36,599 - DEBUG - [chan 0] open(b'/home/kevin/test/lib/markdown_it/rules_block/__pycache__/html_block.cpython-314.pyc', 'wb')
2026-02-12 01:53:36,600 - DEBUG - [chan 0] open(b'/home/kevin/test/lib/markdown_it/rules_block/__pycache__/html_block.cpython-314.pyc', 'wb') -> 00000000
2026-02-12 01:53:36,600 - DEBUG - Progress: 3980/3980 bytes
2026-02-12 01:53:36,600 - DEBUG - [chan 0] close(00000000)
2026-02-12 01:53:36,601 - DEBUG - [chan 0] stat(b'/home/kevin/test/lib/markdown_it/rules_block/__pycache__/html_block.cpython-314.pyc')
2026-02-12 01:53:36,603 - INFO - Upload completed successfully: html_block.cpython-314.pyc
2026-02-12 01:53:36,603 - INFO - Starting upload: lib/markdown_it/rules_block/__pycache__/hr.cpython-314.pyc -> /home/kevin/test/lib/markdown_it/rules_block/__pycache__/hr.cpython-314.pyc (2001 bytes)
2026-02-12 01:53:36,604 - DEBUG - [chan 0] open(b'/home/kevin/test/lib/markdown_it/rules_block/__pycache__/hr.cpython-314.pyc', 'wb')
2026-02-12 01:53:36,605 - DEBUG - [chan 0] open(b'/home/kevin/test/lib/markdown_it/rules_block/__pycache__/hr.cpython-314.pyc', 'wb') -> 00000000
2026-02-12 01:53:36,605 - DEBUG - Progress: 2001/2001 bytes
2026-02-12 01:53:36,605 - DEBUG - [chan 0] close(00000000)
2026-02-12 01:53:36,606 - DEBUG - [chan 0] stat(b'/home/kevin/test/lib/markdown_it/rules_block/__pycache__/hr.cpython-314.pyc')
2026-02-12 01:53:36,607 - INFO - Upload completed successfully: hr.cpython-314.pyc
2026-02-12 01:53:36,607 - INFO - Starting upload: lib/markdown_it/rules_block/__pycache__/heading.cpython-314.pyc -> /home/kevin/test/lib/markdown_it/rules_block/__pycache__/heading.cpython-314.pyc (2875 bytes)
2026-02-12 01:53:36,609 - DEBUG - [chan 0] open(b'/home/kevin/test/lib/markdown_it/rules_block/__pycache__/heading.cpython-314.pyc', 'wb')
2026-02-12 01:53:36,609 - DEBUG - [chan 0] open(b'/home/kevin/test/lib/markdown_it/rules_block/__pycache__/heading.cpython-314.pyc', 'wb') -> 00000000
2026-02-12 01:53:36,610 - DEBUG - Progress: 2875/2875 bytes
2026-02-12 01:53:36,610 - DEBUG - [chan 0] close(00000000)
2026-02-12 01:53:36,611 - DEBUG - [chan 0] stat(b'/home/kevin/test/lib/markdown_it/rules_block/__pycache__/heading.cpython-314.pyc')
2026-02-12 01:53:36,612 - INFO - Upload completed successfully: heading.cpython-314.pyc
2026-02-12 01:53:36,612 - INFO - Starting upload: lib/markdown_it/rules_block/__pycache__/fence.cpython-314.pyc -> /home/kevin/test/lib/markdown_it/rules_block/__pycache__/fence.cpython-314.pyc (2854 bytes)
2026-02-12 01:53:36,614 - DEBUG - [chan 0] open(b'/home/kevin/test/lib/markdown_it/rules_block/__pycache__/fence.cpython-314.pyc', 'wb')
2026-02-12 01:53:36,614 - DEBUG - [chan 0] open(b'/home/kevin/test/lib/markdown_it/rules_block/__pycache__/fence.cpython-314.pyc', 'wb') -> 00000000
2026-02-12 01:53:36,614 - DEBUG - Progress: 2854/2854 bytes
2026-02-12 01:53:36,614 - DEBUG - [chan 0] close(00000000)
2026-02-12 01:53:36,616 - DEBUG - [chan 0] stat(b'/home/kevin/test/lib/markdown_it/rules_block/__pycache__/fence.cpython-314.pyc')
2026-02-12 01:53:36,617 - INFO - Upload completed successfully: fence.cpython-314.pyc
2026-02-12 01:53:36,617 - INFO - Starting upload: lib/markdown_it/rules_block/__pycache__/code.cpython-314.pyc -> /home/kevin/test/lib/markdown_it/rules_block/__pycache__/code.cpython-314.pyc (1566 bytes)
2026-02-12 01:53:36,619 - DEBUG - [chan 0] open(b'/home/kevin/test/lib/markdown_it/rules_block/__pycache__/code.cpython-314.pyc', 'wb')
2026-02-12 01:53:36,619 - DEBUG - [chan 0] open(b'/home/kevin/test/lib/markdown_it/rules_block/__pycache__/code.cpython-314.pyc', 'wb') -> 00000000
2026-02-12 01:53:36,619 - DEBUG - Progress: 1566/1566 bytes
2026-02-12 01:53:36,619 - DEBUG - [chan 0] close(00000000)
2026-02-12 01:53:36,620 - DEBUG - [chan 0] stat(b'/home/kevin/test/lib/markdown_it/rules_block/__pycache__/code.cpython-314.pyc')
2026-02-12 01:53:36,622 - INFO - Upload completed successfully: code.cpython-314.pyc
2026-02-12 01:53:36,622 - INFO - Starting upload: lib/markdown_it/rules_block/__pycache__/blockquote.cpython-314.pyc -> /home/kevin/test/lib/markdown_it/rules_block/__pycache__/blockquote.cpython-314.pyc (7923 bytes)
2026-02-12 01:53:36,624 - DEBUG - [chan 0] open(b'/home/kevin/test/lib/markdown_it/rules_block/__pycache__/blockquote.cpython-314.pyc', 'wb')
2026-02-12 01:53:36,625 - DEBUG - [chan 0] open(b'/home/kevin/test/lib/markdown_it/rules_block/__pycache__/blockquote.cpython-314.pyc', 'wb') -> 00000000
2026-02-12 01:53:36,625 - DEBUG - Progress: 7923/7923 bytes
2026-02-12 01:53:36,625 - DEBUG - [chan 0] close(00000000)
2026-02-12 01:53:36,626 - DEBUG - [chan 0] stat(b'/home/kevin/test/lib/markdown_it/rules_block/__pycache__/blockquote.cpython-314.pyc')
2026-02-12 01:53:36,628 - INFO - Upload completed successfully: blockquote.cpython-314.pyc
2026-02-12 01:53:36,628 - INFO - Starting upload: lib/markdown_it/rules_block/__pycache__/__init__.cpython-314.pyc -> /home/kevin/test/lib/markdown_it/rules_block/__pycache__/__init__.cpython-314.pyc (652 bytes)
2026-02-12 01:53:36,629 - DEBUG - [chan 0] open(b'/home/kevin/test/lib/markdown_it/rules_block/__pycache__/__init__.cpython-314.pyc', 'wb')
2026-02-12 01:53:36,630 - DEBUG - [chan 0] open(b'/home/kevin/test/lib/markdown_it/rules_block/__pycache__/__init__.cpython-314.pyc', 'wb') -> 00000000
2026-02-12 01:53:36,630 - DEBUG - Progress: 652/652 bytes
2026-02-12 01:53:36,630 - DEBUG - [chan 0] close(00000000)
2026-02-12 01:53:36,631 - DEBUG - [chan 0] stat(b'/home/kevin/test/lib/markdown_it/rules_block/__pycache__/__init__.cpython-314.pyc')
2026-02-12 01:53:36,632 - INFO - Upload completed successfully: __init__.cpython-314.pyc
2026-02-12 01:53:36,632 - DEBUG - [chan 0] mkdir(b'/home/kevin/test/lib/markdown_it/presets', 511)
2026-02-12 01:53:36,633 - INFO - Created remote folder: /home/kevin/test/lib/markdown_it/presets
2026-02-12 01:53:36,633 - INFO - Starting upload: lib/markdown_it/presets/zero.py -> /home/kevin/test/lib/markdown_it/presets/zero.py (2113 bytes)
2026-02-12 01:53:36,634 - DEBUG - [chan 0] open(b'/home/kevin/test/lib/markdown_it/presets/zero.py', 'wb')
2026-02-12 01:53:36,635 - DEBUG - [chan 0] open(b'/home/kevin/test/lib/markdown_it/presets/zero.py', 'wb') -> 00000000
2026-02-12 01:53:36,635 - DEBUG - Progress: 2113/2113 bytes
2026-02-12 01:53:36,635 - DEBUG - [chan 0] close(00000000)
2026-02-12 01:53:36,636 - DEBUG - [chan 0] stat(b'/home/kevin/test/lib/markdown_it/presets/zero.py')
2026-02-12 01:53:36,638 - INFO - Upload completed successfully: zero.py
2026-02-12 01:53:36,638 - INFO - Starting upload: lib/markdown_it/presets/default.py -> /home/kevin/test/lib/markdown_it/presets/default.py (1811 bytes)
2026-02-12 01:53:36,639 - DEBUG - [chan 0] open(b'/home/kevin/test/lib/markdown_it/presets/default.py', 'wb')
2026-02-12 01:53:36,640 - DEBUG - [chan 0] open(b'/home/kevin/test/lib/markdown_it/presets/default.py', 'wb') -> 00000000
2026-02-12 01:53:36,640 - DEBUG - Progress: 1811/1811 bytes
2026-02-12 01:53:36,640 - DEBUG - [chan 0] close(00000000)
2026-02-12 01:53:36,641 - DEBUG - [chan 0] stat(b'/home/kevin/test/lib/markdown_it/presets/default.py')
2026-02-12 01:53:36,642 - INFO - Upload completed successfully: default.py
2026-02-12 01:53:36,642 - INFO - Starting upload: lib/markdown_it/presets/commonmark.py -> /home/kevin/test/lib/markdown_it/presets/commonmark.py (2869 bytes)
2026-02-12 01:53:36,644 - DEBUG - [chan 0] open(b'/home/kevin/test/lib/markdown_it/presets/commonmark.py', 'wb')
2026-02-12 01:53:36,644 - DEBUG - [chan 0] open(b'/home/kevin/test/lib/markdown_it/presets/commonmark.py', 'wb') -> 00000000
2026-02-12 01:53:36,644 - DEBUG - Progress: 2869/2869 bytes
2026-02-12 01:53:36,644 - DEBUG - [chan 0] close(00000000)
2026-02-12 01:53:36,646 - DEBUG - [chan 0] stat(b'/home/kevin/test/lib/markdown_it/presets/commonmark.py')
2026-02-12 01:53:36,647 - INFO - Upload completed successfully: commonmark.py
2026-02-12 01:53:36,647 - INFO - Starting upload: lib/markdown_it/presets/__init__.py -> /home/kevin/test/lib/markdown_it/presets/__init__.py (970 bytes)
2026-02-12 01:53:36,649 - DEBUG - [chan 0] open(b'/home/kevin/test/lib/markdown_it/presets/__init__.py', 'wb')
2026-02-12 01:53:36,649 - DEBUG - [chan 0] open(b'/home/kevin/test/lib/markdown_it/presets/__init__.py', 'wb') -> 00000000
2026-02-12 01:53:36,649 - DEBUG - Progress: 970/970 bytes
2026-02-12 01:53:36,649 - DEBUG - [chan 0] close(00000000)
2026-02-12 01:53:36,650 - DEBUG - [chan 0] stat(b'/home/kevin/test/lib/markdown_it/presets/__init__.py')
2026-02-12 01:53:36,652 - INFO - Upload completed successfully: __init__.py
2026-02-12 01:53:36,652 - DEBUG - [chan 0] mkdir(b'/home/kevin/test/lib/markdown_it/presets/__pycache__', 511)
2026-02-12 01:53:36,652 - INFO - Created remote folder: /home/kevin/test/lib/markdown_it/presets/__pycache__
2026-02-12 01:53:36,652 - INFO - Starting upload: lib/markdown_it/presets/__pycache__/zero.cpython-314.pyc -> /home/kevin/test/lib/markdown_it/presets/__pycache__/zero.cpython-314.pyc (1078 bytes)
2026-02-12 01:53:36,654 - DEBUG - [chan 0] open(b'/home/kevin/test/lib/markdown_it/presets/__pycache__/zero.cpython-314.pyc', 'wb')
2026-02-12 01:53:36,654 - DEBUG - [chan 0] open(b'/home/kevin/test/lib/markdown_it/presets/__pycache__/zero.cpython-314.pyc', 'wb') -> 00000000
2026-02-12 01:53:36,654 - DEBUG - Progress: 1078/1078 bytes
2026-02-12 01:53:36,655 - DEBUG - [chan 0] close(00000000)
2026-02-12 01:53:36,655 - DEBUG - [chan 0] stat(b'/home/kevin/test/lib/markdown_it/presets/__pycache__/zero.cpython-314.pyc')
2026-02-12 01:53:36,657 - INFO - Upload completed successfully: zero.cpython-314.pyc
2026-02-12 01:53:36,657 - INFO - Starting upload: lib/markdown_it/presets/__pycache__/default.cpython-314.pyc -> /home/kevin/test/lib/markdown_it/presets/__pycache__/default.cpython-314.pyc (816 bytes)
2026-02-12 01:53:36,658 - DEBUG - [chan 0] open(b'/home/kevin/test/lib/markdown_it/presets/__pycache__/default.cpython-314.pyc', 'wb')
2026-02-12 01:53:36,659 - DEBUG - [chan 0] open(b'/home/kevin/test/lib/markdown_it/presets/__pycache__/default.cpython-314.pyc', 'wb') -> 00000000
2026-02-12 01:53:36,659 - DEBUG - Progress: 816/816 bytes
2026-02-12 01:53:36,659 - DEBUG - [chan 0] close(00000000)
2026-02-12 01:53:36,660 - DEBUG - [chan 0] stat(b'/home/kevin/test/lib/markdown_it/presets/__pycache__/default.cpython-314.pyc')
2026-02-12 01:53:36,661 - INFO - Upload completed successfully: default.cpython-314.pyc
2026-02-12 01:53:36,662 - INFO - Starting upload: lib/markdown_it/presets/__pycache__/commonmark.cpython-314.pyc -> /home/kevin/test/lib/markdown_it/presets/__pycache__/commonmark.cpython-314.pyc (1305 bytes)
2026-02-12 01:53:36,663 - DEBUG - [chan 0] open(b'/home/kevin/test/lib/markdown_it/presets/__pycache__/commonmark.cpython-314.pyc', 'wb')
2026-02-12 01:53:36,664 - DEBUG - [chan 0] open(b'/home/kevin/test/lib/markdown_it/presets/__pycache__/commonmark.cpython-314.pyc', 'wb') -> 00000000
2026-02-12 01:53:36,664 - DEBUG - Progress: 1305/1305 bytes
2026-02-12 01:53:36,664 - DEBUG - [chan 0] close(00000000)
2026-02-12 01:53:36,665 - DEBUG - [chan 0] stat(b'/home/kevin/test/lib/markdown_it/presets/__pycache__/commonmark.cpython-314.pyc')
2026-02-12 01:53:36,666 - INFO - Upload completed successfully: commonmark.cpython-314.pyc
2026-02-12 01:53:36,666 - INFO - Starting upload: lib/markdown_it/presets/__pycache__/__init__.cpython-314.pyc -> /home/kevin/test/lib/markdown_it/presets/__pycache__/__init__.cpython-314.pyc (1931 bytes)
2026-02-12 01:53:36,667 - DEBUG - [chan 0] open(b'/home/kevin/test/lib/markdown_it/presets/__pycache__/__init__.cpython-314.pyc', 'wb')
2026-02-12 01:53:36,668 - DEBUG - [chan 0] open(b'/home/kevin/test/lib/markdown_it/presets/__pycache__/__init__.cpython-314.pyc', 'wb') -> 00000000
2026-02-12 01:53:36,668 - DEBUG - Progress: 1931/1931 bytes
2026-02-12 01:53:36,668 - DEBUG - [chan 0] close(00000000)
2026-02-12 01:53:36,669 - DEBUG - [chan 0] stat(b'/home/kevin/test/lib/markdown_it/presets/__pycache__/__init__.cpython-314.pyc')
2026-02-12 01:53:36,670 - INFO - Upload completed successfully: __init__.cpython-314.pyc
2026-02-12 01:53:36,671 - DEBUG - [chan 0] mkdir(b'/home/kevin/test/lib/markdown_it/helpers', 511)
2026-02-12 01:53:36,671 - INFO - Created remote folder: /home/kevin/test/lib/markdown_it/helpers
2026-02-12 01:53:36,671 - INFO - Starting upload: lib/markdown_it/helpers/parse_link_title.py -> /home/kevin/test/lib/markdown_it/helpers/parse_link_title.py (2273 bytes)
2026-02-12 01:53:36,673 - DEBUG - [chan 0] open(b'/home/kevin/test/lib/markdown_it/helpers/parse_link_title.py', 'wb')
2026-02-12 01:53:36,673 - DEBUG - [chan 0] open(b'/home/kevin/test/lib/markdown_it/helpers/parse_link_title.py', 'wb') -> 00000000
2026-02-12 01:53:36,673 - DEBUG - Progress: 2273/2273 bytes
2026-02-12 01:53:36,673 - DEBUG - [chan 0] close(00000000)
2026-02-12 01:53:36,674 - DEBUG - [chan 0] stat(b'/home/kevin/test/lib/markdown_it/helpers/parse_link_title.py')
2026-02-12 01:53:36,676 - INFO - Upload completed successfully: parse_link_title.py
2026-02-12 01:53:36,676 - INFO - Starting upload: lib/markdown_it/helpers/parse_link_label.py -> /home/kevin/test/lib/markdown_it/helpers/parse_link_label.py (1037 bytes)
2026-02-12 01:53:36,678 - DEBUG - [chan 0] open(b'/home/kevin/test/lib/markdown_it/helpers/parse_link_label.py', 'wb')
2026-02-12 01:53:36,678 - DEBUG - [chan 0] open(b'/home/kevin/test/lib/markdown_it/helpers/parse_link_label.py', 'wb') -> 00000000
2026-02-12 01:53:36,678 - DEBUG - Progress: 1037/1037 bytes
2026-02-12 01:53:36,678 - DEBUG - [chan 0] close(00000000)
2026-02-12 01:53:36,679 - DEBUG - [chan 0] stat(b'/home/kevin/test/lib/markdown_it/helpers/parse_link_label.py')
2026-02-12 01:53:36,681 - INFO - Upload completed successfully: parse_link_label.py
2026-02-12 01:53:36,681 - INFO - Starting upload: lib/markdown_it/helpers/parse_link_destination.py -> /home/kevin/test/lib/markdown_it/helpers/parse_link_destination.py (1906 bytes)
2026-02-12 01:53:36,682 - DEBUG - [chan 0] open(b'/home/kevin/test/lib/markdown_it/helpers/parse_link_destination.py', 'wb')
2026-02-12 01:53:36,682 - DEBUG - [chan 0] open(b'/home/kevin/test/lib/markdown_it/helpers/parse_link_destination.py', 'wb') -> 00000000
2026-02-12 01:53:36,683 - DEBUG - Progress: 1906/1906 bytes
2026-02-12 01:53:36,683 - DEBUG - [chan 0] close(00000000)
2026-02-12 01:53:36,684 - DEBUG - [chan 0] stat(b'/home/kevin/test/lib/markdown_it/helpers/parse_link_destination.py')
2026-02-12 01:53:36,686 - INFO - Upload completed successfully: parse_link_destination.py
2026-02-12 01:53:36,686 - INFO - Starting upload: lib/markdown_it/helpers/__init__.py -> /home/kevin/test/lib/markdown_it/helpers/__init__.py (253 bytes)
2026-02-12 01:53:36,688 - DEBUG - [chan 0] open(b'/home/kevin/test/lib/markdown_it/helpers/__init__.py', 'wb')
2026-02-12 01:53:36,688 - DEBUG - [chan 0] open(b'/home/kevin/test/lib/markdown_it/helpers/__init__.py', 'wb') -> 00000000
2026-02-12 01:53:36,688 - DEBUG - Progress: 253/253 bytes
2026-02-12 01:53:36,689 - DEBUG - [chan 0] close(00000000)
2026-02-12 01:53:36,689 - DEBUG - [chan 0] stat(b'/home/kevin/test/lib/markdown_it/helpers/__init__.py')
2026-02-12 01:53:36,691 - INFO - Upload completed successfully: __init__.py
2026-02-12 01:53:36,691 - DEBUG - [chan 0] mkdir(b'/home/kevin/test/lib/markdown_it/helpers/__pycache__', 511)
2026-02-12 01:53:36,691 - INFO - Created remote folder: /home/kevin/test/lib/markdown_it/helpers/__pycache__
2026-02-12 01:53:36,692 - INFO - Starting upload: lib/markdown_it/helpers/__pycache__/parse_link_title.cpython-314.pyc -> /home/kevin/test/lib/markdown_it/helpers/__pycache__/parse_link_title.cpython-314.pyc (2966 bytes)
2026-02-12 01:53:36,693 - DEBUG - [chan 0] open(b'/home/kevin/test/lib/markdown_it/helpers/__pycache__/parse_link_title.cpython-314.pyc', 'wb')
2026-02-12 01:53:36,694 - DEBUG - [chan 0] open(b'/home/kevin/test/lib/markdown_it/helpers/__pycache__/parse_link_title.cpython-314.pyc', 'wb') -> 00000000
2026-02-12 01:53:36,694 - DEBUG - Progress: 2966/2966 bytes
2026-02-12 01:53:36,694 - DEBUG - [chan 0] close(00000000)
2026-02-12 01:53:36,695 - DEBUG - [chan 0] stat(b'/home/kevin/test/lib/markdown_it/helpers/__pycache__/parse_link_title.cpython-314.pyc')
2026-02-12 01:53:36,696 - INFO - Upload completed successfully: parse_link_title.cpython-314.pyc
2026-02-12 01:53:36,697 - INFO - Starting upload: lib/markdown_it/helpers/__pycache__/parse_link_label.cpython-314.pyc -> /home/kevin/test/lib/markdown_it/helpers/__pycache__/parse_link_label.cpython-314.pyc (1576 bytes)
2026-02-12 01:53:36,698 - DEBUG - [chan 0] open(b'/home/kevin/test/lib/markdown_it/helpers/__pycache__/parse_link_label.cpython-314.pyc', 'wb')
2026-02-12 01:53:36,699 - DEBUG - [chan 0] open(b'/home/kevin/test/lib/markdown_it/helpers/__pycache__/parse_link_label.cpython-314.pyc', 'wb') -> 00000000
2026-02-12 01:53:36,699 - DEBUG - Progress: 1576/1576 bytes
2026-02-12 01:53:36,699 - DEBUG - [chan 0] close(00000000)
2026-02-12 01:53:36,700 - DEBUG - [chan 0] stat(b'/home/kevin/test/lib/markdown_it/helpers/__pycache__/parse_link_label.cpython-314.pyc')
2026-02-12 01:53:36,702 - INFO - Upload completed successfully: parse_link_label.cpython-314.pyc
2026-02-12 01:53:36,702 - INFO - Starting upload: lib/markdown_it/helpers/__pycache__/parse_link_destination.cpython-314.pyc -> /home/kevin/test/lib/markdown_it/helpers/__pycache__/parse_link_destination.cpython-314.pyc (2563 bytes)
2026-02-12 01:53:36,703 - DEBUG - [chan 0] open(b'/home/kevin/test/lib/markdown_it/helpers/__pycache__/parse_link_destination.cpython-314.pyc', 'wb')
2026-02-12 01:53:36,704 - DEBUG - [chan 0] open(b'/home/kevin/test/lib/markdown_it/helpers/__pycache__/parse_link_destination.cpython-314.pyc', 'wb') -> 00000000
2026-02-12 01:53:36,704 - DEBUG - Progress: 2563/2563 bytes
2026-02-12 01:53:36,704 - DEBUG - [chan 0] close(00000000)
2026-02-12 01:53:36,705 - DEBUG - [chan 0] stat(b'/home/kevin/test/lib/markdown_it/helpers/__pycache__/parse_link_destination.cpython-314.pyc')
2026-02-12 01:53:36,707 - INFO - Upload completed successfully: parse_link_destination.cpython-314.pyc
2026-02-12 01:53:36,707 - INFO - Starting upload: lib/markdown_it/helpers/__pycache__/__init__.cpython-314.pyc -> /home/kevin/test/lib/markdown_it/helpers/__pycache__/__init__.cpython-314.pyc (423 bytes)
2026-02-12 01:53:36,710 - DEBUG - [chan 0] open(b'/home/kevin/test/lib/markdown_it/helpers/__pycache__/__init__.cpython-314.pyc', 'wb')
2026-02-12 01:53:36,710 - DEBUG - [chan 0] open(b'/home/kevin/test/lib/markdown_it/helpers/__pycache__/__init__.cpython-314.pyc', 'wb') -> 00000000
2026-02-12 01:53:36,710 - DEBUG - Progress: 423/423 bytes
2026-02-12 01:53:36,710 - DEBUG - [chan 0] close(00000000)
2026-02-12 01:53:36,711 - DEBUG - [chan 0] stat(b'/home/kevin/test/lib/markdown_it/helpers/__pycache__/__init__.cpython-314.pyc')
2026-02-12 01:53:36,713 - INFO - Upload completed successfully: __init__.cpython-314.pyc
2026-02-12 01:53:36,713 - DEBUG - [chan 0] mkdir(b'/home/kevin/test/lib/markdown_it/common', 511)
2026-02-12 01:53:36,713 - INFO - Created remote folder: /home/kevin/test/lib/markdown_it/common
2026-02-12 01:53:36,713 - INFO - Starting upload: lib/markdown_it/common/utils.py -> /home/kevin/test/lib/markdown_it/common/utils.py (8734 bytes)
2026-02-12 01:53:36,715 - DEBUG - [chan 0] open(b'/home/kevin/test/lib/markdown_it/common/utils.py', 'wb')
2026-02-12 01:53:36,716 - DEBUG - [chan 0] open(b'/home/kevin/test/lib/markdown_it/common/utils.py', 'wb') -> 00000000
2026-02-12 01:53:36,716 - DEBUG - Progress: 8734/8734 bytes
2026-02-12 01:53:36,716 - DEBUG - [chan 0] close(00000000)
2026-02-12 01:53:36,717 - DEBUG - [chan 0] stat(b'/home/kevin/test/lib/markdown_it/common/utils.py')
2026-02-12 01:53:36,719 - INFO - Upload completed successfully: utils.py
2026-02-12 01:53:36,719 - INFO - Starting upload: lib/markdown_it/common/normalize_url.py -> /home/kevin/test/lib/markdown_it/common/normalize_url.py (2568 bytes)
2026-02-12 01:53:36,721 - DEBUG - [chan 0] open(b'/home/kevin/test/lib/markdown_it/common/normalize_url.py', 'wb')
2026-02-12 01:53:36,721 - DEBUG - [chan 0] open(b'/home/kevin/test/lib/markdown_it/common/normalize_url.py', 'wb') -> 00000000
2026-02-12 01:53:36,721 - DEBUG - Progress: 2568/2568 bytes
2026-02-12 01:53:36,722 - DEBUG - [chan 0] close(00000000)
2026-02-12 01:53:36,723 - DEBUG - [chan 0] stat(b'/home/kevin/test/lib/markdown_it/common/normalize_url.py')
2026-02-12 01:53:36,724 - INFO - Upload completed successfully: normalize_url.py
2026-02-12 01:53:36,724 - INFO - Starting upload: lib/markdown_it/common/html_re.py -> /home/kevin/test/lib/markdown_it/common/html_re.py (926 bytes)
2026-02-12 01:53:36,726 - DEBUG - [chan 0] open(b'/home/kevin/test/lib/markdown_it/common/html_re.py', 'wb')
2026-02-12 01:53:36,726 - DEBUG - [chan 0] open(b'/home/kevin/test/lib/markdown_it/common/html_re.py', 'wb') -> 00000000
2026-02-12 01:53:36,726 - DEBUG - Progress: 926/926 bytes
2026-02-12 01:53:36,726 - DEBUG - [chan 0] close(00000000)
2026-02-12 01:53:36,727 - DEBUG - [chan 0] stat(b'/home/kevin/test/lib/markdown_it/common/html_re.py')
2026-02-12 01:53:36,729 - INFO - Upload completed successfully: html_re.py
2026-02-12 01:53:36,729 - INFO - Starting upload: lib/markdown_it/common/html_blocks.py -> /home/kevin/test/lib/markdown_it/common/html_blocks.py (986 bytes)
2026-02-12 01:53:36,730 - DEBUG - [chan 0] open(b'/home/kevin/test/lib/markdown_it/common/html_blocks.py', 'wb')
2026-02-12 01:53:36,731 - DEBUG - [chan 0] open(b'/home/kevin/test/lib/markdown_it/common/html_blocks.py', 'wb') -> 00000000
2026-02-12 01:53:36,731 - DEBUG - Progress: 986/986 bytes
2026-02-12 01:53:36,731 - DEBUG - [chan 0] close(00000000)
2026-02-12 01:53:36,732 - DEBUG - [chan 0] stat(b'/home/kevin/test/lib/markdown_it/common/html_blocks.py')
2026-02-12 01:53:36,733 - INFO - Upload completed successfully: html_blocks.py
2026-02-12 01:53:36,733 - INFO - Starting upload: lib/markdown_it/common/entities.py -> /home/kevin/test/lib/markdown_it/common/entities.py (157 bytes)
2026-02-12 01:53:36,735 - DEBUG - [chan 0] open(b'/home/kevin/test/lib/markdown_it/common/entities.py', 'wb')
2026-02-12 01:53:36,735 - DEBUG - [chan 0] open(b'/home/kevin/test/lib/markdown_it/common/entities.py', 'wb') -> 00000000
2026-02-12 01:53:36,735 - DEBUG - Progress: 157/157 bytes
2026-02-12 01:53:36,735 - DEBUG - [chan 0] close(00000000)
2026-02-12 01:53:36,736 - DEBUG - [chan 0] stat(b'/home/kevin/test/lib/markdown_it/common/entities.py')
2026-02-12 01:53:36,737 - INFO - Upload completed successfully: entities.py
2026-02-12 01:53:36,738 - INFO - Starting upload: lib/markdown_it/common/__init__.py -> /home/kevin/test/lib/markdown_it/common/__init__.py (0 bytes)
2026-02-12 01:53:36,739 - DEBUG - [chan 0] open(b'/home/kevin/test/lib/markdown_it/common/__init__.py', 'wb')
2026-02-12 01:53:36,740 - DEBUG - [chan 0] open(b'/home/kevin/test/lib/markdown_it/common/__init__.py', 'wb') -> 00000000
2026-02-12 01:53:36,740 - DEBUG - [chan 0] close(00000000)
2026-02-12 01:53:36,740 - DEBUG - [chan 0] stat(b'/home/kevin/test/lib/markdown_it/common/__init__.py')
2026-02-12 01:53:36,742 - INFO - Upload completed successfully: __init__.py
2026-02-12 01:53:36,742 - DEBUG - [chan 0] mkdir(b'/home/kevin/test/lib/markdown_it/common/__pycache__', 511)
2026-02-12 01:53:36,742 - INFO - Created remote folder: /home/kevin/test/lib/markdown_it/common/__pycache__
2026-02-12 01:53:36,742 - INFO - Starting upload: lib/markdown_it/common/__pycache__/utils.cpython-314.pyc -> /home/kevin/test/lib/markdown_it/common/__pycache__/utils.cpython-314.pyc (11186 bytes)
2026-02-12 01:53:36,744 - DEBUG - [chan 0] open(b'/home/kevin/test/lib/markdown_it/common/__pycache__/utils.cpython-314.pyc', 'wb')
2026-02-12 01:53:36,744 - DEBUG - [chan 0] open(b'/home/kevin/test/lib/markdown_it/common/__pycache__/utils.cpython-314.pyc', 'wb') -> 00000000
2026-02-12 01:53:36,745 - DEBUG - Progress: 11186/11186 bytes
2026-02-12 01:53:36,745 - DEBUG - [chan 0] close(00000000)
2026-02-12 01:53:36,747 - DEBUG - [chan 0] stat(b'/home/kevin/test/lib/markdown_it/common/__pycache__/utils.cpython-314.pyc')
2026-02-12 01:53:36,748 - INFO - Upload completed successfully: utils.cpython-314.pyc
2026-02-12 01:53:36,748 - INFO - Starting upload: lib/markdown_it/common/__pycache__/normalize_url.cpython-314.pyc -> /home/kevin/test/lib/markdown_it/common/__pycache__/normalize_url.cpython-314.pyc (3844 bytes)
2026-02-12 01:53:36,750 - DEBUG - [chan 0] open(b'/home/kevin/test/lib/markdown_it/common/__pycache__/normalize_url.cpython-314.pyc', 'wb')
2026-02-12 01:53:36,750 - DEBUG - [chan 0] open(b'/home/kevin/test/lib/markdown_it/common/__pycache__/normalize_url.cpython-314.pyc', 'wb') -> 00000000
2026-02-12 01:53:36,750 - DEBUG - Progress: 3844/3844 bytes
2026-02-12 01:53:36,750 - DEBUG - [chan 0] close(00000000)
2026-02-12 01:53:36,752 - DEBUG - [chan 0] stat(b'/home/kevin/test/lib/markdown_it/common/__pycache__/normalize_url.cpython-314.pyc')
2026-02-12 01:53:36,753 - INFO - Upload completed successfully: normalize_url.cpython-314.pyc
2026-02-12 01:53:36,753 - INFO - Starting upload: lib/markdown_it/common/__pycache__/html_re.cpython-314.pyc -> /home/kevin/test/lib/markdown_it/common/__pycache__/html_re.cpython-314.pyc (1520 bytes)
2026-02-12 01:53:36,755 - DEBUG - [chan 0] open(b'/home/kevin/test/lib/markdown_it/common/__pycache__/html_re.cpython-314.pyc', 'wb')
2026-02-12 01:53:36,755 - DEBUG - [chan 0] open(b'/home/kevin/test/lib/markdown_it/common/__pycache__/html_re.cpython-314.pyc', 'wb') -> 00000000
2026-02-12 01:53:36,755 - DEBUG - Progress: 1520/1520 bytes
2026-02-12 01:53:36,755 - DEBUG - [chan 0] close(00000000)
2026-02-12 01:53:36,756 - DEBUG - [chan 0] stat(b'/home/kevin/test/lib/markdown_it/common/__pycache__/html_re.cpython-314.pyc')
2026-02-12 01:53:36,758 - INFO - Upload completed successfully: html_re.cpython-314.pyc
2026-02-12 01:53:36,758 - INFO - Starting upload: lib/markdown_it/common/__pycache__/html_blocks.cpython-314.pyc -> /home/kevin/test/lib/markdown_it/common/__pycache__/html_blocks.cpython-314.pyc (1669 bytes)
2026-02-12 01:53:36,759 - DEBUG - [chan 0] open(b'/home/kevin/test/lib/markdown_it/common/__pycache__/html_blocks.cpython-314.pyc', 'wb')
2026-02-12 01:53:36,760 - DEBUG - [chan 0] open(b'/home/kevin/test/lib/markdown_it/common/__pycache__/html_blocks.cpython-314.pyc', 'wb') -> 00000000
2026-02-12 01:53:36,760 - DEBUG - Progress: 1669/1669 bytes
2026-02-12 01:53:36,760 - DEBUG - [chan 0] close(00000000)
2026-02-12 01:53:36,761 - DEBUG - [chan 0] stat(b'/home/kevin/test/lib/markdown_it/common/__pycache__/html_blocks.cpython-314.pyc')
2026-02-12 01:53:36,762 - INFO - Upload completed successfully: html_blocks.cpython-314.pyc
2026-02-12 01:53:36,762 - INFO - Starting upload: lib/markdown_it/common/__pycache__/entities.cpython-314.pyc -> /home/kevin/test/lib/markdown_it/common/__pycache__/entities.cpython-314.pyc (526 bytes)
2026-02-12 01:53:36,764 - DEBUG - [chan 0] open(b'/home/kevin/test/lib/markdown_it/common/__pycache__/entities.cpython-314.pyc', 'wb')
2026-02-12 01:53:36,764 - DEBUG - [chan 0] open(b'/home/kevin/test/lib/markdown_it/common/__pycache__/entities.cpython-314.pyc', 'wb') -> 00000000
2026-02-12 01:53:36,764 - DEBUG - Progress: 526/526 bytes
2026-02-12 01:53:36,764 - DEBUG - [chan 0] close(00000000)
2026-02-12 01:53:36,765 - DEBUG - [chan 0] stat(b'/home/kevin/test/lib/markdown_it/common/__pycache__/entities.cpython-314.pyc')
2026-02-12 01:53:36,766 - INFO - Upload completed successfully: entities.cpython-314.pyc
2026-02-12 01:53:36,767 - INFO - Starting upload: lib/markdown_it/common/__pycache__/__init__.cpython-314.pyc -> /home/kevin/test/lib/markdown_it/common/__pycache__/__init__.cpython-314.pyc (165 bytes)
2026-02-12 01:53:36,768 - DEBUG - [chan 0] open(b'/home/kevin/test/lib/markdown_it/common/__pycache__/__init__.cpython-314.pyc', 'wb')
2026-02-12 01:53:36,769 - DEBUG - [chan 0] open(b'/home/kevin/test/lib/markdown_it/common/__pycache__/__init__.cpython-314.pyc', 'wb') -> 00000000
2026-02-12 01:53:36,769 - DEBUG - Progress: 165/165 bytes
2026-02-12 01:53:36,769 - DEBUG - [chan 0] close(00000000)
2026-02-12 01:53:36,770 - DEBUG - [chan 0] stat(b'/home/kevin/test/lib/markdown_it/common/__pycache__/__init__.cpython-314.pyc')
2026-02-12 01:53:36,771 - INFO - Upload completed successfully: __init__.cpython-314.pyc
2026-02-12 01:53:36,771 - DEBUG - [chan 0] mkdir(b'/home/kevin/test/lib/markdown_it/cli', 511)
2026-02-12 01:53:36,772 - INFO - Created remote folder: /home/kevin/test/lib/markdown_it/cli
2026-02-12 01:53:36,772 - INFO - Starting upload: lib/markdown_it/cli/parse.py -> /home/kevin/test/lib/markdown_it/cli/parse.py (2881 bytes)
2026-02-12 01:53:36,773 - DEBUG - [chan 0] open(b'/home/kevin/test/lib/markdown_it/cli/parse.py', 'wb')
2026-02-12 01:53:36,774 - DEBUG - [chan 0] open(b'/home/kevin/test/lib/markdown_it/cli/parse.py', 'wb') -> 00000000
2026-02-12 01:53:36,774 - DEBUG - Progress: 2881/2881 bytes
2026-02-12 01:53:36,774 - DEBUG - [chan 0] close(00000000)
2026-02-12 01:53:36,775 - DEBUG - [chan 0] stat(b'/home/kevin/test/lib/markdown_it/cli/parse.py')
2026-02-12 01:53:36,777 - INFO - Upload completed successfully: parse.py
2026-02-12 01:53:36,777 - INFO - Starting upload: lib/markdown_it/cli/__init__.py -> /home/kevin/test/lib/markdown_it/cli/__init__.py (0 bytes)
2026-02-12 01:53:36,778 - DEBUG - [chan 0] open(b'/home/kevin/test/lib/markdown_it/cli/__init__.py', 'wb')
2026-02-12 01:53:36,779 - DEBUG - [chan 0] open(b'/home/kevin/test/lib/markdown_it/cli/__init__.py', 'wb') -> 00000000
2026-02-12 01:53:36,779 - DEBUG - [chan 0] close(00000000)
2026-02-12 01:53:36,779 - DEBUG - [chan 0] stat(b'/home/kevin/test/lib/markdown_it/cli/__init__.py')
2026-02-12 01:53:36,781 - INFO - Upload completed successfully: __init__.py
2026-02-12 01:53:36,781 - DEBUG - [chan 0] mkdir(b'/home/kevin/test/lib/markdown_it/cli/__pycache__', 511)
2026-02-12 01:53:36,781 - INFO - Created remote folder: /home/kevin/test/lib/markdown_it/cli/__pycache__
2026-02-12 01:53:36,782 - INFO - Starting upload: lib/markdown_it/cli/__pycache__/parse.cpython-314.pyc -> /home/kevin/test/lib/markdown_it/cli/__pycache__/parse.cpython-314.pyc (5338 bytes)
2026-02-12 01:53:36,783 - DEBUG - [chan 0] open(b'/home/kevin/test/lib/markdown_it/cli/__pycache__/parse.cpython-314.pyc', 'wb')
2026-02-12 01:53:36,784 - DEBUG - [chan 0] open(b'/home/kevin/test/lib/markdown_it/cli/__pycache__/parse.cpython-314.pyc', 'wb') -> 00000000
2026-02-12 01:53:36,784 - DEBUG - Progress: 5338/5338 bytes
2026-02-12 01:53:36,784 - DEBUG - [chan 0] close(00000000)
2026-02-12 01:53:36,785 - DEBUG - [chan 0] stat(b'/home/kevin/test/lib/markdown_it/cli/__pycache__/parse.cpython-314.pyc')
2026-02-12 01:53:36,787 - INFO - Upload completed successfully: parse.cpython-314.pyc
2026-02-12 01:53:36,787 - INFO - Starting upload: lib/markdown_it/cli/__pycache__/__init__.cpython-314.pyc -> /home/kevin/test/lib/markdown_it/cli/__pycache__/__init__.cpython-314.pyc (162 bytes)
2026-02-12 01:53:36,788 - DEBUG - [chan 0] open(b'/home/kevin/test/lib/markdown_it/cli/__pycache__/__init__.cpython-314.pyc', 'wb')
2026-02-12 01:53:36,789 - DEBUG - [chan 0] open(b'/home/kevin/test/lib/markdown_it/cli/__pycache__/__init__.cpython-314.pyc', 'wb') -> 00000000
2026-02-12 01:53:36,789 - DEBUG - Progress: 162/162 bytes
2026-02-12 01:53:36,789 - DEBUG - [chan 0] close(00000000)
2026-02-12 01:53:36,790 - DEBUG - [chan 0] stat(b'/home/kevin/test/lib/markdown_it/cli/__pycache__/__init__.cpython-314.pyc')
2026-02-12 01:53:36,791 - INFO - Upload completed successfully: __init__.cpython-314.pyc
2026-02-12 01:53:36,791 - DEBUG - [chan 0] mkdir(b'/home/kevin/test/lib/mdurl-0.1.2.dist-info', 511)
2026-02-12 01:53:36,792 - INFO - Created remote folder: /home/kevin/test/lib/mdurl-0.1.2.dist-info
2026-02-12 01:53:36,792 - INFO - Starting upload: lib/mdurl-0.1.2.dist-info/RECORD -> /home/kevin/test/lib/mdurl-0.1.2.dist-info/RECORD (1152 bytes)
2026-02-12 01:53:36,793 - DEBUG - [chan 0] open(b'/home/kevin/test/lib/mdurl-0.1.2.dist-info/RECORD', 'wb')
2026-02-12 01:53:36,794 - DEBUG - [chan 0] open(b'/home/kevin/test/lib/mdurl-0.1.2.dist-info/RECORD', 'wb') -> 00000000
2026-02-12 01:53:36,794 - DEBUG - Progress: 1152/1152 bytes
2026-02-12 01:53:36,794 - DEBUG - [chan 0] close(00000000)
2026-02-12 01:53:36,795 - DEBUG - [chan 0] stat(b'/home/kevin/test/lib/mdurl-0.1.2.dist-info/RECORD')
2026-02-12 01:53:36,796 - INFO - Upload completed successfully: RECORD
2026-02-12 01:53:36,796 - INFO - Starting upload: lib/mdurl-0.1.2.dist-info/INSTALLER -> /home/kevin/test/lib/mdurl-0.1.2.dist-info/INSTALLER (4 bytes)
2026-02-12 01:53:36,798 - DEBUG - [chan 0] open(b'/home/kevin/test/lib/mdurl-0.1.2.dist-info/INSTALLER', 'wb')
2026-02-12 01:53:36,798 - DEBUG - [chan 0] open(b'/home/kevin/test/lib/mdurl-0.1.2.dist-info/INSTALLER', 'wb') -> 00000000
2026-02-12 01:53:36,798 - DEBUG - Progress: 4/4 bytes
2026-02-12 01:53:36,798 - DEBUG - [chan 0] close(00000000)
2026-02-12 01:53:36,799 - DEBUG - [chan 0] stat(b'/home/kevin/test/lib/mdurl-0.1.2.dist-info/INSTALLER')
2026-02-12 01:53:36,800 - INFO - Upload completed successfully: INSTALLER
2026-02-12 01:53:36,801 - INFO - Starting upload: lib/mdurl-0.1.2.dist-info/METADATA -> /home/kevin/test/lib/mdurl-0.1.2.dist-info/METADATA (1638 bytes)
2026-02-12 01:53:36,802 - DEBUG - [chan 0] open(b'/home/kevin/test/lib/mdurl-0.1.2.dist-info/METADATA', 'wb')
2026-02-12 01:53:36,802 - DEBUG - [chan 0] open(b'/home/kevin/test/lib/mdurl-0.1.2.dist-info/METADATA', 'wb') -> 00000000
2026-02-12 01:53:36,803 - DEBUG - Progress: 1638/1638 bytes
2026-02-12 01:53:36,803 - DEBUG - [chan 0] close(00000000)
2026-02-12 01:53:36,803 - DEBUG - [chan 0] stat(b'/home/kevin/test/lib/mdurl-0.1.2.dist-info/METADATA')
2026-02-12 01:53:36,805 - INFO - Upload completed successfully: METADATA
2026-02-12 01:53:36,805 - INFO - Starting upload: lib/mdurl-0.1.2.dist-info/WHEEL -> /home/kevin/test/lib/mdurl-0.1.2.dist-info/WHEEL (81 bytes)
2026-02-12 01:53:36,806 - DEBUG - [chan 0] open(b'/home/kevin/test/lib/mdurl-0.1.2.dist-info/WHEEL', 'wb')
2026-02-12 01:53:36,807 - DEBUG - [chan 0] open(b'/home/kevin/test/lib/mdurl-0.1.2.dist-info/WHEEL', 'wb') -> 00000000
2026-02-12 01:53:36,807 - DEBUG - Progress: 81/81 bytes
2026-02-12 01:53:36,807 - DEBUG - [chan 0] close(00000000)
2026-02-12 01:53:36,808 - DEBUG - [chan 0] stat(b'/home/kevin/test/lib/mdurl-0.1.2.dist-info/WHEEL')
2026-02-12 01:53:36,809 - INFO - Upload completed successfully: WHEEL
2026-02-12 01:53:36,809 - INFO - Starting upload: lib/mdurl-0.1.2.dist-info/LICENSE -> /home/kevin/test/lib/mdurl-0.1.2.dist-info/LICENSE (2338 bytes)
2026-02-12 01:53:36,811 - DEBUG - [chan 0] open(b'/home/kevin/test/lib/mdurl-0.1.2.dist-info/LICENSE', 'wb')
2026-02-12 01:53:36,811 - DEBUG - [chan 0] open(b'/home/kevin/test/lib/mdurl-0.1.2.dist-info/LICENSE', 'wb') -> 00000000
2026-02-12 01:53:36,811 - DEBUG - Progress: 2338/2338 bytes
2026-02-12 01:53:36,812 - DEBUG - [chan 0] close(00000000)
2026-02-12 01:53:36,813 - DEBUG - [chan 0] stat(b'/home/kevin/test/lib/mdurl-0.1.2.dist-info/LICENSE')
2026-02-12 01:53:36,814 - INFO - Upload completed successfully: LICENSE
2026-02-12 01:53:36,814 - DEBUG - [chan 0] mkdir(b'/home/kevin/test/lib/mdurl', 511)
2026-02-12 01:53:36,815 - INFO - Created remote folder: /home/kevin/test/lib/mdurl
2026-02-12 01:53:36,815 - INFO - Starting upload: lib/mdurl/py.typed -> /home/kevin/test/lib/mdurl/py.typed (26 bytes)
2026-02-12 01:53:36,816 - DEBUG - [chan 0] open(b'/home/kevin/test/lib/mdurl/py.typed', 'wb')
2026-02-12 01:53:36,817 - DEBUG - [chan 0] open(b'/home/kevin/test/lib/mdurl/py.typed', 'wb') -> 00000000
2026-02-12 01:53:36,817 - DEBUG - Progress: 26/26 bytes
2026-02-12 01:53:36,817 - DEBUG - [chan 0] close(00000000)
2026-02-12 01:53:36,818 - DEBUG - [chan 0] stat(b'/home/kevin/test/lib/mdurl/py.typed')
2026-02-12 01:53:36,819 - INFO - Upload completed successfully: py.typed
2026-02-12 01:53:36,819 - INFO - Starting upload: lib/mdurl/_url.py -> /home/kevin/test/lib/mdurl/_url.py (284 bytes)
2026-02-12 01:53:36,821 - DEBUG - [chan 0] open(b'/home/kevin/test/lib/mdurl/_url.py', 'wb')
2026-02-12 01:53:36,821 - DEBUG - [chan 0] open(b'/home/kevin/test/lib/mdurl/_url.py', 'wb') -> 00000000
2026-02-12 01:53:36,821 - DEBUG - Progress: 284/284 bytes
2026-02-12 01:53:36,821 - DEBUG - [chan 0] close(00000000)
2026-02-12 01:53:36,822 - DEBUG - [chan 0] stat(b'/home/kevin/test/lib/mdurl/_url.py')
2026-02-12 01:53:36,824 - INFO - Upload completed successfully: _url.py
2026-02-12 01:53:36,824 - INFO - Starting upload: lib/mdurl/_parse.py -> /home/kevin/test/lib/mdurl/_parse.py (11374 bytes)
2026-02-12 01:53:36,825 - DEBUG - [chan 0] open(b'/home/kevin/test/lib/mdurl/_parse.py', 'wb')
2026-02-12 01:53:36,826 - DEBUG - [chan 0] open(b'/home/kevin/test/lib/mdurl/_parse.py', 'wb') -> 00000000
2026-02-12 01:53:36,826 - DEBUG - Progress: 11374/11374 bytes
2026-02-12 01:53:36,826 - DEBUG - [chan 0] close(00000000)
2026-02-12 01:53:36,827 - DEBUG - [chan 0] stat(b'/home/kevin/test/lib/mdurl/_parse.py')
2026-02-12 01:53:36,829 - INFO - Upload completed successfully: _parse.py
2026-02-12 01:53:36,829 - INFO - Starting upload: lib/mdurl/_format.py -> /home/kevin/test/lib/mdurl/_format.py (626 bytes)
2026-02-12 01:53:36,830 - DEBUG - [chan 0] open(b'/home/kevin/test/lib/mdurl/_format.py', 'wb')
2026-02-12 01:53:36,831 - DEBUG - [chan 0] open(b'/home/kevin/test/lib/mdurl/_format.py', 'wb') -> 00000000
2026-02-12 01:53:36,831 - DEBUG - Progress: 626/626 bytes
2026-02-12 01:53:36,831 - DEBUG - [chan 0] close(00000000)
2026-02-12 01:53:36,832 - DEBUG - [chan 0] stat(b'/home/kevin/test/lib/mdurl/_format.py')
2026-02-12 01:53:36,833 - INFO - Upload completed successfully: _format.py
2026-02-12 01:53:36,833 - INFO - Starting upload: lib/mdurl/_encode.py -> /home/kevin/test/lib/mdurl/_encode.py (2602 bytes)
2026-02-12 01:53:36,835 - DEBUG - [chan 0] open(b'/home/kevin/test/lib/mdurl/_encode.py', 'wb')
2026-02-12 01:53:36,836 - DEBUG - [chan 0] open(b'/home/kevin/test/lib/mdurl/_encode.py', 'wb') -> 00000000
2026-02-12 01:53:36,836 - DEBUG - Progress: 2602/2602 bytes
2026-02-12 01:53:36,836 - DEBUG - [chan 0] close(00000000)
2026-02-12 01:53:36,837 - DEBUG - [chan 0] stat(b'/home/kevin/test/lib/mdurl/_encode.py')
2026-02-12 01:53:36,839 - INFO - Upload completed successfully: _encode.py
2026-02-12 01:53:36,839 - INFO - Starting upload: lib/mdurl/_decode.py -> /home/kevin/test/lib/mdurl/_decode.py (3004 bytes)
2026-02-12 01:53:36,841 - DEBUG - [chan 0] open(b'/home/kevin/test/lib/mdurl/_decode.py', 'wb')
2026-02-12 01:53:36,841 - DEBUG - [chan 0] open(b'/home/kevin/test/lib/mdurl/_decode.py', 'wb') -> 00000000
2026-02-12 01:53:36,841 - DEBUG - Progress: 3004/3004 bytes
2026-02-12 01:53:36,841 - DEBUG - [chan 0] close(00000000)
2026-02-12 01:53:36,843 - DEBUG - [chan 0] stat(b'/home/kevin/test/lib/mdurl/_decode.py')
2026-02-12 01:53:36,844 - INFO - Upload completed successfully: _decode.py
2026-02-12 01:53:36,844 - INFO - Starting upload: lib/mdurl/__init__.py -> /home/kevin/test/lib/mdurl/__init__.py (547 bytes)
2026-02-12 01:53:36,846 - DEBUG - [chan 0] open(b'/home/kevin/test/lib/mdurl/__init__.py', 'wb')
2026-02-12 01:53:36,846 - DEBUG - [chan 0] open(b'/home/kevin/test/lib/mdurl/__init__.py', 'wb') -> 00000000
2026-02-12 01:53:36,846 - DEBUG - Progress: 547/547 bytes
2026-02-12 01:53:36,847 - DEBUG - [chan 0] close(00000000)
2026-02-12 01:53:36,848 - DEBUG - [chan 0] stat(b'/home/kevin/test/lib/mdurl/__init__.py')
2026-02-12 01:53:36,849 - INFO - Upload completed successfully: __init__.py
2026-02-12 01:53:36,850 - DEBUG - [chan 0] mkdir(b'/home/kevin/test/lib/mdurl/__pycache__', 511)
2026-02-12 01:53:36,850 - INFO - Created remote folder: /home/kevin/test/lib/mdurl/__pycache__
2026-02-12 01:53:36,850 - INFO - Starting upload: lib/mdurl/__pycache__/_url.cpython-314.pyc -> /home/kevin/test/lib/mdurl/__pycache__/_url.cpython-314.pyc (692 bytes)
2026-02-12 01:53:36,852 - DEBUG - [chan 0] open(b'/home/kevin/test/lib/mdurl/__pycache__/_url.cpython-314.pyc', 'wb')
2026-02-12 01:53:36,852 - DEBUG - [chan 0] open(b'/home/kevin/test/lib/mdurl/__pycache__/_url.cpython-314.pyc', 'wb') -> 00000000
2026-02-12 01:53:36,852 - DEBUG - Progress: 692/692 bytes
2026-02-12 01:53:36,852 - DEBUG - [chan 0] close(00000000)
2026-02-12 01:53:36,853 - DEBUG - [chan 0] stat(b'/home/kevin/test/lib/mdurl/__pycache__/_url.cpython-314.pyc')
2026-02-12 01:53:36,854 - INFO - Upload completed successfully: _url.cpython-314.pyc
2026-02-12 01:53:36,854 - INFO - Starting upload: lib/mdurl/__pycache__/_parse.cpython-314.pyc -> /home/kevin/test/lib/mdurl/__pycache__/_parse.cpython-314.pyc (8579 bytes)
2026-02-12 01:53:36,856 - DEBUG - [chan 0] open(b'/home/kevin/test/lib/mdurl/__pycache__/_parse.cpython-314.pyc', 'wb')
2026-02-12 01:53:36,857 - DEBUG - [chan 0] open(b'/home/kevin/test/lib/mdurl/__pycache__/_parse.cpython-314.pyc', 'wb') -> 00000000
2026-02-12 01:53:36,857 - DEBUG - Progress: 8579/8579 bytes
2026-02-12 01:53:36,857 - DEBUG - [chan 0] close(00000000)
2026-02-12 01:53:36,858 - DEBUG - [chan 0] stat(b'/home/kevin/test/lib/mdurl/__pycache__/_parse.cpython-314.pyc')
2026-02-12 01:53:36,860 - INFO - Upload completed successfully: _parse.cpython-314.pyc
2026-02-12 01:53:36,860 - INFO - Starting upload: lib/mdurl/__pycache__/_format.cpython-314.pyc -> /home/kevin/test/lib/mdurl/__pycache__/_format.cpython-314.pyc (1550 bytes)
2026-02-12 01:53:36,862 - DEBUG - [chan 0] open(b'/home/kevin/test/lib/mdurl/__pycache__/_format.cpython-314.pyc', 'wb')
2026-02-12 01:53:36,862 - DEBUG - [chan 0] open(b'/home/kevin/test/lib/mdurl/__pycache__/_format.cpython-314.pyc', 'wb') -> 00000000
2026-02-12 01:53:36,863 - DEBUG - Progress: 1550/1550 bytes
2026-02-12 01:53:36,863 - DEBUG - [chan 0] close(00000000)
2026-02-12 01:53:36,863 - DEBUG - [chan 0] stat(b'/home/kevin/test/lib/mdurl/__pycache__/_format.cpython-314.pyc')
2026-02-12 01:53:36,865 - INFO - Upload completed successfully: _format.cpython-314.pyc
2026-02-12 01:53:36,865 - INFO - Starting upload: lib/mdurl/__pycache__/_encode.cpython-314.pyc -> /home/kevin/test/lib/mdurl/__pycache__/_encode.cpython-314.pyc (3563 bytes)
2026-02-12 01:53:36,867 - DEBUG - [chan 0] open(b'/home/kevin/test/lib/mdurl/__pycache__/_encode.cpython-314.pyc', 'wb')
2026-02-12 01:53:36,867 - DEBUG - [chan 0] open(b'/home/kevin/test/lib/mdurl/__pycache__/_encode.cpython-314.pyc', 'wb') -> 00000000
2026-02-12 01:53:36,868 - DEBUG - Progress: 3563/3563 bytes
2026-02-12 01:53:36,868 - DEBUG - [chan 0] close(00000000)
2026-02-12 01:53:36,869 - DEBUG - [chan 0] stat(b'/home/kevin/test/lib/mdurl/__pycache__/_encode.cpython-314.pyc')
2026-02-12 01:53:36,870 - INFO - Upload completed successfully: _encode.cpython-314.pyc
2026-02-12 01:53:36,870 - INFO - Starting upload: lib/mdurl/__pycache__/_decode.cpython-314.pyc -> /home/kevin/test/lib/mdurl/__pycache__/_decode.cpython-314.pyc (4596 bytes)
2026-02-12 01:53:36,872 - DEBUG - [chan 0] open(b'/home/kevin/test/lib/mdurl/__pycache__/_decode.cpython-314.pyc', 'wb')
2026-02-12 01:53:36,872 - DEBUG - [chan 0] open(b'/home/kevin/test/lib/mdurl/__pycache__/_decode.cpython-314.pyc', 'wb') -> 00000000
2026-02-12 01:53:36,872 - DEBUG - Progress: 4596/4596 bytes
2026-02-12 01:53:36,872 - DEBUG - [chan 0] close(00000000)
2026-02-12 01:53:36,874 - DEBUG - [chan 0] stat(b'/home/kevin/test/lib/mdurl/__pycache__/_decode.cpython-314.pyc')
2026-02-12 01:53:36,875 - INFO - Upload completed successfully: _decode.cpython-314.pyc
2026-02-12 01:53:36,876 - INFO - Starting upload: lib/mdurl/__pycache__/__init__.cpython-314.pyc -> /home/kevin/test/lib/mdurl/__pycache__/__init__.cpython-314.pyc (614 bytes)
2026-02-12 01:53:36,877 - DEBUG - [chan 0] open(b'/home/kevin/test/lib/mdurl/__pycache__/__init__.cpython-314.pyc', 'wb')
2026-02-12 01:53:36,878 - DEBUG - [chan 0] open(b'/home/kevin/test/lib/mdurl/__pycache__/__init__.cpython-314.pyc', 'wb') -> 00000000
2026-02-12 01:53:36,878 - DEBUG - Progress: 614/614 bytes
2026-02-12 01:53:36,878 - DEBUG - [chan 0] close(00000000)
2026-02-12 01:53:36,879 - DEBUG - [chan 0] stat(b'/home/kevin/test/lib/mdurl/__pycache__/__init__.cpython-314.pyc')
2026-02-12 01:53:36,880 - INFO - Upload completed successfully: __init__.cpython-314.pyc
2026-02-12 01:53:36,880 - DEBUG - [chan 0] mkdir(b'/home/kevin/test/lib/pygments-2.19.2.dist-info', 511)
2026-02-12 01:53:36,881 - INFO - Created remote folder: /home/kevin/test/lib/pygments-2.19.2.dist-info
2026-02-12 01:53:36,881 - INFO - Starting upload: lib/pygments-2.19.2.dist-info/RECORD -> /home/kevin/test/lib/pygments-2.19.2.dist-info/RECORD (47425 bytes)
2026-02-12 01:53:36,882 - DEBUG - [chan 0] open(b'/home/kevin/test/lib/pygments-2.19.2.dist-info/RECORD', 'wb')
2026-02-12 01:53:36,883 - DEBUG - [chan 0] open(b'/home/kevin/test/lib/pygments-2.19.2.dist-info/RECORD', 'wb') -> 00000000
2026-02-12 01:53:36,883 - DEBUG - [chan 0] close(00000000)
2026-02-12 01:53:36,892 - DEBUG - [chan 0] stat(b'/home/kevin/test/lib/pygments-2.19.2.dist-info/RECORD')
2026-02-12 01:53:36,894 - INFO - Upload completed successfully: RECORD
2026-02-12 01:53:36,894 - INFO - Starting upload: lib/pygments-2.19.2.dist-info/INSTALLER -> /home/kevin/test/lib/pygments-2.19.2.dist-info/INSTALLER (4 bytes)
2026-02-12 01:53:36,895 - DEBUG - [chan 0] open(b'/home/kevin/test/lib/pygments-2.19.2.dist-info/INSTALLER', 'wb')
2026-02-12 01:53:36,896 - DEBUG - [chan 0] open(b'/home/kevin/test/lib/pygments-2.19.2.dist-info/INSTALLER', 'wb') -> 00000000
2026-02-12 01:53:36,896 - DEBUG - Progress: 4/4 bytes
2026-02-12 01:53:36,896 - DEBUG - [chan 0] close(00000000)
2026-02-12 01:53:36,897 - DEBUG - [chan 0] stat(b'/home/kevin/test/lib/pygments-2.19.2.dist-info/INSTALLER')
2026-02-12 01:53:36,898 - INFO - Upload completed successfully: INSTALLER
2026-02-12 01:53:36,898 - INFO - Starting upload: lib/pygments-2.19.2.dist-info/entry_points.txt -> /home/kevin/test/lib/pygments-2.19.2.dist-info/entry_points.txt (53 bytes)
2026-02-12 01:53:36,900 - DEBUG - [chan 0] open(b'/home/kevin/test/lib/pygments-2.19.2.dist-info/entry_points.txt', 'wb')
2026-02-12 01:53:36,900 - DEBUG - [chan 0] open(b'/home/kevin/test/lib/pygments-2.19.2.dist-info/entry_points.txt', 'wb') -> 00000000
2026-02-12 01:53:36,900 - DEBUG - Progress: 53/53 bytes
2026-02-12 01:53:36,900 - DEBUG - [chan 0] close(00000000)
2026-02-12 01:53:36,901 - DEBUG - [chan 0] stat(b'/home/kevin/test/lib/pygments-2.19.2.dist-info/entry_points.txt')
2026-02-12 01:53:36,905 - INFO - Upload completed successfully: entry_points.txt
2026-02-12 01:53:36,905 - INFO - Starting upload: lib/pygments-2.19.2.dist-info/WHEEL -> /home/kevin/test/lib/pygments-2.19.2.dist-info/WHEEL (87 bytes)
2026-02-12 01:53:36,909 - DEBUG - [chan 0] open(b'/home/kevin/test/lib/pygments-2.19.2.dist-info/WHEEL', 'wb')
2026-02-12 01:53:36,910 - DEBUG - [chan 0] open(b'/home/kevin/test/lib/pygments-2.19.2.dist-info/WHEEL', 'wb') -> 00000000
2026-02-12 01:53:36,910 - DEBUG - Progress: 87/87 bytes
2026-02-12 01:53:36,910 - DEBUG - [chan 0] close(00000000)
2026-02-12 01:53:36,911 - DEBUG - [chan 0] stat(b'/home/kevin/test/lib/pygments-2.19.2.dist-info/WHEEL')
2026-02-12 01:53:36,914 - INFO - Upload completed successfully: WHEEL
2026-02-12 01:53:36,915 - INFO - Starting upload: lib/pygments-2.19.2.dist-info/METADATA -> /home/kevin/test/lib/pygments-2.19.2.dist-info/METADATA (2512 bytes)
2026-02-12 01:53:36,917 - DEBUG - [chan 0] open(b'/home/kevin/test/lib/pygments-2.19.2.dist-info/METADATA', 'wb')
2026-02-12 01:53:36,917 - DEBUG - [chan 0] open(b'/home/kevin/test/lib/pygments-2.19.2.dist-info/METADATA', 'wb') -> 00000000
2026-02-12 01:53:36,917 - DEBUG - Progress: 2512/2512 bytes
2026-02-12 01:53:36,918 - DEBUG - [chan 0] close(00000000)
2026-02-12 01:53:36,918 - DEBUG - [chan 0] stat(b'/home/kevin/test/lib/pygments-2.19.2.dist-info/METADATA')
2026-02-12 01:53:36,920 - INFO - Upload completed successfully: METADATA
2026-02-12 01:53:36,920 - DEBUG - [chan 0] mkdir(b'/home/kevin/test/lib/pygments-2.19.2.dist-info/licenses', 511)
2026-02-12 01:53:36,921 - INFO - Created remote folder: /home/kevin/test/lib/pygments-2.19.2.dist-info/licenses
2026-02-12 01:53:36,921 - INFO - Starting upload: lib/pygments-2.19.2.dist-info/licenses/LICENSE -> /home/kevin/test/lib/pygments-2.19.2.dist-info/licenses/LICENSE (1331 bytes)
2026-02-12 01:53:36,922 - DEBUG - [chan 0] open(b'/home/kevin/test/lib/pygments-2.19.2.dist-info/licenses/LICENSE', 'wb')
2026-02-12 01:53:36,923 - DEBUG - [chan 0] open(b'/home/kevin/test/lib/pygments-2.19.2.dist-info/licenses/LICENSE', 'wb') -> 00000000
2026-02-12 01:53:36,923 - DEBUG - Progress: 1331/1331 bytes
2026-02-12 01:53:36,923 - DEBUG - [chan 0] close(00000000)
2026-02-12 01:53:36,924 - DEBUG - [chan 0] stat(b'/home/kevin/test/lib/pygments-2.19.2.dist-info/licenses/LICENSE')
2026-02-12 01:53:36,925 - INFO - Upload completed successfully: LICENSE
2026-02-12 01:53:36,926 - INFO - Starting upload: lib/pygments-2.19.2.dist-info/licenses/AUTHORS -> /home/kevin/test/lib/pygments-2.19.2.dist-info/licenses/AUTHORS (10824 bytes)
2026-02-12 01:53:36,927 - DEBUG - [chan 0] open(b'/home/kevin/test/lib/pygments-2.19.2.dist-info/licenses/AUTHORS', 'wb')
2026-02-12 01:53:36,928 - DEBUG - [chan 0] open(b'/home/kevin/test/lib/pygments-2.19.2.dist-info/licenses/AUTHORS', 'wb') -> 00000000
2026-02-12 01:53:36,928 - DEBUG - Progress: 10824/10824 bytes
2026-02-12 01:53:36,928 - DEBUG - [chan 0] close(00000000)
2026-02-12 01:53:36,930 - DEBUG - [chan 0] stat(b'/home/kevin/test/lib/pygments-2.19.2.dist-info/licenses/AUTHORS')
2026-02-12 01:53:36,932 - INFO - Upload completed successfully: AUTHORS
2026-02-12 01:53:36,932 - DEBUG - [chan 0] mkdir(b'/home/kevin/test/lib/pygments', 511)
2026-02-12 01:53:36,932 - INFO - Created remote folder: /home/kevin/test/lib/pygments
2026-02-12 01:53:36,932 - INFO - Starting upload: lib/pygments/util.py -> /home/kevin/test/lib/pygments/util.py (10031 bytes)
2026-02-12 01:53:36,934 - DEBUG - [chan 0] open(b'/home/kevin/test/lib/pygments/util.py', 'wb')
2026-02-12 01:53:36,934 - DEBUG - [chan 0] open(b'/home/kevin/test/lib/pygments/util.py', 'wb') -> 00000000
2026-02-12 01:53:36,935 - DEBUG - Progress: 10031/10031 bytes
2026-02-12 01:53:36,935 - DEBUG - [chan 0] close(00000000)
2026-02-12 01:53:36,936 - DEBUG - [chan 0] stat(b'/home/kevin/test/lib/pygments/util.py')
2026-02-12 01:53:36,938 - INFO - Upload completed successfully: util.py
2026-02-12 01:53:36,938 - INFO - Starting upload: lib/pygments/unistring.py -> /home/kevin/test/lib/pygments/unistring.py (63208 bytes)
2026-02-12 01:53:36,939 - DEBUG - [chan 0] open(b'/home/kevin/test/lib/pygments/unistring.py', 'wb')
2026-02-12 01:53:36,940 - DEBUG - [chan 0] open(b'/home/kevin/test/lib/pygments/unistring.py', 'wb') -> 00000000
2026-02-12 01:53:36,940 - DEBUG - Progress: 32768/63208 bytes
2026-02-12 01:53:36,940 - DEBUG - [chan 0] close(00000000)
2026-02-12 01:53:36,949 - DEBUG - [chan 0] stat(b'/home/kevin/test/lib/pygments/unistring.py')
2026-02-12 01:53:36,951 - INFO - Upload completed successfully: unistring.py
2026-02-12 01:53:36,951 - INFO - Starting upload: lib/pygments/token.py -> /home/kevin/test/lib/pygments/token.py (6226 bytes)
2026-02-12 01:53:36,953 - DEBUG - [chan 0] open(b'/home/kevin/test/lib/pygments/token.py', 'wb')
2026-02-12 01:53:36,953 - DEBUG - [chan 0] open(b'/home/kevin/test/lib/pygments/token.py', 'wb') -> 00000000
2026-02-12 01:53:36,954 - DEBUG - Progress: 6226/6226 bytes
2026-02-12 01:53:36,954 - DEBUG - [chan 0] close(00000000)
2026-02-12 01:53:36,955 - DEBUG - [chan 0] stat(b'/home/kevin/test/lib/pygments/token.py')
2026-02-12 01:53:36,957 - INFO - Upload completed successfully: token.py
2026-02-12 01:53:36,957 - INFO - Starting upload: lib/pygments/style.py -> /home/kevin/test/lib/pygments/style.py (6408 bytes)
2026-02-12 01:53:36,958 - DEBUG - [chan 0] open(b'/home/kevin/test/lib/pygments/style.py', 'wb')
2026-02-12 01:53:36,959 - DEBUG - [chan 0] open(b'/home/kevin/test/lib/pygments/style.py', 'wb') -> 00000000
2026-02-12 01:53:36,959 - DEBUG - Progress: 6408/6408 bytes
2026-02-12 01:53:36,959 - DEBUG - [chan 0] close(00000000)
2026-02-12 01:53:36,960 - DEBUG - [chan 0] stat(b'/home/kevin/test/lib/pygments/style.py')
2026-02-12 01:53:36,962 - INFO - Upload completed successfully: style.py
2026-02-12 01:53:36,962 - INFO - Starting upload: lib/pygments/sphinxext.py -> /home/kevin/test/lib/pygments/sphinxext.py (7898 bytes)
2026-02-12 01:53:36,963 - DEBUG - [chan 0] open(b'/home/kevin/test/lib/pygments/sphinxext.py', 'wb')
2026-02-12 01:53:36,964 - DEBUG - [chan 0] open(b'/home/kevin/test/lib/pygments/sphinxext.py', 'wb') -> 00000000
2026-02-12 01:53:36,964 - DEBUG - Progress: 7898/7898 bytes
2026-02-12 01:53:36,964 - DEBUG - [chan 0] close(00000000)
2026-02-12 01:53:36,965 - DEBUG - [chan 0] stat(b'/home/kevin/test/lib/pygments/sphinxext.py')
2026-02-12 01:53:36,967 - INFO - Upload completed successfully: sphinxext.py
2026-02-12 01:53:36,967 - INFO - Starting upload: lib/pygments/scanner.py -> /home/kevin/test/lib/pygments/scanner.py (3092 bytes)
2026-02-12 01:53:36,968 - DEBUG - [chan 0] open(b'/home/kevin/test/lib/pygments/scanner.py', 'wb')
2026-02-12 01:53:36,969 - DEBUG - [chan 0] open(b'/home/kevin/test/lib/pygments/scanner.py', 'wb') -> 00000000
2026-02-12 01:53:36,969 - DEBUG - Progress: 3092/3092 bytes
2026-02-12 01:53:36,969 - DEBUG - [chan 0] close(00000000)
2026-02-12 01:53:36,970 - DEBUG - [chan 0] stat(b'/home/kevin/test/lib/pygments/scanner.py')
2026-02-12 01:53:36,972 - INFO - Upload completed successfully: scanner.py
2026-02-12 01:53:36,972 - INFO - Starting upload: lib/pygments/regexopt.py -> /home/kevin/test/lib/pygments/regexopt.py (3072 bytes)
2026-02-12 01:53:36,973 - DEBUG - [chan 0] open(b'/home/kevin/test/lib/pygments/regexopt.py', 'wb')
2026-02-12 01:53:36,974 - DEBUG - [chan 0] open(b'/home/kevin/test/lib/pygments/regexopt.py', 'wb') -> 00000000
2026-02-12 01:53:36,974 - DEBUG - Progress: 3072/3072 bytes
2026-02-12 01:53:36,974 - DEBUG - [chan 0] close(00000000)
2026-02-12 01:53:36,975 - DEBUG - [chan 0] stat(b'/home/kevin/test/lib/pygments/regexopt.py')
2026-02-12 01:53:36,977 - INFO - Upload completed successfully: regexopt.py
2026-02-12 01:53:36,977 - INFO - Starting upload: lib/pygments/plugin.py -> /home/kevin/test/lib/pygments/plugin.py (1891 bytes)
2026-02-12 01:53:36,979 - DEBUG - [chan 0] open(b'/home/kevin/test/lib/pygments/plugin.py', 'wb')
2026-02-12 01:53:36,979 - DEBUG - [chan 0] open(b'/home/kevin/test/lib/pygments/plugin.py', 'wb') -> 00000000
2026-02-12 01:53:36,979 - DEBUG - Progress: 1891/1891 bytes
2026-02-12 01:53:36,979 - DEBUG - [chan 0] close(00000000)
2026-02-12 01:53:36,980 - DEBUG - [chan 0] stat(b'/home/kevin/test/lib/pygments/plugin.py')
2026-02-12 01:53:36,983 - INFO - Upload completed successfully: plugin.py
2026-02-12 01:53:36,983 - INFO - Starting upload: lib/pygments/modeline.py -> /home/kevin/test/lib/pygments/modeline.py (1005 bytes)
2026-02-12 01:53:36,985 - DEBUG - [chan 0] open(b'/home/kevin/test/lib/pygments/modeline.py', 'wb')
2026-02-12 01:53:36,985 - DEBUG - [chan 0] open(b'/home/kevin/test/lib/pygments/modeline.py', 'wb') -> 00000000
2026-02-12 01:53:36,985 - DEBUG - Progress: 1005/1005 bytes
2026-02-12 01:53:36,985 - DEBUG - [chan 0] close(00000000)
2026-02-12 01:53:36,986 - DEBUG - [chan 0] stat(b'/home/kevin/test/lib/pygments/modeline.py')
2026-02-12 01:53:36,988 - INFO - Upload completed successfully: modeline.py
2026-02-12 01:53:36,988 - INFO - Starting upload: lib/pygments/lexer.py -> /home/kevin/test/lib/pygments/lexer.py (35109 bytes)
2026-02-12 01:53:36,989 - DEBUG - [chan 0] open(b'/home/kevin/test/lib/pygments/lexer.py', 'wb')
2026-02-12 01:53:36,990 - DEBUG - [chan 0] open(b'/home/kevin/test/lib/pygments/lexer.py', 'wb') -> 00000000
2026-02-12 01:53:36,990 - DEBUG - Progress: 32768/35109 bytes
2026-02-12 01:53:36,990 - DEBUG - [chan 0] close(00000000)
2026-02-12 01:53:36,994 - DEBUG - [chan 0] stat(b'/home/kevin/test/lib/pygments/lexer.py')
2026-02-12 01:53:36,995 - INFO - Upload completed successfully: lexer.py
2026-02-12 01:53:36,996 - INFO - Starting upload: lib/pygments/formatter.py -> /home/kevin/test/lib/pygments/formatter.py (4366 bytes)
2026-02-12 01:53:36,997 - DEBUG - [chan 0] open(b'/home/kevin/test/lib/pygments/formatter.py', 'wb')
2026-02-12 01:53:36,998 - DEBUG - [chan 0] open(b'/home/kevin/test/lib/pygments/formatter.py', 'wb') -> 00000000
2026-02-12 01:53:36,998 - DEBUG - Progress: 4366/4366 bytes
2026-02-12 01:53:36,998 - DEBUG - [chan 0] close(00000000)
2026-02-12 01:53:36,999 - DEBUG - [chan 0] stat(b'/home/kevin/test/lib/pygments/formatter.py')
2026-02-12 01:53:37,000 - INFO - Upload completed successfully: formatter.py
2026-02-12 01:53:37,000 - INFO - Starting upload: lib/pygments/filter.py -> /home/kevin/test/lib/pygments/filter.py (1910 bytes)
2026-02-12 01:53:37,002 - DEBUG - [chan 0] open(b'/home/kevin/test/lib/pygments/filter.py', 'wb')
2026-02-12 01:53:37,002 - DEBUG - [chan 0] open(b'/home/kevin/test/lib/pygments/filter.py', 'wb') -> 00000000
2026-02-12 01:53:37,002 - DEBUG - Progress: 1910/1910 bytes
2026-02-12 01:53:37,003 - DEBUG - [chan 0] close(00000000)
2026-02-12 01:53:37,003 - DEBUG - [chan 0] stat(b'/home/kevin/test/lib/pygments/filter.py')
2026-02-12 01:53:37,005 - INFO - Upload completed successfully: filter.py
2026-02-12 01:53:37,005 - INFO - Starting upload: lib/pygments/console.py -> /home/kevin/test/lib/pygments/console.py (1718 bytes)
2026-02-12 01:53:37,006 - DEBUG - [chan 0] open(b'/home/kevin/test/lib/pygments/console.py', 'wb')
2026-02-12 01:53:37,007 - DEBUG - [chan 0] open(b'/home/kevin/test/lib/pygments/console.py', 'wb') -> 00000000
2026-02-12 01:53:37,007 - DEBUG - Progress: 1718/1718 bytes
2026-02-12 01:53:37,007 - DEBUG - [chan 0] close(00000000)
2026-02-12 01:53:37,008 - DEBUG - [chan 0] stat(b'/home/kevin/test/lib/pygments/console.py')
2026-02-12 01:53:37,010 - INFO - Upload completed successfully: console.py
2026-02-12 01:53:37,010 - INFO - Starting upload: lib/pygments/cmdline.py -> /home/kevin/test/lib/pygments/cmdline.py (23536 bytes)
2026-02-12 01:53:37,012 - DEBUG - [chan 0] open(b'/home/kevin/test/lib/pygments/cmdline.py', 'wb')
2026-02-12 01:53:37,012 - DEBUG - [chan 0] open(b'/home/kevin/test/lib/pygments/cmdline.py', 'wb') -> 00000000
2026-02-12 01:53:37,012 - DEBUG - Progress: 23536/23536 bytes
2026-02-12 01:53:37,012 - DEBUG - [chan 0] close(00000000)
2026-02-12 01:53:37,015 - DEBUG - [chan 0] stat(b'/home/kevin/test/lib/pygments/cmdline.py')
2026-02-12 01:53:37,017 - INFO - Upload completed successfully: cmdline.py
2026-02-12 01:53:37,017 - INFO - Starting upload: lib/pygments/__main__.py -> /home/kevin/test/lib/pygments/__main__.py (348 bytes)
2026-02-12 01:53:37,018 - DEBUG - [chan 0] open(b'/home/kevin/test/lib/pygments/__main__.py', 'wb')
2026-02-12 01:53:37,019 - DEBUG - [chan 0] open(b'/home/kevin/test/lib/pygments/__main__.py', 'wb') -> 00000000
2026-02-12 01:53:37,019 - DEBUG - Progress: 348/348 bytes
2026-02-12 01:53:37,019 - DEBUG - [chan 0] close(00000000)
2026-02-12 01:53:37,020 - DEBUG - [chan 0] stat(b'/home/kevin/test/lib/pygments/__main__.py')
2026-02-12 01:53:37,021 - INFO - Upload completed successfully: __main__.py
2026-02-12 01:53:37,021 - INFO - Starting upload: lib/pygments/__init__.py -> /home/kevin/test/lib/pygments/__init__.py (2959 bytes)
2026-02-12 01:53:37,023 - DEBUG - [chan 0] open(b'/home/kevin/test/lib/pygments/__init__.py', 'wb')
2026-02-12 01:53:37,023 - DEBUG - [chan 0] open(b'/home/kevin/test/lib/pygments/__init__.py', 'wb') -> 00000000
2026-02-12 01:53:37,023 - DEBUG - Progress: 2959/2959 bytes
2026-02-12 01:53:37,024 - DEBUG - [chan 0] close(00000000)
2026-02-12 01:53:37,025 - DEBUG - [chan 0] stat(b'/home/kevin/test/lib/pygments/__init__.py')
2026-02-12 01:53:37,027 - INFO - Upload completed successfully: __init__.py
2026-02-12 01:53:37,027 - DEBUG - [chan 0] mkdir(b'/home/kevin/test/lib/pygments/__pycache__', 511)
2026-02-12 01:53:37,028 - INFO - Created remote folder: /home/kevin/test/lib/pygments/__pycache__
2026-02-12 01:53:37,028 - INFO - Starting upload: lib/pygments/__pycache__/util.cpython-314.pyc -> /home/kevin/test/lib/pygments/__pycache__/util.cpython-314.pyc (14496 bytes)
2026-02-12 01:53:37,029 - DEBUG - [chan 0] open(b'/home/kevin/test/lib/pygments/__pycache__/util.cpython-314.pyc', 'wb')
2026-02-12 01:53:37,030 - DEBUG - [chan 0] open(b'/home/kevin/test/lib/pygments/__pycache__/util.cpython-314.pyc', 'wb') -> 00000000
2026-02-12 01:53:37,030 - DEBUG - Progress: 14496/14496 bytes
2026-02-12 01:53:37,030 - DEBUG - [chan 0] close(00000000)
2026-02-12 01:53:37,032 - DEBUG - [chan 0] stat(b'/home/kevin/test/lib/pygments/__pycache__/util.cpython-314.pyc')
2026-02-12 01:53:37,034 - INFO - Upload completed successfully: util.cpython-314.pyc
2026-02-12 01:53:37,034 - INFO - Starting upload: lib/pygments/__pycache__/unistring.cpython-314.pyc -> /home/kevin/test/lib/pygments/__pycache__/unistring.cpython-314.pyc (33184 bytes)
2026-02-12 01:53:37,035 - DEBUG - [chan 0] open(b'/home/kevin/test/lib/pygments/__pycache__/unistring.cpython-314.pyc', 'wb')
2026-02-12 01:53:37,036 - DEBUG - [chan 0] open(b'/home/kevin/test/lib/pygments/__pycache__/unistring.cpython-314.pyc', 'wb') -> 00000000
2026-02-12 01:53:37,036 - DEBUG - Progress: 32768/33184 bytes
2026-02-12 01:53:37,036 - DEBUG - [chan 0] close(00000000)
2026-02-12 01:53:37,040 - DEBUG - [chan 0] stat(b'/home/kevin/test/lib/pygments/__pycache__/unistring.cpython-314.pyc')
2026-02-12 01:53:37,042 - INFO - Upload completed successfully: unistring.cpython-314.pyc
2026-02-12 01:53:37,042 - INFO - Starting upload: lib/pygments/__pycache__/token.cpython-314.pyc -> /home/kevin/test/lib/pygments/__pycache__/token.cpython-314.pyc (8303 bytes)
2026-02-12 01:53:37,043 - DEBUG - [chan 0] open(b'/home/kevin/test/lib/pygments/__pycache__/token.cpython-314.pyc', 'wb')
2026-02-12 01:53:37,044 - DEBUG - [chan 0] open(b'/home/kevin/test/lib/pygments/__pycache__/token.cpython-314.pyc', 'wb') -> 00000000
2026-02-12 01:53:37,044 - DEBUG - Progress: 8303/8303 bytes
2026-02-12 01:53:37,044 - DEBUG - [chan 0] close(00000000)
2026-02-12 01:53:37,045 - DEBUG - [chan 0] stat(b'/home/kevin/test/lib/pygments/__pycache__/token.cpython-314.pyc')
2026-02-12 01:53:37,047 - INFO - Upload completed successfully: token.cpython-314.pyc
2026-02-12 01:53:37,047 - INFO - Starting upload: lib/pygments/__pycache__/style.cpython-314.pyc -> /home/kevin/test/lib/pygments/__pycache__/style.cpython-314.pyc (7241 bytes)
2026-02-12 01:53:37,049 - DEBUG - [chan 0] open(b'/home/kevin/test/lib/pygments/__pycache__/style.cpython-314.pyc', 'wb')
2026-02-12 01:53:37,049 - DEBUG - [chan 0] open(b'/home/kevin/test/lib/pygments/__pycache__/style.cpython-314.pyc', 'wb') -> 00000000
2026-02-12 01:53:37,050 - DEBUG - Progress: 7241/7241 bytes
2026-02-12 01:53:37,050 - DEBUG - [chan 0] close(00000000)
2026-02-12 01:53:37,051 - DEBUG - [chan 0] stat(b'/home/kevin/test/lib/pygments/__pycache__/style.cpython-314.pyc')
2026-02-12 01:53:37,053 - INFO - Upload completed successfully: style.cpython-314.pyc
2026-02-12 01:53:37,053 - INFO - Starting upload: lib/pygments/__pycache__/sphinxext.cpython-314.pyc -> /home/kevin/test/lib/pygments/__pycache__/sphinxext.cpython-314.pyc (12665 bytes)
2026-02-12 01:53:37,055 - DEBUG - [chan 0] open(b'/home/kevin/test/lib/pygments/__pycache__/sphinxext.cpython-314.pyc', 'wb')
2026-02-12 01:53:37,055 - DEBUG - [chan 0] open(b'/home/kevin/test/lib/pygments/__pycache__/sphinxext.cpython-314.pyc', 'wb') -> 00000000
2026-02-12 01:53:37,055 - DEBUG - Progress: 12665/12665 bytes
2026-02-12 01:53:37,055 - DEBUG - [chan 0] close(00000000)
2026-02-12 01:53:37,058 - DEBUG - [chan 0] stat(b'/home/kevin/test/lib/pygments/__pycache__/sphinxext.cpython-314.pyc')
2026-02-12 01:53:37,059 - INFO - Upload completed successfully: sphinxext.cpython-314.pyc
2026-02-12 01:53:37,060 - INFO - Starting upload: lib/pygments/__pycache__/scanner.cpython-314.pyc -> /home/kevin/test/lib/pygments/__pycache__/scanner.cpython-314.pyc (4726 bytes)
2026-02-12 01:53:37,061 - DEBUG - [chan 0] open(b'/home/kevin/test/lib/pygments/__pycache__/scanner.cpython-314.pyc', 'wb')
2026-02-12 01:53:37,062 - DEBUG - [chan 0] open(b'/home/kevin/test/lib/pygments/__pycache__/scanner.cpython-314.pyc', 'wb') -> 00000000
2026-02-12 01:53:37,062 - DEBUG - Progress: 4726/4726 bytes
2026-02-12 01:53:37,062 - DEBUG - [chan 0] close(00000000)
2026-02-12 01:53:37,063 - DEBUG - [chan 0] stat(b'/home/kevin/test/lib/pygments/__pycache__/scanner.cpython-314.pyc')
2026-02-12 01:53:37,065 - INFO - Upload completed successfully: scanner.cpython-314.pyc
2026-02-12 01:53:37,065 - INFO - Starting upload: lib/pygments/__pycache__/regexopt.cpython-314.pyc -> /home/kevin/test/lib/pygments/__pycache__/regexopt.cpython-314.pyc (4332 bytes)
2026-02-12 01:53:37,066 - DEBUG - [chan 0] open(b'/home/kevin/test/lib/pygments/__pycache__/regexopt.cpython-314.pyc', 'wb')
2026-02-12 01:53:37,067 - DEBUG - [chan 0] open(b'/home/kevin/test/lib/pygments/__pycache__/regexopt.cpython-314.pyc', 'wb') -> 00000000
2026-02-12 01:53:37,067 - DEBUG - Progress: 4332/4332 bytes
2026-02-12 01:53:37,067 - DEBUG - [chan 0] close(00000000)
2026-02-12 01:53:37,068 - DEBUG - [chan 0] stat(b'/home/kevin/test/lib/pygments/__pycache__/regexopt.cpython-314.pyc')
2026-02-12 01:53:37,071 - INFO - Upload completed successfully: regexopt.cpython-314.pyc
2026-02-12 01:53:37,071 - INFO - Starting upload: lib/pygments/__pycache__/plugin.cpython-314.pyc -> /home/kevin/test/lib/pygments/__pycache__/plugin.cpython-314.pyc (2521 bytes)
2026-02-12 01:53:37,072 - DEBUG - [chan 0] open(b'/home/kevin/test/lib/pygments/__pycache__/plugin.cpython-314.pyc', 'wb')
2026-02-12 01:53:37,073 - DEBUG - [chan 0] open(b'/home/kevin/test/lib/pygments/__pycache__/plugin.cpython-314.pyc', 'wb') -> 00000000
2026-02-12 01:53:37,073 - DEBUG - Progress: 2521/2521 bytes
2026-02-12 01:53:37,073 - DEBUG - [chan 0] close(00000000)
2026-02-12 01:53:37,074 - DEBUG - [chan 0] stat(b'/home/kevin/test/lib/pygments/__pycache__/plugin.cpython-314.pyc')
2026-02-12 01:53:37,076 - INFO - Upload completed successfully: plugin.cpython-314.pyc
2026-02-12 01:53:37,076 - INFO - Starting upload: lib/pygments/__pycache__/modeline.cpython-314.pyc -> /home/kevin/test/lib/pygments/__pycache__/modeline.cpython-314.pyc (1566 bytes)
2026-02-12 01:53:37,078 - DEBUG - [chan 0] open(b'/home/kevin/test/lib/pygments/__pycache__/modeline.cpython-314.pyc', 'wb')
2026-02-12 01:53:37,078 - DEBUG - [chan 0] open(b'/home/kevin/test/lib/pygments/__pycache__/modeline.cpython-314.pyc', 'wb') -> 00000000
2026-02-12 01:53:37,079 - DEBUG - Progress: 1566/1566 bytes
2026-02-12 01:53:37,079 - DEBUG - [chan 0] close(00000000)
2026-02-12 01:53:37,080 - DEBUG - [chan 0] stat(b'/home/kevin/test/lib/pygments/__pycache__/modeline.cpython-314.pyc')
2026-02-12 01:53:37,081 - INFO - Upload completed successfully: modeline.cpython-314.pyc
2026-02-12 01:53:37,081 - INFO - Starting upload: lib/pygments/__pycache__/lexer.cpython-314.pyc -> /home/kevin/test/lib/pygments/__pycache__/lexer.cpython-314.pyc (39960 bytes)
2026-02-12 01:53:37,083 - DEBUG - [chan 0] open(b'/home/kevin/test/lib/pygments/__pycache__/lexer.cpython-314.pyc', 'wb')
2026-02-12 01:53:37,083 - DEBUG - [chan 0] open(b'/home/kevin/test/lib/pygments/__pycache__/lexer.cpython-314.pyc', 'wb') -> 00000000
2026-02-12 01:53:37,084 - DEBUG - Progress: 32768/39960 bytes
2026-02-12 01:53:37,084 - DEBUG - [chan 0] close(00000000)
2026-02-12 01:53:37,088 - DEBUG - [chan 0] stat(b'/home/kevin/test/lib/pygments/__pycache__/lexer.cpython-314.pyc')
2026-02-12 01:53:37,090 - INFO - Upload completed successfully: lexer.cpython-314.pyc
2026-02-12 01:53:37,090 - INFO - Starting upload: lib/pygments/__pycache__/formatter.cpython-314.pyc -> /home/kevin/test/lib/pygments/__pycache__/formatter.cpython-314.pyc (4564 bytes)
2026-02-12 01:53:37,092 - DEBUG - [chan 0] open(b'/home/kevin/test/lib/pygments/__pycache__/formatter.cpython-314.pyc', 'wb')
2026-02-12 01:53:37,092 - DEBUG - [chan 0] open(b'/home/kevin/test/lib/pygments/__pycache__/formatter.cpython-314.pyc', 'wb') -> 00000000
2026-02-12 01:53:37,092 - DEBUG - Progress: 4564/4564 bytes
2026-02-12 01:53:37,092 - DEBUG - [chan 0] close(00000000)
2026-02-12 01:53:37,094 - DEBUG - [chan 0] stat(b'/home/kevin/test/lib/pygments/__pycache__/formatter.cpython-314.pyc')
2026-02-12 01:53:37,096 - INFO - Upload completed successfully: formatter.cpython-314.pyc
2026-02-12 01:53:37,096 - INFO - Starting upload: lib/pygments/__pycache__/filter.cpython-314.pyc -> /home/kevin/test/lib/pygments/__pycache__/filter.cpython-314.pyc (3271 bytes)
2026-02-12 01:53:37,097 - DEBUG - [chan 0] open(b'/home/kevin/test/lib/pygments/__pycache__/filter.cpython-314.pyc', 'wb')
2026-02-12 01:53:37,098 - DEBUG - [chan 0] open(b'/home/kevin/test/lib/pygments/__pycache__/filter.cpython-314.pyc', 'wb') -> 00000000
2026-02-12 01:53:37,098 - DEBUG - Progress: 3271/3271 bytes
2026-02-12 01:53:37,098 - DEBUG - [chan 0] close(00000000)
2026-02-12 01:53:37,099 - DEBUG - [chan 0] stat(b'/home/kevin/test/lib/pygments/__pycache__/filter.cpython-314.pyc')
2026-02-12 01:53:37,101 - INFO - Upload completed successfully: filter.cpython-314.pyc
2026-02-12 01:53:37,101 - INFO - Starting upload: lib/pygments/__pycache__/console.cpython-314.pyc -> /home/kevin/test/lib/pygments/__pycache__/console.cpython-314.pyc (2773 bytes)
2026-02-12 01:53:37,103 - DEBUG - [chan 0] open(b'/home/kevin/test/lib/pygments/__pycache__/console.cpython-314.pyc', 'wb')
2026-02-12 01:53:37,103 - DEBUG - [chan 0] open(b'/home/kevin/test/lib/pygments/__pycache__/console.cpython-314.pyc', 'wb') -> 00000000
2026-02-12 01:53:37,104 - DEBUG - Progress: 2773/2773 bytes
2026-02-12 01:53:37,104 - DEBUG - [chan 0] close(00000000)
2026-02-12 01:53:37,105 - DEBUG - [chan 0] stat(b'/home/kevin/test/lib/pygments/__pycache__/console.cpython-314.pyc')
2026-02-12 01:53:37,107 - INFO - Upload completed successfully: console.cpython-314.pyc
2026-02-12 01:53:37,107 - INFO - Starting upload: lib/pygments/__pycache__/cmdline.cpython-314.pyc -> /home/kevin/test/lib/pygments/__pycache__/cmdline.cpython-314.pyc (28156 bytes)
2026-02-12 01:53:37,108 - DEBUG - [chan 0] open(b'/home/kevin/test/lib/pygments/__pycache__/cmdline.cpython-314.pyc', 'wb')
2026-02-12 01:53:37,109 - DEBUG - [chan 0] open(b'/home/kevin/test/lib/pygments/__pycache__/cmdline.cpython-314.pyc', 'wb') -> 00000000
2026-02-12 01:53:37,109 - DEBUG - Progress: 28156/28156 bytes
2026-02-12 01:53:37,109 - DEBUG - [chan 0] close(00000000)
2026-02-12 01:53:37,113 - DEBUG - [chan 0] stat(b'/home/kevin/test/lib/pygments/__pycache__/cmdline.cpython-314.pyc')
2026-02-12 01:53:37,115 - INFO - Upload completed successfully: cmdline.cpython-314.pyc
2026-02-12 01:53:37,115 - INFO - Starting upload: lib/pygments/__pycache__/__main__.cpython-314.pyc -> /home/kevin/test/lib/pygments/__pycache__/__main__.cpython-314.pyc (719 bytes)
2026-02-12 01:53:37,116 - DEBUG - [chan 0] open(b'/home/kevin/test/lib/pygments/__pycache__/__main__.cpython-314.pyc', 'wb')
2026-02-12 01:53:37,117 - DEBUG - [chan 0] open(b'/home/kevin/test/lib/pygments/__pycache__/__main__.cpython-314.pyc', 'wb') -> 00000000
2026-02-12 01:53:37,117 - DEBUG - Progress: 719/719 bytes
2026-02-12 01:53:37,117 - DEBUG - [chan 0] close(00000000)
2026-02-12 01:53:37,118 - DEBUG - [chan 0] stat(b'/home/kevin/test/lib/pygments/__pycache__/__main__.cpython-314.pyc')
2026-02-12 01:53:37,119 - INFO - Upload completed successfully: __main__.cpython-314.pyc
2026-02-12 01:53:37,119 - INFO - Starting upload: lib/pygments/__pycache__/__init__.cpython-314.pyc -> /home/kevin/test/lib/pygments/__pycache__/__init__.cpython-314.pyc (3397 bytes)
2026-02-12 01:53:37,121 - DEBUG - [chan 0] open(b'/home/kevin/test/lib/pygments/__pycache__/__init__.cpython-314.pyc', 'wb')
2026-02-12 01:53:37,121 - DEBUG - [chan 0] open(b'/home/kevin/test/lib/pygments/__pycache__/__init__.cpython-314.pyc', 'wb') -> 00000000
2026-02-12 01:53:37,122 - DEBUG - Progress: 3397/3397 bytes
2026-02-12 01:53:37,122 - DEBUG - [chan 0] close(00000000)
2026-02-12 01:53:37,123 - DEBUG - [chan 0] stat(b'/home/kevin/test/lib/pygments/__pycache__/__init__.cpython-314.pyc')
2026-02-12 01:53:37,124 - INFO - Upload completed successfully: __init__.cpython-314.pyc
2026-02-12 01:53:37,125 - DEBUG - [chan 0] mkdir(b'/home/kevin/test/lib/pygments/styles', 511)
2026-02-12 01:53:37,125 - INFO - Created remote folder: /home/kevin/test/lib/pygments/styles
2026-02-12 01:53:37,125 - INFO - Starting upload: lib/pygments/styles/zenburn.py -> /home/kevin/test/lib/pygments/styles/zenburn.py (2203 bytes)
2026-02-12 01:53:37,127 - DEBUG - [chan 0] open(b'/home/kevin/test/lib/pygments/styles/zenburn.py', 'wb')
2026-02-12 01:53:37,127 - DEBUG - [chan 0] open(b'/home/kevin/test/lib/pygments/styles/zenburn.py', 'wb') -> 00000000
2026-02-12 01:53:37,128 - DEBUG - Progress: 2203/2203 bytes
2026-02-12 01:53:37,128 - DEBUG - [chan 0] close(00000000)
2026-02-12 01:53:37,129 - DEBUG - [chan 0] stat(b'/home/kevin/test/lib/pygments/styles/zenburn.py')
2026-02-12 01:53:37,131 - INFO - Upload completed successfully: zenburn.py
2026-02-12 01:53:37,131 - INFO - Starting upload: lib/pygments/styles/xcode.py -> /home/kevin/test/lib/pygments/styles/xcode.py (1504 bytes)
2026-02-12 01:53:37,132 - DEBUG - [chan 0] open(b'/home/kevin/test/lib/pygments/styles/xcode.py', 'wb')
2026-02-12 01:53:37,133 - DEBUG - [chan 0] open(b'/home/kevin/test/lib/pygments/styles/xcode.py', 'wb') -> 00000000
2026-02-12 01:53:37,133 - DEBUG - Progress: 1504/1504 bytes
2026-02-12 01:53:37,133 - DEBUG - [chan 0] close(00000000)
2026-02-12 01:53:37,134 - DEBUG - [chan 0] stat(b'/home/kevin/test/lib/pygments/styles/xcode.py')
2026-02-12 01:53:37,136 - INFO - Upload completed successfully: xcode.py
2026-02-12 01:53:37,136 - INFO - Starting upload: lib/pygments/styles/vs.py -> /home/kevin/test/lib/pygments/styles/vs.py (1130 bytes)
2026-02-12 01:53:37,137 - DEBUG - [chan 0] open(b'/home/kevin/test/lib/pygments/styles/vs.py', 'wb')
2026-02-12 01:53:37,138 - DEBUG - [chan 0] open(b'/home/kevin/test/lib/pygments/styles/vs.py', 'wb') -> 00000000
2026-02-12 01:53:37,138 - DEBUG - Progress: 1130/1130 bytes
2026-02-12 01:53:37,138 - DEBUG - [chan 0] close(00000000)
2026-02-12 01:53:37,139 - DEBUG - [chan 0] stat(b'/home/kevin/test/lib/pygments/styles/vs.py')
2026-02-12 01:53:37,142 - INFO - Upload completed successfully: vs.py
2026-02-12 01:53:37,142 - INFO - Starting upload: lib/pygments/styles/vim.py -> /home/kevin/test/lib/pygments/styles/vim.py (2019 bytes)
2026-02-12 01:53:37,144 - DEBUG - [chan 0] open(b'/home/kevin/test/lib/pygments/styles/vim.py', 'wb')
2026-02-12 01:53:37,145 - DEBUG - [chan 0] open(b'/home/kevin/test/lib/pygments/styles/vim.py', 'wb') -> 00000000
2026-02-12 01:53:37,145 - DEBUG - Progress: 2019/2019 bytes
2026-02-12 01:53:37,145 - DEBUG - [chan 0] close(00000000)
2026-02-12 01:53:37,146 - DEBUG - [chan 0] stat(b'/home/kevin/test/lib/pygments/styles/vim.py')
2026-02-12 01:53:37,148 - INFO - Upload completed successfully: vim.py
2026-02-12 01:53:37,148 - INFO - Starting upload: lib/pygments/styles/trac.py -> /home/kevin/test/lib/pygments/styles/trac.py (1981 bytes)
2026-02-12 01:53:37,149 - DEBUG - [chan 0] open(b'/home/kevin/test/lib/pygments/styles/trac.py', 'wb')
2026-02-12 01:53:37,150 - DEBUG - [chan 0] open(b'/home/kevin/test/lib/pygments/styles/trac.py', 'wb') -> 00000000
2026-02-12 01:53:37,150 - DEBUG - Progress: 1981/1981 bytes
2026-02-12 01:53:37,150 - DEBUG - [chan 0] close(00000000)
2026-02-12 01:53:37,151 - DEBUG - [chan 0] stat(b'/home/kevin/test/lib/pygments/styles/trac.py')
2026-02-12 01:53:37,153 - INFO - Upload completed successfully: trac.py
2026-02-12 01:53:37,153 - INFO - Starting upload: lib/pygments/styles/tango.py -> /home/kevin/test/lib/pygments/styles/tango.py (7137 bytes)
2026-02-12 01:53:37,155 - DEBUG - [chan 0] open(b'/home/kevin/test/lib/pygments/styles/tango.py', 'wb')
2026-02-12 01:53:37,155 - DEBUG - [chan 0] open(b'/home/kevin/test/lib/pygments/styles/tango.py', 'wb') -> 00000000
2026-02-12 01:53:37,155 - DEBUG - Progress: 7137/7137 bytes
2026-02-12 01:53:37,155 - DEBUG - [chan 0] close(00000000)
2026-02-12 01:53:37,157 - DEBUG - [chan 0] stat(b'/home/kevin/test/lib/pygments/styles/tango.py')
2026-02-12 01:53:37,158 - INFO - Upload completed successfully: tango.py
2026-02-12 01:53:37,159 - INFO - Starting upload: lib/pygments/styles/stata_light.py -> /home/kevin/test/lib/pygments/styles/stata_light.py (1289 bytes)
2026-02-12 01:53:37,160 - DEBUG - [chan 0] open(b'/home/kevin/test/lib/pygments/styles/stata_light.py', 'wb')
2026-02-12 01:53:37,160 - DEBUG - [chan 0] open(b'/home/kevin/test/lib/pygments/styles/stata_light.py', 'wb') -> 00000000
2026-02-12 01:53:37,161 - DEBUG - Progress: 1289/1289 bytes
2026-02-12 01:53:37,161 - DEBUG - [chan 0] close(00000000)
2026-02-12 01:53:37,161 - DEBUG - [chan 0] stat(b'/home/kevin/test/lib/pygments/styles/stata_light.py')
2026-02-12 01:53:37,163 - INFO - Upload completed successfully: stata_light.py
2026-02-12 01:53:37,163 - INFO - Starting upload: lib/pygments/styles/stata_dark.py -> /home/kevin/test/lib/pygments/styles/stata_dark.py (1257 bytes)
2026-02-12 01:53:37,164 - DEBUG - [chan 0] open(b'/home/kevin/test/lib/pygments/styles/stata_dark.py', 'wb')
2026-02-12 01:53:37,165 - DEBUG - [chan 0] open(b'/home/kevin/test/lib/pygments/styles/stata_dark.py', 'wb') -> 00000000
2026-02-12 01:53:37,165 - DEBUG - Progress: 1257/1257 bytes
2026-02-12 01:53:37,165 - DEBUG - [chan 0] close(00000000)
2026-02-12 01:53:37,166 - DEBUG - [chan 0] stat(b'/home/kevin/test/lib/pygments/styles/stata_dark.py')
2026-02-12 01:53:37,167 - INFO - Upload completed successfully: stata_dark.py
2026-02-12 01:53:37,167 - INFO - Starting upload: lib/pygments/styles/staroffice.py -> /home/kevin/test/lib/pygments/styles/staroffice.py (831 bytes)
2026-02-12 01:53:37,169 - DEBUG - [chan 0] open(b'/home/kevin/test/lib/pygments/styles/staroffice.py', 'wb')
2026-02-12 01:53:37,170 - DEBUG - [chan 0] open(b'/home/kevin/test/lib/pygments/styles/staroffice.py', 'wb') -> 00000000
2026-02-12 01:53:37,170 - DEBUG - Progress: 831/831 bytes
2026-02-12 01:53:37,170 - DEBUG - [chan 0] close(00000000)
2026-02-12 01:53:37,171 - DEBUG - [chan 0] stat(b'/home/kevin/test/lib/pygments/styles/staroffice.py')
2026-02-12 01:53:37,172 - INFO - Upload completed successfully: staroffice.py
2026-02-12 01:53:37,172 - INFO - Starting upload: lib/pygments/styles/solarized.py -> /home/kevin/test/lib/pygments/styles/solarized.py (4247 bytes)
2026-02-12 01:53:37,174 - DEBUG - [chan 0] open(b'/home/kevin/test/lib/pygments/styles/solarized.py', 'wb')
2026-02-12 01:53:37,174 - DEBUG - [chan 0] open(b'/home/kevin/test/lib/pygments/styles/solarized.py', 'wb') -> 00000000
2026-02-12 01:53:37,174 - DEBUG - Progress: 4247/4247 bytes
2026-02-12 01:53:37,175 - DEBUG - [chan 0] close(00000000)
2026-02-12 01:53:37,176 - DEBUG - [chan 0] stat(b'/home/kevin/test/lib/pygments/styles/solarized.py')
2026-02-12 01:53:37,178 - INFO - Upload completed successfully: solarized.py
2026-02-12 01:53:37,178 - INFO - Starting upload: lib/pygments/styles/sas.py -> /home/kevin/test/lib/pygments/styles/sas.py (1440 bytes)
2026-02-12 01:53:37,179 - DEBUG - [chan 0] open(b'/home/kevin/test/lib/pygments/styles/sas.py', 'wb')
2026-02-12 01:53:37,180 - DEBUG - [chan 0] open(b'/home/kevin/test/lib/pygments/styles/sas.py', 'wb') -> 00000000
2026-02-12 01:53:37,180 - DEBUG - Progress: 1440/1440 bytes
2026-02-12 01:53:37,180 - DEBUG - [chan 0] close(00000000)
2026-02-12 01:53:37,181 - DEBUG - [chan 0] stat(b'/home/kevin/test/lib/pygments/styles/sas.py')
2026-02-12 01:53:37,182 - INFO - Upload completed successfully: sas.py
2026-02-12 01:53:37,182 - INFO - Starting upload: lib/pygments/styles/rrt.py -> /home/kevin/test/lib/pygments/styles/rrt.py (1006 bytes)
2026-02-12 01:53:37,184 - DEBUG - [chan 0] open(b'/home/kevin/test/lib/pygments/styles/rrt.py', 'wb')
2026-02-12 01:53:37,184 - DEBUG - [chan 0] open(b'/home/kevin/test/lib/pygments/styles/rrt.py', 'wb') -> 00000000
2026-02-12 01:53:37,184 - DEBUG - Progress: 1006/1006 bytes
2026-02-12 01:53:37,184 - DEBUG - [chan 0] close(00000000)
2026-02-12 01:53:37,185 - DEBUG - [chan 0] stat(b'/home/kevin/test/lib/pygments/styles/rrt.py')
2026-02-12 01:53:37,187 - INFO - Upload completed successfully: rrt.py
2026-02-12 01:53:37,187 - INFO - Starting upload: lib/pygments/styles/rainbow_dash.py -> /home/kevin/test/lib/pygments/styles/rainbow_dash.py (2390 bytes)
2026-02-12 01:53:37,189 - DEBUG - [chan 0] open(b'/home/kevin/test/lib/pygments/styles/rainbow_dash.py', 'wb')
2026-02-12 01:53:37,190 - DEBUG - [chan 0] open(b'/home/kevin/test/lib/pygments/styles/rainbow_dash.py', 'wb') -> 00000000
2026-02-12 01:53:37,190 - DEBUG - Progress: 2390/2390 bytes
2026-02-12 01:53:37,190 - DEBUG - [chan 0] close(00000000)
2026-02-12 01:53:37,191 - DEBUG - [chan 0] stat(b'/home/kevin/test/lib/pygments/styles/rainbow_dash.py')
2026-02-12 01:53:37,193 - INFO - Upload completed successfully: rainbow_dash.py
2026-02-12 01:53:37,193 - INFO - Starting upload: lib/pygments/styles/perldoc.py -> /home/kevin/test/lib/pygments/styles/perldoc.py (2230 bytes)
2026-02-12 01:53:37,194 - DEBUG - [chan 0] open(b'/home/kevin/test/lib/pygments/styles/perldoc.py', 'wb')
2026-02-12 01:53:37,195 - DEBUG - [chan 0] open(b'/home/kevin/test/lib/pygments/styles/perldoc.py', 'wb') -> 00000000
2026-02-12 01:53:37,195 - DEBUG - Progress: 2230/2230 bytes
2026-02-12 01:53:37,195 - DEBUG - [chan 0] close(00000000)
2026-02-12 01:53:37,197 - DEBUG - [chan 0] stat(b'/home/kevin/test/lib/pygments/styles/perldoc.py')
2026-02-12 01:53:37,198 - INFO - Upload completed successfully: perldoc.py
2026-02-12 01:53:37,198 - INFO - Starting upload: lib/pygments/styles/pastie.py -> /home/kevin/test/lib/pygments/styles/pastie.py (2525 bytes)
2026-02-12 01:53:37,200 - DEBUG - [chan 0] open(b'/home/kevin/test/lib/pygments/styles/pastie.py', 'wb')
2026-02-12 01:53:37,201 - DEBUG - [chan 0] open(b'/home/kevin/test/lib/pygments/styles/pastie.py', 'wb') -> 00000000
2026-02-12 01:53:37,201 - DEBUG - Progress: 2525/2525 bytes
2026-02-12 01:53:37,201 - DEBUG - [chan 0] close(00000000)
2026-02-12 01:53:37,203 - DEBUG - [chan 0] stat(b'/home/kevin/test/lib/pygments/styles/pastie.py')
2026-02-12 01:53:37,204 - INFO - Upload completed successfully: pastie.py
2026-02-12 01:53:37,204 - INFO - Starting upload: lib/pygments/styles/paraiso_light.py -> /home/kevin/test/lib/pygments/styles/paraiso_light.py (5668 bytes)
2026-02-12 01:53:37,206 - DEBUG - [chan 0] open(b'/home/kevin/test/lib/pygments/styles/paraiso_light.py', 'wb')
2026-02-12 01:53:37,207 - DEBUG - [chan 0] open(b'/home/kevin/test/lib/pygments/styles/paraiso_light.py', 'wb') -> 00000000
2026-02-12 01:53:37,207 - DEBUG - Progress: 5668/5668 bytes
2026-02-12 01:53:37,207 - DEBUG - [chan 0] close(00000000)
2026-02-12 01:53:37,208 - DEBUG - [chan 0] stat(b'/home/kevin/test/lib/pygments/styles/paraiso_light.py')
2026-02-12 01:53:37,210 - INFO - Upload completed successfully: paraiso_light.py
2026-02-12 01:53:37,210 - INFO - Starting upload: lib/pygments/styles/paraiso_dark.py -> /home/kevin/test/lib/pygments/styles/paraiso_dark.py (5662 bytes)
2026-02-12 01:53:37,211 - DEBUG - [chan 0] open(b'/home/kevin/test/lib/pygments/styles/paraiso_dark.py', 'wb')
2026-02-12 01:53:37,212 - DEBUG - [chan 0] open(b'/home/kevin/test/lib/pygments/styles/paraiso_dark.py', 'wb') -> 00000000
2026-02-12 01:53:37,212 - DEBUG - Progress: 5662/5662 bytes
2026-02-12 01:53:37,212 - DEBUG - [chan 0] close(00000000)
2026-02-12 01:53:37,213 - DEBUG - [chan 0] stat(b'/home/kevin/test/lib/pygments/styles/paraiso_dark.py')
2026-02-12 01:53:37,216 - INFO - Upload completed successfully: paraiso_dark.py
2026-02-12 01:53:37,216 - INFO - Starting upload: lib/pygments/styles/onedark.py -> /home/kevin/test/lib/pygments/styles/onedark.py (1719 bytes)
2026-02-12 01:53:37,218 - DEBUG - [chan 0] open(b'/home/kevin/test/lib/pygments/styles/onedark.py', 'wb')
2026-02-12 01:53:37,219 - DEBUG - [chan 0] open(b'/home/kevin/test/lib/pygments/styles/onedark.py', 'wb') -> 00000000
2026-02-12 01:53:37,220 - DEBUG - Progress: 1719/1719 bytes
2026-02-12 01:53:37,220 - DEBUG - [chan 0] close(00000000)
2026-02-12 01:53:37,221 - DEBUG - [chan 0] stat(b'/home/kevin/test/lib/pygments/styles/onedark.py')
2026-02-12 01:53:37,222 - INFO - Upload completed successfully: onedark.py
2026-02-12 01:53:37,223 - INFO - Starting upload: lib/pygments/styles/nord.py -> /home/kevin/test/lib/pygments/styles/nord.py (5391 bytes)
2026-02-12 01:53:37,224 - DEBUG - [chan 0] open(b'/home/kevin/test/lib/pygments/styles/nord.py', 'wb')
2026-02-12 01:53:37,225 - DEBUG - [chan 0] open(b'/home/kevin/test/lib/pygments/styles/nord.py', 'wb') -> 00000000
2026-02-12 01:53:37,225 - DEBUG - Progress: 5391/5391 bytes
2026-02-12 01:53:37,225 - DEBUG - [chan 0] close(00000000)
2026-02-12 01:53:37,226 - DEBUG - [chan 0] stat(b'/home/kevin/test/lib/pygments/styles/nord.py')
2026-02-12 01:53:37,228 - INFO - Upload completed successfully: nord.py
2026-02-12 01:53:37,228 - INFO - Starting upload: lib/pygments/styles/native.py -> /home/kevin/test/lib/pygments/styles/native.py (2043 bytes)
2026-02-12 01:53:37,229 - DEBUG - [chan 0] open(b'/home/kevin/test/lib/pygments/styles/native.py', 'wb')
2026-02-12 01:53:37,230 - DEBUG - [chan 0] open(b'/home/kevin/test/lib/pygments/styles/native.py', 'wb') -> 00000000
2026-02-12 01:53:37,230 - DEBUG - Progress: 2043/2043 bytes
2026-02-12 01:53:37,230 - DEBUG - [chan 0] close(00000000)
2026-02-12 01:53:37,231 - DEBUG - [chan 0] stat(b'/home/kevin/test/lib/pygments/styles/native.py')
2026-02-12 01:53:37,233 - INFO - Upload completed successfully: native.py
2026-02-12 01:53:37,233 - INFO - Starting upload: lib/pygments/styles/murphy.py -> /home/kevin/test/lib/pygments/styles/murphy.py (2805 bytes)
2026-02-12 01:53:37,235 - DEBUG - [chan 0] open(b'/home/kevin/test/lib/pygments/styles/murphy.py', 'wb')
2026-02-12 01:53:37,235 - DEBUG - [chan 0] open(b'/home/kevin/test/lib/pygments/styles/murphy.py', 'wb') -> 00000000
2026-02-12 01:53:37,235 - DEBUG - Progress: 2805/2805 bytes
2026-02-12 01:53:37,235 - DEBUG - [chan 0] close(00000000)
2026-02-12 01:53:37,236 - DEBUG - [chan 0] stat(b'/home/kevin/test/lib/pygments/styles/murphy.py')
2026-02-12 01:53:37,238 - INFO - Upload completed successfully: murphy.py
2026-02-12 01:53:37,238 - INFO - Starting upload: lib/pygments/styles/monokai.py -> /home/kevin/test/lib/pygments/styles/monokai.py (5184 bytes)
2026-02-12 01:53:37,239 - DEBUG - [chan 0] open(b'/home/kevin/test/lib/pygments/styles/monokai.py', 'wb')
2026-02-12 01:53:37,240 - DEBUG - [chan 0] open(b'/home/kevin/test/lib/pygments/styles/monokai.py', 'wb') -> 00000000
2026-02-12 01:53:37,240 - DEBUG - Progress: 5184/5184 bytes
2026-02-12 01:53:37,240 - DEBUG - [chan 0] close(00000000)
2026-02-12 01:53:37,241 - DEBUG - [chan 0] stat(b'/home/kevin/test/lib/pygments/styles/monokai.py')
2026-02-12 01:53:37,243 - INFO - Upload completed successfully: monokai.py
2026-02-12 01:53:37,243 - INFO - Starting upload: lib/pygments/styles/material.py -> /home/kevin/test/lib/pygments/styles/material.py (4201 bytes)
2026-02-12 01:53:37,244 - DEBUG - [chan 0] open(b'/home/kevin/test/lib/pygments/styles/material.py', 'wb')
2026-02-12 01:53:37,245 - DEBUG - [chan 0] open(b'/home/kevin/test/lib/pygments/styles/material.py', 'wb') -> 00000000
2026-02-12 01:53:37,245 - DEBUG - Progress: 4201/4201 bytes
2026-02-12 01:53:37,245 - DEBUG - [chan 0] close(00000000)
2026-02-12 01:53:37,246 - DEBUG - [chan 0] stat(b'/home/kevin/test/lib/pygments/styles/material.py')
2026-02-12 01:53:37,248 - INFO - Upload completed successfully: material.py
2026-02-12 01:53:37,248 - INFO - Starting upload: lib/pygments/styles/manni.py -> /home/kevin/test/lib/pygments/styles/manni.py (2443 bytes)
2026-02-12 01:53:37,250 - DEBUG - [chan 0] open(b'/home/kevin/test/lib/pygments/styles/manni.py', 'wb')
2026-02-12 01:53:37,250 - DEBUG - [chan 0] open(b'/home/kevin/test/lib/pygments/styles/manni.py', 'wb') -> 00000000
2026-02-12 01:53:37,250 - DEBUG - Progress: 2443/2443 bytes
2026-02-12 01:53:37,250 - DEBUG - [chan 0] close(00000000)
2026-02-12 01:53:37,252 - DEBUG - [chan 0] stat(b'/home/kevin/test/lib/pygments/styles/manni.py')
2026-02-12 01:53:37,253 - INFO - Upload completed successfully: manni.py
2026-02-12 01:53:37,253 - INFO - Starting upload: lib/pygments/styles/lovelace.py -> /home/kevin/test/lib/pygments/styles/lovelace.py (3178 bytes)
2026-02-12 01:53:37,255 - DEBUG - [chan 0] open(b'/home/kevin/test/lib/pygments/styles/lovelace.py', 'wb')
2026-02-12 01:53:37,255 - DEBUG - [chan 0] open(b'/home/kevin/test/lib/pygments/styles/lovelace.py', 'wb') -> 00000000
2026-02-12 01:53:37,256 - DEBUG - Progress: 3178/3178 bytes
2026-02-12 01:53:37,256 - DEBUG - [chan 0] close(00000000)
2026-02-12 01:53:37,257 - DEBUG - [chan 0] stat(b'/home/kevin/test/lib/pygments/styles/lovelace.py')
2026-02-12 01:53:37,259 - INFO - Upload completed successfully: lovelace.py
2026-02-12 01:53:37,259 - INFO - Starting upload: lib/pygments/styles/lilypond.py -> /home/kevin/test/lib/pygments/styles/lilypond.py (2066 bytes)
2026-02-12 01:53:37,260 - DEBUG - [chan 0] open(b'/home/kevin/test/lib/pygments/styles/lilypond.py', 'wb')
2026-02-12 01:53:37,261 - DEBUG - [chan 0] open(b'/home/kevin/test/lib/pygments/styles/lilypond.py', 'wb') -> 00000000
2026-02-12 01:53:37,261 - DEBUG - Progress: 2066/2066 bytes
2026-02-12 01:53:37,261 - DEBUG - [chan 0] close(00000000)
2026-02-12 01:53:37,262 - DEBUG - [chan 0] stat(b'/home/kevin/test/lib/pygments/styles/lilypond.py')
2026-02-12 01:53:37,264 - INFO - Upload completed successfully: lilypond.py
2026-02-12 01:53:37,264 - INFO - Starting upload: lib/pygments/styles/lightbulb.py -> /home/kevin/test/lib/pygments/styles/lightbulb.py (3172 bytes)
2026-02-12 01:53:37,266 - DEBUG - [chan 0] open(b'/home/kevin/test/lib/pygments/styles/lightbulb.py', 'wb')
2026-02-12 01:53:37,266 - DEBUG - [chan 0] open(b'/home/kevin/test/lib/pygments/styles/lightbulb.py', 'wb') -> 00000000
2026-02-12 01:53:37,267 - DEBUG - Progress: 3172/3172 bytes
2026-02-12 01:53:37,267 - DEBUG - [chan 0] close(00000000)
2026-02-12 01:53:37,268 - DEBUG - [chan 0] stat(b'/home/kevin/test/lib/pygments/styles/lightbulb.py')
2026-02-12 01:53:37,270 - INFO - Upload completed successfully: lightbulb.py
2026-02-12 01:53:37,270 - INFO - Starting upload: lib/pygments/styles/inkpot.py -> /home/kevin/test/lib/pygments/styles/inkpot.py (2404 bytes)
2026-02-12 01:53:37,271 - DEBUG - [chan 0] open(b'/home/kevin/test/lib/pygments/styles/inkpot.py', 'wb')
2026-02-12 01:53:37,272 - DEBUG - [chan 0] open(b'/home/kevin/test/lib/pygments/styles/inkpot.py', 'wb') -> 00000000
2026-02-12 01:53:37,272 - DEBUG - Progress: 2404/2404 bytes
2026-02-12 01:53:37,272 - DEBUG - [chan 0] close(00000000)
2026-02-12 01:53:37,273 - DEBUG - [chan 0] stat(b'/home/kevin/test/lib/pygments/styles/inkpot.py')
2026-02-12 01:53:37,275 - INFO - Upload completed successfully: inkpot.py
2026-02-12 01:53:37,275 - INFO - Starting upload: lib/pygments/styles/igor.py -> /home/kevin/test/lib/pygments/styles/igor.py (737 bytes)
2026-02-12 01:53:37,277 - DEBUG - [chan 0] open(b'/home/kevin/test/lib/pygments/styles/igor.py', 'wb')
2026-02-12 01:53:37,277 - DEBUG - [chan 0] open(b'/home/kevin/test/lib/pygments/styles/igor.py', 'wb') -> 00000000
2026-02-12 01:53:37,277 - DEBUG - Progress: 737/737 bytes
2026-02-12 01:53:37,277 - DEBUG - [chan 0] close(00000000)
2026-02-12 01:53:37,278 - DEBUG - [chan 0] stat(b'/home/kevin/test/lib/pygments/styles/igor.py')
2026-02-12 01:53:37,280 - INFO - Upload completed successfully: igor.py
2026-02-12 01:53:37,280 - INFO - Starting upload: lib/pygments/styles/gruvbox.py -> /home/kevin/test/lib/pygments/styles/gruvbox.py (3387 bytes)
2026-02-12 01:53:37,281 - DEBUG - [chan 0] open(b'/home/kevin/test/lib/pygments/styles/gruvbox.py', 'wb')
2026-02-12 01:53:37,282 - DEBUG - [chan 0] open(b'/home/kevin/test/lib/pygments/styles/gruvbox.py', 'wb') -> 00000000
2026-02-12 01:53:37,282 - DEBUG - Progress: 3387/3387 bytes
2026-02-12 01:53:37,282 - DEBUG - [chan 0] close(00000000)
2026-02-12 01:53:37,283 - DEBUG - [chan 0] stat(b'/home/kevin/test/lib/pygments/styles/gruvbox.py')
2026-02-12 01:53:37,285 - INFO - Upload completed successfully: gruvbox.py
2026-02-12 01:53:37,285 - INFO - Starting upload: lib/pygments/styles/gh_dark.py -> /home/kevin/test/lib/pygments/styles/gh_dark.py (3590 bytes)
2026-02-12 01:53:37,286 - DEBUG - [chan 0] open(b'/home/kevin/test/lib/pygments/styles/gh_dark.py', 'wb')
2026-02-12 01:53:37,287 - DEBUG - [chan 0] open(b'/home/kevin/test/lib/pygments/styles/gh_dark.py', 'wb') -> 00000000
2026-02-12 01:53:37,287 - DEBUG - Progress: 3590/3590 bytes
2026-02-12 01:53:37,287 - DEBUG - [chan 0] close(00000000)
2026-02-12 01:53:37,288 - DEBUG - [chan 0] stat(b'/home/kevin/test/lib/pygments/styles/gh_dark.py')
2026-02-12 01:53:37,291 - INFO - Upload completed successfully: gh_dark.py
2026-02-12 01:53:37,291 - INFO - Starting upload: lib/pygments/styles/fruity.py -> /home/kevin/test/lib/pygments/styles/fruity.py (1324 bytes)
2026-02-12 01:53:37,292 - DEBUG - [chan 0] open(b'/home/kevin/test/lib/pygments/styles/fruity.py', 'wb')
2026-02-12 01:53:37,293 - DEBUG - [chan 0] open(b'/home/kevin/test/lib/pygments/styles/fruity.py', 'wb') -> 00000000
2026-02-12 01:53:37,293 - DEBUG - Progress: 1324/1324 bytes
2026-02-12 01:53:37,293 - DEBUG - [chan 0] close(00000000)
2026-02-12 01:53:37,294 - DEBUG - [chan 0] stat(b'/home/kevin/test/lib/pygments/styles/fruity.py')
2026-02-12 01:53:37,296 - INFO - Upload completed successfully: fruity.py
2026-02-12 01:53:37,296 - INFO - Starting upload: lib/pygments/styles/friendly_grayscale.py -> /home/kevin/test/lib/pygments/styles/friendly_grayscale.py (2828 bytes)
2026-02-12 01:53:37,298 - DEBUG - [chan 0] open(b'/home/kevin/test/lib/pygments/styles/friendly_grayscale.py', 'wb')
2026-02-12 01:53:37,299 - DEBUG - [chan 0] open(b'/home/kevin/test/lib/pygments/styles/friendly_grayscale.py', 'wb') -> 00000000
2026-02-12 01:53:37,299 - DEBUG - Progress: 2828/2828 bytes
2026-02-12 01:53:37,299 - DEBUG - [chan 0] close(00000000)
2026-02-12 01:53:37,300 - DEBUG - [chan 0] stat(b'/home/kevin/test/lib/pygments/styles/friendly_grayscale.py')
2026-02-12 01:53:37,302 - INFO - Upload completed successfully: friendly_grayscale.py
2026-02-12 01:53:37,302 - INFO - Starting upload: lib/pygments/styles/friendly.py -> /home/kevin/test/lib/pygments/styles/friendly.py (2604 bytes)
2026-02-12 01:53:37,304 - DEBUG - [chan 0] open(b'/home/kevin/test/lib/pygments/styles/friendly.py', 'wb')
2026-02-12 01:53:37,305 - DEBUG - [chan 0] open(b'/home/kevin/test/lib/pygments/styles/friendly.py', 'wb') -> 00000000
2026-02-12 01:53:37,305 - DEBUG - Progress: 2604/2604 bytes
2026-02-12 01:53:37,305 - DEBUG - [chan 0] close(00000000)
2026-02-12 01:53:37,306 - DEBUG - [chan 0] stat(b'/home/kevin/test/lib/pygments/styles/friendly.py')
2026-02-12 01:53:37,308 - INFO - Upload completed successfully: friendly.py
2026-02-12 01:53:37,309 - INFO - Starting upload: lib/pygments/styles/emacs.py -> /home/kevin/test/lib/pygments/styles/emacs.py (2535 bytes)
2026-02-12 01:53:37,310 - DEBUG - [chan 0] open(b'/home/kevin/test/lib/pygments/styles/emacs.py', 'wb')
2026-02-12 01:53:37,311 - DEBUG - [chan 0] open(b'/home/kevin/test/lib/pygments/styles/emacs.py', 'wb') -> 00000000
2026-02-12 01:53:37,311 - DEBUG - Progress: 2535/2535 bytes
2026-02-12 01:53:37,311 - DEBUG - [chan 0] close(00000000)
2026-02-12 01:53:37,312 - DEBUG - [chan 0] stat(b'/home/kevin/test/lib/pygments/styles/emacs.py')
2026-02-12 01:53:37,314 - INFO - Upload completed successfully: emacs.py
2026-02-12 01:53:37,314 - INFO - Starting upload: lib/pygments/styles/dracula.py -> /home/kevin/test/lib/pygments/styles/dracula.py (2182 bytes)
2026-02-12 01:53:37,316 - DEBUG - [chan 0] open(b'/home/kevin/test/lib/pygments/styles/dracula.py', 'wb')
2026-02-12 01:53:37,316 - DEBUG - [chan 0] open(b'/home/kevin/test/lib/pygments/styles/dracula.py', 'wb') -> 00000000
2026-02-12 01:53:37,317 - DEBUG - Progress: 2182/2182 bytes
2026-02-12 01:53:37,317 - DEBUG - [chan 0] close(00000000)
2026-02-12 01:53:37,318 - DEBUG - [chan 0] stat(b'/home/kevin/test/lib/pygments/styles/dracula.py')
2026-02-12 01:53:37,320 - INFO - Upload completed successfully: dracula.py
2026-02-12 01:53:37,320 - INFO - Starting upload: lib/pygments/styles/default.py -> /home/kevin/test/lib/pygments/styles/default.py (2588 bytes)
2026-02-12 01:53:37,321 - DEBUG - [chan 0] open(b'/home/kevin/test/lib/pygments/styles/default.py', 'wb')
2026-02-12 01:53:37,322 - DEBUG - [chan 0] open(b'/home/kevin/test/lib/pygments/styles/default.py', 'wb') -> 00000000
2026-02-12 01:53:37,322 - DEBUG - Progress: 2588/2588 bytes
2026-02-12 01:53:37,322 - DEBUG - [chan 0] close(00000000)
2026-02-12 01:53:37,323 - DEBUG - [chan 0] stat(b'/home/kevin/test/lib/pygments/styles/default.py')
2026-02-12 01:53:37,325 - INFO - Upload completed successfully: default.py
2026-02-12 01:53:37,325 - INFO - Starting upload: lib/pygments/styles/colorful.py -> /home/kevin/test/lib/pygments/styles/colorful.py (2832 bytes)
2026-02-12 01:53:37,326 - DEBUG - [chan 0] open(b'/home/kevin/test/lib/pygments/styles/colorful.py', 'wb')
2026-02-12 01:53:37,327 - DEBUG - [chan 0] open(b'/home/kevin/test/lib/pygments/styles/colorful.py', 'wb') -> 00000000
2026-02-12 01:53:37,327 - DEBUG - Progress: 2832/2832 bytes
2026-02-12 01:53:37,327 - DEBUG - [chan 0] close(00000000)
2026-02-12 01:53:37,328 - DEBUG - [chan 0] stat(b'/home/kevin/test/lib/pygments/styles/colorful.py')
2026-02-12 01:53:37,331 - INFO - Upload completed successfully: colorful.py
2026-02-12 01:53:37,331 - INFO - Starting upload: lib/pygments/styles/coffee.py -> /home/kevin/test/lib/pygments/styles/coffee.py (2308 bytes)
2026-02-12 01:53:37,333 - DEBUG - [chan 0] open(b'/home/kevin/test/lib/pygments/styles/coffee.py', 'wb')
2026-02-12 01:53:37,333 - DEBUG - [chan 0] open(b'/home/kevin/test/lib/pygments/styles/coffee.py', 'wb') -> 00000000
2026-02-12 01:53:37,334 - DEBUG - Progress: 2308/2308 bytes
2026-02-12 01:53:37,334 - DEBUG - [chan 0] close(00000000)
2026-02-12 01:53:37,335 - DEBUG - [chan 0] stat(b'/home/kevin/test/lib/pygments/styles/coffee.py')
2026-02-12 01:53:37,337 - INFO - Upload completed successfully: coffee.py
2026-02-12 01:53:37,337 - INFO - Starting upload: lib/pygments/styles/bw.py -> /home/kevin/test/lib/pygments/styles/bw.py (1406 bytes)
2026-02-12 01:53:37,338 - DEBUG - [chan 0] open(b'/home/kevin/test/lib/pygments/styles/bw.py', 'wb')
2026-02-12 01:53:37,339 - DEBUG - [chan 0] open(b'/home/kevin/test/lib/pygments/styles/bw.py', 'wb') -> 00000000
2026-02-12 01:53:37,339 - DEBUG - Progress: 1406/1406 bytes
2026-02-12 01:53:37,339 - DEBUG - [chan 0] close(00000000)
2026-02-12 01:53:37,340 - DEBUG - [chan 0] stat(b'/home/kevin/test/lib/pygments/styles/bw.py')
2026-02-12 01:53:37,343 - INFO - Upload completed successfully: bw.py
2026-02-12 01:53:37,343 - INFO - Starting upload: lib/pygments/styles/borland.py -> /home/kevin/test/lib/pygments/styles/borland.py (1611 bytes)
2026-02-12 01:53:37,344 - DEBUG - [chan 0] open(b'/home/kevin/test/lib/pygments/styles/borland.py', 'wb')
2026-02-12 01:53:37,345 - DEBUG - [chan 0] open(b'/home/kevin/test/lib/pygments/styles/borland.py', 'wb') -> 00000000
2026-02-12 01:53:37,346 - DEBUG - Progress: 1611/1611 bytes
2026-02-12 01:53:37,346 - DEBUG - [chan 0] close(00000000)
2026-02-12 01:53:37,347 - DEBUG - [chan 0] stat(b'/home/kevin/test/lib/pygments/styles/borland.py')
2026-02-12 01:53:37,348 - INFO - Upload completed successfully: borland.py
2026-02-12 01:53:37,348 - INFO - Starting upload: lib/pygments/styles/autumn.py -> /home/kevin/test/lib/pygments/styles/autumn.py (2195 bytes)
2026-02-12 01:53:37,350 - DEBUG - [chan 0] open(b'/home/kevin/test/lib/pygments/styles/autumn.py', 'wb')
2026-02-12 01:53:37,350 - DEBUG - [chan 0] open(b'/home/kevin/test/lib/pygments/styles/autumn.py', 'wb') -> 00000000
2026-02-12 01:53:37,351 - DEBUG - Progress: 2195/2195 bytes
2026-02-12 01:53:37,351 - DEBUG - [chan 0] close(00000000)
2026-02-12 01:53:37,351 - DEBUG - [chan 0] stat(b'/home/kevin/test/lib/pygments/styles/autumn.py')
2026-02-12 01:53:37,353 - INFO - Upload completed successfully: autumn.py
2026-02-12 01:53:37,353 - INFO - Starting upload: lib/pygments/styles/arduino.py -> /home/kevin/test/lib/pygments/styles/arduino.py (4557 bytes)
2026-02-12 01:53:37,355 - DEBUG - [chan 0] open(b'/home/kevin/test/lib/pygments/styles/arduino.py', 'wb')
2026-02-12 01:53:37,356 - DEBUG - [chan 0] open(b'/home/kevin/test/lib/pygments/styles/arduino.py', 'wb') -> 00000000
2026-02-12 01:53:37,356 - DEBUG - Progress: 4557/4557 bytes
2026-02-12 01:53:37,356 - DEBUG - [chan 0] close(00000000)
2026-02-12 01:53:37,357 - DEBUG - [chan 0] stat(b'/home/kevin/test/lib/pygments/styles/arduino.py')
2026-02-12 01:53:37,359 - INFO - Upload completed successfully: arduino.py
2026-02-12 01:53:37,359 - INFO - Starting upload: lib/pygments/styles/algol_nu.py -> /home/kevin/test/lib/pygments/styles/algol_nu.py (2283 bytes)
2026-02-12 01:53:37,361 - DEBUG - [chan 0] open(b'/home/kevin/test/lib/pygments/styles/algol_nu.py', 'wb')
2026-02-12 01:53:37,362 - DEBUG - [chan 0] open(b'/home/kevin/test/lib/pygments/styles/algol_nu.py', 'wb') -> 00000000
2026-02-12 01:53:37,362 - DEBUG - Progress: 2283/2283 bytes
2026-02-12 01:53:37,362 - DEBUG - [chan 0] close(00000000)
2026-02-12 01:53:37,363 - DEBUG - [chan 0] stat(b'/home/kevin/test/lib/pygments/styles/algol_nu.py')
2026-02-12 01:53:37,364 - INFO - Upload completed successfully: algol_nu.py
2026-02-12 01:53:37,365 - INFO - Starting upload: lib/pygments/styles/algol.py -> /home/kevin/test/lib/pygments/styles/algol.py (2262 bytes)
2026-02-12 01:53:37,366 - DEBUG - [chan 0] open(b'/home/kevin/test/lib/pygments/styles/algol.py', 'wb')
2026-02-12 01:53:37,367 - DEBUG - [chan 0] open(b'/home/kevin/test/lib/pygments/styles/algol.py', 'wb') -> 00000000
2026-02-12 01:53:37,367 - DEBUG - Progress: 2262/2262 bytes
2026-02-12 01:53:37,367 - DEBUG - [chan 0] close(00000000)
2026-02-12 01:53:37,368 - DEBUG - [chan 0] stat(b'/home/kevin/test/lib/pygments/styles/algol.py')
2026-02-12 01:53:37,370 - INFO - Upload completed successfully: algol.py
2026-02-12 01:53:37,371 - INFO - Starting upload: lib/pygments/styles/abap.py -> /home/kevin/test/lib/pygments/styles/abap.py (749 bytes)
2026-02-12 01:53:37,372 - DEBUG - [chan 0] open(b'/home/kevin/test/lib/pygments/styles/abap.py', 'wb')
2026-02-12 01:53:37,373 - DEBUG - [chan 0] open(b'/home/kevin/test/lib/pygments/styles/abap.py', 'wb') -> 00000000
2026-02-12 01:53:37,373 - DEBUG - Progress: 749/749 bytes
2026-02-12 01:53:37,373 - DEBUG - [chan 0] close(00000000)
2026-02-12 01:53:37,374 - DEBUG - [chan 0] stat(b'/home/kevin/test/lib/pygments/styles/abap.py')
2026-02-12 01:53:37,376 - INFO - Upload completed successfully: abap.py
2026-02-12 01:53:37,376 - INFO - Starting upload: lib/pygments/styles/_mapping.py -> /home/kevin/test/lib/pygments/styles/_mapping.py (3312 bytes)
2026-02-12 01:53:37,377 - DEBUG - [chan 0] open(b'/home/kevin/test/lib/pygments/styles/_mapping.py', 'wb')
2026-02-12 01:53:37,378 - DEBUG - [chan 0] open(b'/home/kevin/test/lib/pygments/styles/_mapping.py', 'wb') -> 00000000
2026-02-12 01:53:37,378 - DEBUG - Progress: 3312/3312 bytes
2026-02-12 01:53:37,378 - DEBUG - [chan 0] close(00000000)
2026-02-12 01:53:37,379 - DEBUG - [chan 0] stat(b'/home/kevin/test/lib/pygments/styles/_mapping.py')
2026-02-12 01:53:37,381 - INFO - Upload completed successfully: _mapping.py
2026-02-12 01:53:37,381 - INFO - Starting upload: lib/pygments/styles/__init__.py -> /home/kevin/test/lib/pygments/styles/__init__.py (2006 bytes)
2026-02-12 01:53:37,383 - DEBUG - [chan 0] open(b'/home/kevin/test/lib/pygments/styles/__init__.py', 'wb')
2026-02-12 01:53:37,384 - DEBUG - [chan 0] open(b'/home/kevin/test/lib/pygments/styles/__init__.py', 'wb') -> 00000000
2026-02-12 01:53:37,384 - DEBUG - Progress: 2006/2006 bytes
2026-02-12 01:53:37,384 - DEBUG - [chan 0] close(00000000)
2026-02-12 01:53:37,385 - DEBUG - [chan 0] stat(b'/home/kevin/test/lib/pygments/styles/__init__.py')
2026-02-12 01:53:37,387 - INFO - Upload completed successfully: __init__.py
2026-02-12 01:53:37,387 - DEBUG - [chan 0] mkdir(b'/home/kevin/test/lib/pygments/styles/__pycache__', 511)
2026-02-12 01:53:37,388 - INFO - Created remote folder: /home/kevin/test/lib/pygments/styles/__pycache__
2026-02-12 01:53:37,388 - INFO - Starting upload: lib/pygments/styles/__pycache__/zenburn.cpython-314.pyc -> /home/kevin/test/lib/pygments/styles/__pycache__/zenburn.cpython-314.pyc (3312 bytes)
2026-02-12 01:53:37,390 - DEBUG - [chan 0] open(b'/home/kevin/test/lib/pygments/styles/__pycache__/zenburn.cpython-314.pyc', 'wb')
2026-02-12 01:53:37,390 - DEBUG - [chan 0] open(b'/home/kevin/test/lib/pygments/styles/__pycache__/zenburn.cpython-314.pyc', 'wb') -> 00000000
2026-02-12 01:53:37,390 - DEBUG - Progress: 3312/3312 bytes
2026-02-12 01:53:37,390 - DEBUG - [chan 0] close(00000000)
2026-02-12 01:53:37,392 - DEBUG - [chan 0] stat(b'/home/kevin/test/lib/pygments/styles/__pycache__/zenburn.cpython-314.pyc')
2026-02-12 01:53:37,393 - INFO - Upload completed successfully: zenburn.cpython-314.pyc
2026-02-12 01:53:37,394 - INFO - Starting upload: lib/pygments/styles/__pycache__/xcode.cpython-314.pyc -> /home/kevin/test/lib/pygments/styles/__pycache__/xcode.cpython-314.pyc (1811 bytes)
2026-02-12 01:53:37,395 - DEBUG - [chan 0] open(b'/home/kevin/test/lib/pygments/styles/__pycache__/xcode.cpython-314.pyc', 'wb')
2026-02-12 01:53:37,396 - DEBUG - [chan 0] open(b'/home/kevin/test/lib/pygments/styles/__pycache__/xcode.cpython-314.pyc', 'wb') -> 00000000
2026-02-12 01:53:37,396 - DEBUG - Progress: 1811/1811 bytes
2026-02-12 01:53:37,396 - DEBUG - [chan 0] close(00000000)
2026-02-12 01:53:37,397 - DEBUG - [chan 0] stat(b'/home/kevin/test/lib/pygments/styles/__pycache__/xcode.cpython-314.pyc')
2026-02-12 01:53:37,399 - INFO - Upload completed successfully: xcode.cpython-314.pyc
2026-02-12 01:53:37,400 - INFO - Starting upload: lib/pygments/styles/__pycache__/vs.cpython-314.pyc -> /home/kevin/test/lib/pygments/styles/__pycache__/vs.cpython-314.pyc (1481 bytes)
2026-02-12 01:53:37,401 - DEBUG - [chan 0] open(b'/home/kevin/test/lib/pygments/styles/__pycache__/vs.cpython-314.pyc', 'wb')
2026-02-12 01:53:37,402 - DEBUG - [chan 0] open(b'/home/kevin/test/lib/pygments/styles/__pycache__/vs.cpython-314.pyc', 'wb') -> 00000000
2026-02-12 01:53:37,402 - DEBUG - Progress: 1481/1481 bytes
2026-02-12 01:53:37,402 - DEBUG - [chan 0] close(00000000)
2026-02-12 01:53:37,403 - DEBUG - [chan 0] stat(b'/home/kevin/test/lib/pygments/styles/__pycache__/vs.cpython-314.pyc')
2026-02-12 01:53:37,404 - INFO - Upload completed successfully: vs.cpython-314.pyc
2026-02-12 01:53:37,404 - INFO - Starting upload: lib/pygments/styles/__pycache__/vim.cpython-314.pyc -> /home/kevin/test/lib/pygments/styles/__pycache__/vim.cpython-314.pyc (2468 bytes)
2026-02-12 01:53:37,406 - DEBUG - [chan 0] open(b'/home/kevin/test/lib/pygments/styles/__pycache__/vim.cpython-314.pyc', 'wb')
2026-02-12 01:53:37,406 - DEBUG - [chan 0] open(b'/home/kevin/test/lib/pygments/styles/__pycache__/vim.cpython-314.pyc', 'wb') -> 00000000
2026-02-12 01:53:37,407 - DEBUG - Progress: 2468/2468 bytes
2026-02-12 01:53:37,407 - DEBUG - [chan 0] close(00000000)
2026-02-12 01:53:37,408 - DEBUG - [chan 0] stat(b'/home/kevin/test/lib/pygments/styles/__pycache__/vim.cpython-314.pyc')
2026-02-12 01:53:37,410 - INFO - Upload completed successfully: vim.cpython-314.pyc
2026-02-12 01:53:37,410 - INFO - Starting upload: lib/pygments/styles/__pycache__/trac.cpython-314.pyc -> /home/kevin/test/lib/pygments/styles/__pycache__/trac.cpython-314.pyc (2585 bytes)
2026-02-12 01:53:37,412 - DEBUG - [chan 0] open(b'/home/kevin/test/lib/pygments/styles/__pycache__/trac.cpython-314.pyc', 'wb')
2026-02-12 01:53:37,413 - DEBUG - [chan 0] open(b'/home/kevin/test/lib/pygments/styles/__pycache__/trac.cpython-314.pyc', 'wb') -> 00000000
2026-02-12 01:53:37,413 - DEBUG - Progress: 2585/2585 bytes
2026-02-12 01:53:37,413 - DEBUG - [chan 0] close(00000000)
2026-02-12 01:53:37,414 - DEBUG - [chan 0] stat(b'/home/kevin/test/lib/pygments/styles/__pycache__/trac.cpython-314.pyc')
2026-02-12 01:53:37,416 - INFO - Upload completed successfully: trac.cpython-314.pyc
2026-02-12 01:53:37,416 - INFO - Starting upload: lib/pygments/styles/__pycache__/tango.cpython-314.pyc -> /home/kevin/test/lib/pygments/styles/__pycache__/tango.cpython-314.pyc (6021 bytes)
2026-02-12 01:53:37,418 - DEBUG - [chan 0] open(b'/home/kevin/test/lib/pygments/styles/__pycache__/tango.cpython-314.pyc', 'wb')
2026-02-12 01:53:37,418 - DEBUG - [chan 0] open(b'/home/kevin/test/lib/pygments/styles/__pycache__/tango.cpython-314.pyc', 'wb') -> 00000000
2026-02-12 01:53:37,418 - DEBUG - Progress: 6021/6021 bytes
2026-02-12 01:53:37,419 - DEBUG - [chan 0] close(00000000)
2026-02-12 01:53:37,420 - DEBUG - [chan 0] stat(b'/home/kevin/test/lib/pygments/styles/__pycache__/tango.cpython-314.pyc')
2026-02-12 01:53:37,422 - INFO - Upload completed successfully: tango.cpython-314.pyc
2026-02-12 01:53:37,422 - INFO - Starting upload: lib/pygments/styles/__pycache__/stata_light.cpython-314.pyc -> /home/kevin/test/lib/pygments/styles/__pycache__/stata_light.cpython-314.pyc (1652 bytes)
2026-02-12 01:53:37,424 - DEBUG - [chan 0] open(b'/home/kevin/test/lib/pygments/styles/__pycache__/stata_light.cpython-314.pyc', 'wb')
2026-02-12 01:53:37,425 - DEBUG - [chan 0] open(b'/home/kevin/test/lib/pygments/styles/__pycache__/stata_light.cpython-314.pyc', 'wb') -> 00000000
2026-02-12 01:53:37,425 - DEBUG - Progress: 1652/1652 bytes
2026-02-12 01:53:37,425 - DEBUG - [chan 0] close(00000000)
2026-02-12 01:53:37,426 - DEBUG - [chan 0] stat(b'/home/kevin/test/lib/pygments/styles/__pycache__/stata_light.cpython-314.pyc')
2026-02-12 01:53:37,428 - INFO - Upload completed successfully: stata_light.cpython-314.pyc
2026-02-12 01:53:37,428 - INFO - Starting upload: lib/pygments/styles/__pycache__/stata_dark.cpython-314.pyc -> /home/kevin/test/lib/pygments/styles/__pycache__/stata_dark.cpython-314.pyc (1663 bytes)
2026-02-12 01:53:37,429 - DEBUG - [chan 0] open(b'/home/kevin/test/lib/pygments/styles/__pycache__/stata_dark.cpython-314.pyc', 'wb')
2026-02-12 01:53:37,430 - DEBUG - [chan 0] open(b'/home/kevin/test/lib/pygments/styles/__pycache__/stata_dark.cpython-314.pyc', 'wb') -> 00000000
2026-02-12 01:53:37,430 - DEBUG - Progress: 1663/1663 bytes
2026-02-12 01:53:37,430 - DEBUG - [chan 0] close(00000000)
2026-02-12 01:53:37,431 - DEBUG - [chan 0] stat(b'/home/kevin/test/lib/pygments/styles/__pycache__/stata_dark.cpython-314.pyc')
2026-02-12 01:53:37,433 - INFO - Upload completed successfully: stata_dark.cpython-314.pyc
2026-02-12 01:53:37,433 - INFO - Starting upload: lib/pygments/styles/__pycache__/staroffice.cpython-314.pyc -> /home/kevin/test/lib/pygments/styles/__pycache__/staroffice.cpython-314.pyc (1092 bytes)
2026-02-12 01:53:37,434 - DEBUG - [chan 0] open(b'/home/kevin/test/lib/pygments/styles/__pycache__/staroffice.cpython-314.pyc', 'wb')
2026-02-12 01:53:37,435 - DEBUG - [chan 0] open(b'/home/kevin/test/lib/pygments/styles/__pycache__/staroffice.cpython-314.pyc', 'wb') -> 00000000
2026-02-12 01:53:37,435 - DEBUG - Progress: 1092/1092 bytes
2026-02-12 01:53:37,435 - DEBUG - [chan 0] close(00000000)
2026-02-12 01:53:37,436 - DEBUG - [chan 0] stat(b'/home/kevin/test/lib/pygments/styles/__pycache__/staroffice.cpython-314.pyc')
2026-02-12 01:53:37,438 - INFO - Upload completed successfully: staroffice.cpython-314.pyc
2026-02-12 01:53:37,438 - INFO - Starting upload: lib/pygments/styles/__pycache__/solarized.cpython-314.pyc -> /home/kevin/test/lib/pygments/styles/__pycache__/solarized.cpython-314.pyc (6173 bytes)
2026-02-12 01:53:37,440 - DEBUG - [chan 0] open(b'/home/kevin/test/lib/pygments/styles/__pycache__/solarized.cpython-314.pyc', 'wb')
2026-02-12 01:53:37,441 - DEBUG - [chan 0] open(b'/home/kevin/test/lib/pygments/styles/__pycache__/solarized.cpython-314.pyc', 'wb') -> 00000000
2026-02-12 01:53:37,441 - DEBUG - Progress: 6173/6173 bytes
2026-02-12 01:53:37,441 - DEBUG - [chan 0] close(00000000)
2026-02-12 01:53:37,442 - DEBUG - [chan 0] stat(b'/home/kevin/test/lib/pygments/styles/__pycache__/solarized.cpython-314.pyc')
2026-02-12 01:53:37,444 - INFO - Upload completed successfully: solarized.cpython-314.pyc
2026-02-12 01:53:37,444 - INFO - Starting upload: lib/pygments/styles/__pycache__/sas.cpython-314.pyc -> /home/kevin/test/lib/pygments/styles/__pycache__/sas.cpython-314.pyc (1773 bytes)
2026-02-12 01:53:37,446 - DEBUG - [chan 0] open(b'/home/kevin/test/lib/pygments/styles/__pycache__/sas.cpython-314.pyc', 'wb')
2026-02-12 01:53:37,446 - DEBUG - [chan 0] open(b'/home/kevin/test/lib/pygments/styles/__pycache__/sas.cpython-314.pyc', 'wb') -> 00000000
2026-02-12 01:53:37,446 - DEBUG - Progress: 1773/1773 bytes
2026-02-12 01:53:37,446 - DEBUG - [chan 0] close(00000000)
2026-02-12 01:53:37,447 - DEBUG - [chan 0] stat(b'/home/kevin/test/lib/pygments/styles/__pycache__/sas.cpython-314.pyc')
2026-02-12 01:53:37,450 - INFO - Upload completed successfully: sas.cpython-314.pyc
2026-02-12 01:53:37,450 - INFO - Starting upload: lib/pygments/styles/__pycache__/rrt.cpython-314.pyc -> /home/kevin/test/lib/pygments/styles/__pycache__/rrt.cpython-314.pyc (1444 bytes)
2026-02-12 01:53:37,452 - DEBUG - [chan 0] open(b'/home/kevin/test/lib/pygments/styles/__pycache__/rrt.cpython-314.pyc', 'wb')
2026-02-12 01:53:37,452 - DEBUG - [chan 0] open(b'/home/kevin/test/lib/pygments/styles/__pycache__/rrt.cpython-314.pyc', 'wb') -> 00000000
2026-02-12 01:53:37,453 - DEBUG - Progress: 1444/1444 bytes
2026-02-12 01:53:37,453 - DEBUG - [chan 0] close(00000000)
2026-02-12 01:53:37,453 - DEBUG - [chan 0] stat(b'/home/kevin/test/lib/pygments/styles/__pycache__/rrt.cpython-314.pyc')
2026-02-12 01:53:37,455 - INFO - Upload completed successfully: rrt.cpython-314.pyc
2026-02-12 01:53:37,455 - INFO - Starting upload: lib/pygments/styles/__pycache__/rainbow_dash.cpython-314.pyc -> /home/kevin/test/lib/pygments/styles/__pycache__/rainbow_dash.cpython-314.pyc (3678 bytes)
2026-02-12 01:53:37,457 - DEBUG - [chan 0] open(b'/home/kevin/test/lib/pygments/styles/__pycache__/rainbow_dash.cpython-314.pyc', 'wb')
2026-02-12 01:53:37,457 - DEBUG - [chan 0] open(b'/home/kevin/test/lib/pygments/styles/__pycache__/rainbow_dash.cpython-314.pyc', 'wb') -> 00000000
2026-02-12 01:53:37,458 - DEBUG - Progress: 3678/3678 bytes
2026-02-12 01:53:37,458 - DEBUG - [chan 0] close(00000000)
2026-02-12 01:53:37,459 - DEBUG - [chan 0] stat(b'/home/kevin/test/lib/pygments/styles/__pycache__/rainbow_dash.cpython-314.pyc')
2026-02-12 01:53:37,460 - INFO - Upload completed successfully: rainbow_dash.cpython-314.pyc
2026-02-12 01:53:37,460 - INFO - Starting upload: lib/pygments/styles/__pycache__/perldoc.cpython-314.pyc -> /home/kevin/test/lib/pygments/styles/__pycache__/perldoc.cpython-314.pyc (3032 bytes)
2026-02-12 01:53:37,462 - DEBUG - [chan 0] open(b'/home/kevin/test/lib/pygments/styles/__pycache__/perldoc.cpython-314.pyc', 'wb')
2026-02-12 01:53:37,463 - DEBUG - [chan 0] open(b'/home/kevin/test/lib/pygments/styles/__pycache__/perldoc.cpython-314.pyc', 'wb') -> 00000000
2026-02-12 01:53:37,463 - DEBUG - Progress: 3032/3032 bytes
2026-02-12 01:53:37,463 - DEBUG - [chan 0] close(00000000)
2026-02-12 01:53:37,464 - DEBUG - [chan 0] stat(b'/home/kevin/test/lib/pygments/styles/__pycache__/perldoc.cpython-314.pyc')
2026-02-12 01:53:37,466 - INFO - Upload completed successfully: perldoc.cpython-314.pyc
2026-02-12 01:53:37,466 - INFO - Starting upload: lib/pygments/styles/__pycache__/pastie.cpython-314.pyc -> /home/kevin/test/lib/pygments/styles/__pycache__/pastie.cpython-314.pyc (3443 bytes)
2026-02-12 01:53:37,468 - DEBUG - [chan 0] open(b'/home/kevin/test/lib/pygments/styles/__pycache__/pastie.cpython-314.pyc', 'wb')
2026-02-12 01:53:37,468 - DEBUG - [chan 0] open(b'/home/kevin/test/lib/pygments/styles/__pycache__/pastie.cpython-314.pyc', 'wb') -> 00000000
2026-02-12 01:53:37,469 - DEBUG - Progress: 3443/3443 bytes
2026-02-12 01:53:37,469 - DEBUG - [chan 0] close(00000000)
2026-02-12 01:53:37,470 - DEBUG - [chan 0] stat(b'/home/kevin/test/lib/pygments/styles/__pycache__/pastie.cpython-314.pyc')
2026-02-12 01:53:37,471 - INFO - Upload completed successfully: pastie.cpython-314.pyc
2026-02-12 01:53:37,471 - INFO - Starting upload: lib/pygments/styles/__pycache__/paraiso_light.cpython-314.pyc -> /home/kevin/test/lib/pygments/styles/__pycache__/paraiso_light.cpython-314.pyc (5136 bytes)
2026-02-12 01:53:37,473 - DEBUG - [chan 0] open(b'/home/kevin/test/lib/pygments/styles/__pycache__/paraiso_light.cpython-314.pyc', 'wb')
2026-02-12 01:53:37,473 - DEBUG - [chan 0] open(b'/home/kevin/test/lib/pygments/styles/__pycache__/paraiso_light.cpython-314.pyc', 'wb') -> 00000000
2026-02-12 01:53:37,473 - DEBUG - Progress: 5136/5136 bytes
2026-02-12 01:53:37,474 - DEBUG - [chan 0] close(00000000)
2026-02-12 01:53:37,475 - DEBUG - [chan 0] stat(b'/home/kevin/test/lib/pygments/styles/__pycache__/paraiso_light.cpython-314.pyc')
2026-02-12 01:53:37,477 - INFO - Upload completed successfully: paraiso_light.cpython-314.pyc
2026-02-12 01:53:37,477 - INFO - Starting upload: lib/pygments/styles/__pycache__/paraiso_dark.cpython-314.pyc -> /home/kevin/test/lib/pygments/styles/__pycache__/paraiso_dark.cpython-314.pyc (5130 bytes)
2026-02-12 01:53:37,479 - DEBUG - [chan 0] open(b'/home/kevin/test/lib/pygments/styles/__pycache__/paraiso_dark.cpython-314.pyc', 'wb')
2026-02-12 01:53:37,480 - DEBUG - [chan 0] open(b'/home/kevin/test/lib/pygments/styles/__pycache__/paraiso_dark.cpython-314.pyc', 'wb') -> 00000000
2026-02-12 01:53:37,480 - DEBUG - Progress: 5130/5130 bytes
2026-02-12 01:53:37,480 - DEBUG - [chan 0] close(00000000)
2026-02-12 01:53:37,481 - DEBUG - [chan 0] stat(b'/home/kevin/test/lib/pygments/styles/__pycache__/paraiso_dark.cpython-314.pyc')
2026-02-12 01:53:37,483 - INFO - Upload completed successfully: paraiso_dark.cpython-314.pyc
2026-02-12 01:53:37,483 - INFO - Starting upload: lib/pygments/styles/__pycache__/onedark.cpython-314.pyc -> /home/kevin/test/lib/pygments/styles/__pycache__/onedark.cpython-314.pyc (2232 bytes)
2026-02-12 01:53:37,484 - DEBUG - [chan 0] open(b'/home/kevin/test/lib/pygments/styles/__pycache__/onedark.cpython-314.pyc', 'wb')
2026-02-12 01:53:37,485 - DEBUG - [chan 0] open(b'/home/kevin/test/lib/pygments/styles/__pycache__/onedark.cpython-314.pyc', 'wb') -> 00000000
2026-02-12 01:53:37,485 - DEBUG - Progress: 2232/2232 bytes
2026-02-12 01:53:37,485 - DEBUG - [chan 0] close(00000000)
2026-02-12 01:53:37,486 - DEBUG - [chan 0] stat(b'/home/kevin/test/lib/pygments/styles/__pycache__/onedark.cpython-314.pyc')
2026-02-12 01:53:37,488 - INFO - Upload completed successfully: onedark.cpython-314.pyc
2026-02-12 01:53:37,488 - INFO - Starting upload: lib/pygments/styles/__pycache__/nord.cpython-314.pyc -> /home/kevin/test/lib/pygments/styles/__pycache__/nord.cpython-314.pyc (5577 bytes)
2026-02-12 01:53:37,490 - DEBUG - [chan 0] open(b'/home/kevin/test/lib/pygments/styles/__pycache__/nord.cpython-314.pyc', 'wb')
2026-02-12 01:53:37,491 - DEBUG - [chan 0] open(b'/home/kevin/test/lib/pygments/styles/__pycache__/nord.cpython-314.pyc', 'wb') -> 00000000
2026-02-12 01:53:37,491 - DEBUG - Progress: 5577/5577 bytes
2026-02-12 01:53:37,491 - DEBUG - [chan 0] close(00000000)
2026-02-12 01:53:37,493 - DEBUG - [chan 0] stat(b'/home/kevin/test/lib/pygments/styles/__pycache__/nord.cpython-314.pyc')
2026-02-12 01:53:37,495 - INFO - Upload completed successfully: nord.cpython-314.pyc
2026-02-12 01:53:37,495 - INFO - Starting upload: lib/pygments/styles/__pycache__/native.cpython-314.pyc -> /home/kevin/test/lib/pygments/styles/__pycache__/native.cpython-314.pyc (2938 bytes)
2026-02-12 01:53:37,496 - DEBUG - [chan 0] open(b'/home/kevin/test/lib/pygments/styles/__pycache__/native.cpython-314.pyc', 'wb')
2026-02-12 01:53:37,497 - DEBUG - [chan 0] open(b'/home/kevin/test/lib/pygments/styles/__pycache__/native.cpython-314.pyc', 'wb') -> 00000000
2026-02-12 01:53:37,497 - DEBUG - Progress: 2938/2938 bytes
2026-02-12 01:53:37,497 - DEBUG - [chan 0] close(00000000)
2026-02-12 01:53:37,498 - DEBUG - [chan 0] stat(b'/home/kevin/test/lib/pygments/styles/__pycache__/native.cpython-314.pyc')
2026-02-12 01:53:37,500 - INFO - Upload completed successfully: native.cpython-314.pyc
2026-02-12 01:53:37,500 - INFO - Starting upload: lib/pygments/styles/__pycache__/murphy.cpython-314.pyc -> /home/kevin/test/lib/pygments/styles/__pycache__/murphy.cpython-314.pyc (3661 bytes)
2026-02-12 01:53:37,502 - DEBUG - [chan 0] open(b'/home/kevin/test/lib/pygments/styles/__pycache__/murphy.cpython-314.pyc', 'wb')
2026-02-12 01:53:37,503 - DEBUG - [chan 0] open(b'/home/kevin/test/lib/pygments/styles/__pycache__/murphy.cpython-314.pyc', 'wb') -> 00000000
2026-02-12 01:53:37,503 - DEBUG - Progress: 3661/3661 bytes
2026-02-12 01:53:37,503 - DEBUG - [chan 0] close(00000000)
2026-02-12 01:53:37,504 - DEBUG - [chan 0] stat(b'/home/kevin/test/lib/pygments/styles/__pycache__/murphy.cpython-314.pyc')
2026-02-12 01:53:37,507 - INFO - Upload completed successfully: murphy.cpython-314.pyc
2026-02-12 01:53:37,507 - INFO - Starting upload: lib/pygments/styles/__pycache__/monokai.cpython-314.pyc -> /home/kevin/test/lib/pygments/styles/__pycache__/monokai.cpython-314.pyc (4766 bytes)
2026-02-12 01:53:37,508 - DEBUG - [chan 0] open(b'/home/kevin/test/lib/pygments/styles/__pycache__/monokai.cpython-314.pyc', 'wb')
2026-02-12 01:53:37,509 - DEBUG - [chan 0] open(b'/home/kevin/test/lib/pygments/styles/__pycache__/monokai.cpython-314.pyc', 'wb') -> 00000000
2026-02-12 01:53:37,509 - DEBUG - Progress: 4766/4766 bytes
2026-02-12 01:53:37,509 - DEBUG - [chan 0] close(00000000)
2026-02-12 01:53:37,510 - DEBUG - [chan 0] stat(b'/home/kevin/test/lib/pygments/styles/__pycache__/monokai.cpython-314.pyc')
2026-02-12 01:53:37,512 - INFO - Upload completed successfully: monokai.cpython-314.pyc
2026-02-12 01:53:37,512 - INFO - Starting upload: lib/pygments/styles/__pycache__/material.cpython-314.pyc -> /home/kevin/test/lib/pygments/styles/__pycache__/material.cpython-314.pyc (4814 bytes)
2026-02-12 01:53:37,514 - DEBUG - [chan 0] open(b'/home/kevin/test/lib/pygments/styles/__pycache__/material.cpython-314.pyc', 'wb')
2026-02-12 01:53:37,514 - DEBUG - [chan 0] open(b'/home/kevin/test/lib/pygments/styles/__pycache__/material.cpython-314.pyc', 'wb') -> 00000000
2026-02-12 01:53:37,514 - DEBUG - Progress: 4814/4814 bytes
2026-02-12 01:53:37,514 - DEBUG - [chan 0] close(00000000)
2026-02-12 01:53:37,516 - DEBUG - [chan 0] stat(b'/home/kevin/test/lib/pygments/styles/__pycache__/material.cpython-314.pyc')
2026-02-12 01:53:37,518 - INFO - Upload completed successfully: material.cpython-314.pyc
2026-02-12 01:53:37,518 - INFO - Starting upload: lib/pygments/styles/__pycache__/manni.cpython-314.pyc -> /home/kevin/test/lib/pygments/styles/__pycache__/manni.cpython-314.pyc (3468 bytes)
2026-02-12 01:53:37,520 - DEBUG - [chan 0] open(b'/home/kevin/test/lib/pygments/styles/__pycache__/manni.cpython-314.pyc', 'wb')
2026-02-12 01:53:37,520 - DEBUG - [chan 0] open(b'/home/kevin/test/lib/pygments/styles/__pycache__/manni.cpython-314.pyc', 'wb') -> 00000000
2026-02-12 01:53:37,520 - DEBUG - Progress: 3468/3468 bytes
2026-02-12 01:53:37,520 - DEBUG - [chan 0] close(00000000)
2026-02-12 01:53:37,522 - DEBUG - [chan 0] stat(b'/home/kevin/test/lib/pygments/styles/__pycache__/manni.cpython-314.pyc')
2026-02-12 01:53:37,523 - INFO - Upload completed successfully: manni.cpython-314.pyc
2026-02-12 01:53:37,524 - INFO - Starting upload: lib/pygments/styles/__pycache__/lovelace.cpython-314.pyc -> /home/kevin/test/lib/pygments/styles/__pycache__/lovelace.cpython-314.pyc (4249 bytes)
2026-02-12 01:53:37,525 - DEBUG - [chan 0] open(b'/home/kevin/test/lib/pygments/styles/__pycache__/lovelace.cpython-314.pyc', 'wb')
2026-02-12 01:53:37,526 - DEBUG - [chan 0] open(b'/home/kevin/test/lib/pygments/styles/__pycache__/lovelace.cpython-314.pyc', 'wb') -> 00000000
2026-02-12 01:53:37,526 - DEBUG - Progress: 4249/4249 bytes
2026-02-12 01:53:37,526 - DEBUG - [chan 0] close(00000000)
2026-02-12 01:53:37,527 - DEBUG - [chan 0] stat(b'/home/kevin/test/lib/pygments/styles/__pycache__/lovelace.cpython-314.pyc')
2026-02-12 01:53:37,529 - INFO - Upload completed successfully: lovelace.cpython-314.pyc
2026-02-12 01:53:37,530 - INFO - Starting upload: lib/pygments/styles/__pycache__/lilypond.cpython-314.pyc -> /home/kevin/test/lib/pygments/styles/__pycache__/lilypond.cpython-314.pyc (3484 bytes)
2026-02-12 01:53:37,531 - DEBUG - [chan 0] open(b'/home/kevin/test/lib/pygments/styles/__pycache__/lilypond.cpython-314.pyc', 'wb')
2026-02-12 01:53:37,532 - DEBUG - [chan 0] open(b'/home/kevin/test/lib/pygments/styles/__pycache__/lilypond.cpython-314.pyc', 'wb') -> 00000000
2026-02-12 01:53:37,532 - DEBUG - Progress: 3484/3484 bytes
2026-02-12 01:53:37,532 - DEBUG - [chan 0] close(00000000)
2026-02-12 01:53:37,534 - DEBUG - [chan 0] stat(b'/home/kevin/test/lib/pygments/styles/__pycache__/lilypond.cpython-314.pyc')
2026-02-12 01:53:37,535 - INFO - Upload completed successfully: lilypond.cpython-314.pyc
2026-02-12 01:53:37,536 - INFO - Starting upload: lib/pygments/styles/__pycache__/lightbulb.cpython-314.pyc -> /home/kevin/test/lib/pygments/styles/__pycache__/lightbulb.cpython-314.pyc (4803 bytes)
2026-02-12 01:53:37,537 - DEBUG - [chan 0] open(b'/home/kevin/test/lib/pygments/styles/__pycache__/lightbulb.cpython-314.pyc', 'wb')
2026-02-12 01:53:37,538 - DEBUG - [chan 0] open(b'/home/kevin/test/lib/pygments/styles/__pycache__/lightbulb.cpython-314.pyc', 'wb') -> 00000000
2026-02-12 01:53:37,538 - DEBUG - Progress: 4803/4803 bytes
2026-02-12 01:53:37,538 - DEBUG - [chan 0] close(00000000)
2026-02-12 01:53:37,539 - DEBUG - [chan 0] stat(b'/home/kevin/test/lib/pygments/styles/__pycache__/lightbulb.cpython-314.pyc')
2026-02-12 01:53:37,541 - INFO - Upload completed successfully: lightbulb.cpython-314.pyc
2026-02-12 01:53:37,541 - INFO - Starting upload: lib/pygments/styles/__pycache__/inkpot.cpython-314.pyc -> /home/kevin/test/lib/pygments/styles/__pycache__/inkpot.cpython-314.pyc (2984 bytes)
2026-02-12 01:53:37,543 - DEBUG - [chan 0] open(b'/home/kevin/test/lib/pygments/styles/__pycache__/inkpot.cpython-314.pyc', 'wb')
2026-02-12 01:53:37,543 - DEBUG - [chan 0] open(b'/home/kevin/test/lib/pygments/styles/__pycache__/inkpot.cpython-314.pyc', 'wb') -> 00000000
2026-02-12 01:53:37,544 - DEBUG - Progress: 2984/2984 bytes
2026-02-12 01:53:37,544 - DEBUG - [chan 0] close(00000000)
2026-02-12 01:53:37,545 - DEBUG - [chan 0] stat(b'/home/kevin/test/lib/pygments/styles/__pycache__/inkpot.cpython-314.pyc')
2026-02-12 01:53:37,547 - INFO - Upload completed successfully: inkpot.cpython-314.pyc
2026-02-12 01:53:37,547 - INFO - Starting upload: lib/pygments/styles/__pycache__/igor.cpython-314.pyc -> /home/kevin/test/lib/pygments/styles/__pycache__/igor.cpython-314.pyc (1114 bytes)
2026-02-12 01:53:37,549 - DEBUG - [chan 0] open(b'/home/kevin/test/lib/pygments/styles/__pycache__/igor.cpython-314.pyc', 'wb')
2026-02-12 01:53:37,549 - DEBUG - [chan 0] open(b'/home/kevin/test/lib/pygments/styles/__pycache__/igor.cpython-314.pyc', 'wb') -> 00000000
2026-02-12 01:53:37,549 - DEBUG - Progress: 1114/1114 bytes
2026-02-12 01:53:37,549 - DEBUG - [chan 0] close(00000000)
2026-02-12 01:53:37,550 - DEBUG - [chan 0] stat(b'/home/kevin/test/lib/pygments/styles/__pycache__/igor.cpython-314.pyc')
2026-02-12 01:53:37,552 - INFO - Upload completed successfully: igor.cpython-314.pyc
2026-02-12 01:53:37,552 - INFO - Starting upload: lib/pygments/styles/__pycache__/gruvbox.cpython-314.pyc -> /home/kevin/test/lib/pygments/styles/__pycache__/gruvbox.cpython-314.pyc (4367 bytes)
2026-02-12 01:53:37,554 - DEBUG - [chan 0] open(b'/home/kevin/test/lib/pygments/styles/__pycache__/gruvbox.cpython-314.pyc', 'wb')
2026-02-12 01:53:37,554 - DEBUG - [chan 0] open(b'/home/kevin/test/lib/pygments/styles/__pycache__/gruvbox.cpython-314.pyc', 'wb') -> 00000000
2026-02-12 01:53:37,555 - DEBUG - Progress: 4367/4367 bytes
2026-02-12 01:53:37,555 - DEBUG - [chan 0] close(00000000)
2026-02-12 01:53:37,556 - DEBUG - [chan 0] stat(b'/home/kevin/test/lib/pygments/styles/__pycache__/gruvbox.cpython-314.pyc')
2026-02-12 01:53:37,558 - INFO - Upload completed successfully: gruvbox.cpython-314.pyc
2026-02-12 01:53:37,558 - INFO - Starting upload: lib/pygments/styles/__pycache__/gh_dark.cpython-314.pyc -> /home/kevin/test/lib/pygments/styles/__pycache__/gh_dark.cpython-314.pyc (4093 bytes)
2026-02-12 01:53:37,560 - DEBUG - [chan 0] open(b'/home/kevin/test/lib/pygments/styles/__pycache__/gh_dark.cpython-314.pyc', 'wb')
2026-02-12 01:53:37,561 - DEBUG - [chan 0] open(b'/home/kevin/test/lib/pygments/styles/__pycache__/gh_dark.cpython-314.pyc', 'wb') -> 00000000
2026-02-12 01:53:37,561 - DEBUG - Progress: 4093/4093 bytes
2026-02-12 01:53:37,561 - DEBUG - [chan 0] close(00000000)
2026-02-12 01:53:37,562 - DEBUG - [chan 0] stat(b'/home/kevin/test/lib/pygments/styles/__pycache__/gh_dark.cpython-314.pyc')
2026-02-12 01:53:37,563 - INFO - Upload completed successfully: gh_dark.cpython-314.pyc
2026-02-12 01:53:37,563 - INFO - Starting upload: lib/pygments/styles/__pycache__/fruity.cpython-314.pyc -> /home/kevin/test/lib/pygments/styles/__pycache__/fruity.cpython-314.pyc (1920 bytes)
2026-02-12 01:53:37,565 - DEBUG - [chan 0] open(b'/home/kevin/test/lib/pygments/styles/__pycache__/fruity.cpython-314.pyc', 'wb')
2026-02-12 01:53:37,566 - DEBUG - [chan 0] open(b'/home/kevin/test/lib/pygments/styles/__pycache__/fruity.cpython-314.pyc', 'wb') -> 00000000
2026-02-12 01:53:37,566 - DEBUG - Progress: 1920/1920 bytes
2026-02-12 01:53:37,566 - DEBUG - [chan 0] close(00000000)
2026-02-12 01:53:37,567 - DEBUG - [chan 0] stat(b'/home/kevin/test/lib/pygments/styles/__pycache__/fruity.cpython-314.pyc')
2026-02-12 01:53:37,569 - INFO - Upload completed successfully: fruity.cpython-314.pyc
2026-02-12 01:53:37,569 - INFO - Starting upload: lib/pygments/styles/__pycache__/friendly_grayscale.cpython-314.pyc -> /home/kevin/test/lib/pygments/styles/__pycache__/friendly_grayscale.cpython-314.pyc (3535 bytes)
2026-02-12 01:53:37,571 - DEBUG - [chan 0] open(b'/home/kevin/test/lib/pygments/styles/__pycache__/friendly_grayscale.cpython-314.pyc', 'wb')
2026-02-12 01:53:37,572 - DEBUG - [chan 0] open(b'/home/kevin/test/lib/pygments/styles/__pycache__/friendly_grayscale.cpython-314.pyc', 'wb') -> 00000000
2026-02-12 01:53:37,572 - DEBUG - Progress: 3535/3535 bytes
2026-02-12 01:53:37,572 - DEBUG - [chan 0] close(00000000)
2026-02-12 01:53:37,573 - DEBUG - [chan 0] stat(b'/home/kevin/test/lib/pygments/styles/__pycache__/friendly_grayscale.cpython-314.pyc')
2026-02-12 01:53:37,575 - INFO - Upload completed successfully: friendly_grayscale.cpython-314.pyc
2026-02-12 01:53:37,575 - INFO - Starting upload: lib/pygments/styles/__pycache__/friendly.cpython-314.pyc -> /home/kevin/test/lib/pygments/styles/__pycache__/friendly.cpython-314.pyc (3341 bytes)
2026-02-12 01:53:37,577 - DEBUG - [chan 0] open(b'/home/kevin/test/lib/pygments/styles/__pycache__/friendly.cpython-314.pyc', 'wb')
2026-02-12 01:53:37,577 - DEBUG - [chan 0] open(b'/home/kevin/test/lib/pygments/styles/__pycache__/friendly.cpython-314.pyc', 'wb') -> 00000000
2026-02-12 01:53:37,577 - DEBUG - Progress: 3341/3341 bytes
2026-02-12 01:53:37,578 - DEBUG - [chan 0] close(00000000)
2026-02-12 01:53:37,579 - DEBUG - [chan 0] stat(b'/home/kevin/test/lib/pygments/styles/__pycache__/friendly.cpython-314.pyc')
2026-02-12 01:53:37,581 - INFO - Upload completed successfully: friendly.cpython-314.pyc
2026-02-12 01:53:37,581 - INFO - Starting upload: lib/pygments/styles/__pycache__/emacs.cpython-314.pyc -> /home/kevin/test/lib/pygments/styles/__pycache__/emacs.cpython-314.pyc (3245 bytes)
2026-02-12 01:53:37,583 - DEBUG - [chan 0] open(b'/home/kevin/test/lib/pygments/styles/__pycache__/emacs.cpython-314.pyc', 'wb')
2026-02-12 01:53:37,584 - DEBUG - [chan 0] open(b'/home/kevin/test/lib/pygments/styles/__pycache__/emacs.cpython-314.pyc', 'wb') -> 00000000
2026-02-12 01:53:37,584 - DEBUG - Progress: 3245/3245 bytes
2026-02-12 01:53:37,584 - DEBUG - [chan 0] close(00000000)
2026-02-12 01:53:37,585 - DEBUG - [chan 0] stat(b'/home/kevin/test/lib/pygments/styles/__pycache__/emacs.cpython-314.pyc')
2026-02-12 01:53:37,587 - INFO - Upload completed successfully: emacs.cpython-314.pyc
2026-02-12 01:53:37,587 - INFO - Starting upload: lib/pygments/styles/__pycache__/dracula.cpython-314.pyc -> /home/kevin/test/lib/pygments/styles/__pycache__/dracula.cpython-314.pyc (3050 bytes)
2026-02-12 01:53:37,589 - DEBUG - [chan 0] open(b'/home/kevin/test/lib/pygments/styles/__pycache__/dracula.cpython-314.pyc', 'wb')
2026-02-12 01:53:37,590 - DEBUG - [chan 0] open(b'/home/kevin/test/lib/pygments/styles/__pycache__/dracula.cpython-314.pyc', 'wb') -> 00000000
2026-02-12 01:53:37,590 - DEBUG - Progress: 3050/3050 bytes
2026-02-12 01:53:37,590 - DEBUG - [chan 0] close(00000000)
2026-02-12 01:53:37,591 - DEBUG - [chan 0] stat(b'/home/kevin/test/lib/pygments/styles/__pycache__/dracula.cpython-314.pyc')
2026-02-12 01:53:37,593 - INFO - Upload completed successfully: dracula.cpython-314.pyc
2026-02-12 01:53:37,593 - INFO - Starting upload: lib/pygments/styles/__pycache__/default.cpython-314.pyc -> /home/kevin/test/lib/pygments/styles/__pycache__/default.cpython-314.pyc (3205 bytes)
2026-02-12 01:53:37,594 - DEBUG - [chan 0] open(b'/home/kevin/test/lib/pygments/styles/__pycache__/default.cpython-314.pyc', 'wb')
2026-02-12 01:53:37,595 - DEBUG - [chan 0] open(b'/home/kevin/test/lib/pygments/styles/__pycache__/default.cpython-314.pyc', 'wb') -> 00000000
2026-02-12 01:53:37,595 - DEBUG - Progress: 3205/3205 bytes
2026-02-12 01:53:37,595 - DEBUG - [chan 0] close(00000000)
2026-02-12 01:53:37,597 - DEBUG - [chan 0] stat(b'/home/kevin/test/lib/pygments/styles/__pycache__/default.cpython-314.pyc')
2026-02-12 01:53:37,599 - INFO - Upload completed successfully: default.cpython-314.pyc
2026-02-12 01:53:37,599 - INFO - Starting upload: lib/pygments/styles/__pycache__/colorful.cpython-314.pyc -> /home/kevin/test/lib/pygments/styles/__pycache__/colorful.cpython-314.pyc (3703 bytes)
2026-02-12 01:53:37,600 - DEBUG - [chan 0] open(b'/home/kevin/test/lib/pygments/styles/__pycache__/colorful.cpython-314.pyc', 'wb')
2026-02-12 01:53:37,601 - DEBUG - [chan 0] open(b'/home/kevin/test/lib/pygments/styles/__pycache__/colorful.cpython-314.pyc', 'wb') -> 00000000
2026-02-12 01:53:37,601 - DEBUG - Progress: 3703/3703 bytes
2026-02-12 01:53:37,601 - DEBUG - [chan 0] close(00000000)
2026-02-12 01:53:37,602 - DEBUG - [chan 0] stat(b'/home/kevin/test/lib/pygments/styles/__pycache__/colorful.cpython-314.pyc')
2026-02-12 01:53:37,604 - INFO - Upload completed successfully: colorful.cpython-314.pyc
2026-02-12 01:53:37,604 - INFO - Starting upload: lib/pygments/styles/__pycache__/coffee.cpython-314.pyc -> /home/kevin/test/lib/pygments/styles/__pycache__/coffee.cpython-314.pyc (3435 bytes)
2026-02-12 01:53:37,605 - DEBUG - [chan 0] open(b'/home/kevin/test/lib/pygments/styles/__pycache__/coffee.cpython-314.pyc', 'wb')
2026-02-12 01:53:37,606 - DEBUG - [chan 0] open(b'/home/kevin/test/lib/pygments/styles/__pycache__/coffee.cpython-314.pyc', 'wb') -> 00000000
2026-02-12 01:53:37,606 - DEBUG - Progress: 3435/3435 bytes
2026-02-12 01:53:37,606 - DEBUG - [chan 0] close(00000000)
2026-02-12 01:53:37,607 - DEBUG - [chan 0] stat(b'/home/kevin/test/lib/pygments/styles/__pycache__/coffee.cpython-314.pyc')
2026-02-12 01:53:37,610 - INFO - Upload completed successfully: coffee.cpython-314.pyc
2026-02-12 01:53:37,610 - INFO - Starting upload: lib/pygments/styles/__pycache__/bw.cpython-314.pyc -> /home/kevin/test/lib/pygments/styles/__pycache__/bw.cpython-314.pyc (1899 bytes)
2026-02-12 01:53:37,612 - DEBUG - [chan 0] open(b'/home/kevin/test/lib/pygments/styles/__pycache__/bw.cpython-314.pyc', 'wb')
2026-02-12 01:53:37,612 - DEBUG - [chan 0] open(b'/home/kevin/test/lib/pygments/styles/__pycache__/bw.cpython-314.pyc', 'wb') -> 00000000
2026-02-12 01:53:37,613 - DEBUG - Progress: 1899/1899 bytes
2026-02-12 01:53:37,613 - DEBUG - [chan 0] close(00000000)
2026-02-12 01:53:37,614 - DEBUG - [chan 0] stat(b'/home/kevin/test/lib/pygments/styles/__pycache__/bw.cpython-314.pyc')
2026-02-12 01:53:37,616 - INFO - Upload completed successfully: bw.cpython-314.pyc
2026-02-12 01:53:37,616 - INFO - Starting upload: lib/pygments/styles/__pycache__/borland.cpython-314.pyc -> /home/kevin/test/lib/pygments/styles/__pycache__/borland.cpython-314.pyc (2214 bytes)
2026-02-12 01:53:37,617 - DEBUG - [chan 0] open(b'/home/kevin/test/lib/pygments/styles/__pycache__/borland.cpython-314.pyc', 'wb')
2026-02-12 01:53:37,618 - DEBUG - [chan 0] open(b'/home/kevin/test/lib/pygments/styles/__pycache__/borland.cpython-314.pyc', 'wb') -> 00000000
2026-02-12 01:53:37,618 - DEBUG - Progress: 2214/2214 bytes
2026-02-12 01:53:37,618 - DEBUG - [chan 0] close(00000000)
2026-02-12 01:53:37,619 - DEBUG - [chan 0] stat(b'/home/kevin/test/lib/pygments/styles/__pycache__/borland.cpython-314.pyc')
2026-02-12 01:53:37,621 - INFO - Upload completed successfully: borland.cpython-314.pyc
2026-02-12 01:53:37,622 - INFO - Starting upload: lib/pygments/styles/__pycache__/autumn.cpython-314.pyc -> /home/kevin/test/lib/pygments/styles/__pycache__/autumn.cpython-314.pyc (2845 bytes)
2026-02-12 01:53:37,623 - DEBUG - [chan 0] open(b'/home/kevin/test/lib/pygments/styles/__pycache__/autumn.cpython-314.pyc', 'wb')
2026-02-12 01:53:37,624 - DEBUG - [chan 0] open(b'/home/kevin/test/lib/pygments/styles/__pycache__/autumn.cpython-314.pyc', 'wb') -> 00000000
2026-02-12 01:53:37,624 - DEBUG - Progress: 2845/2845 bytes
2026-02-12 01:53:37,624 - DEBUG - [chan 0] close(00000000)
2026-02-12 01:53:37,626 - DEBUG - [chan 0] stat(b'/home/kevin/test/lib/pygments/styles/__pycache__/autumn.cpython-314.pyc')
2026-02-12 01:53:37,628 - INFO - Upload completed successfully: autumn.cpython-314.pyc
2026-02-12 01:53:37,628 - INFO - Starting upload: lib/pygments/styles/__pycache__/arduino.cpython-314.pyc -> /home/kevin/test/lib/pygments/styles/__pycache__/arduino.cpython-314.pyc (4259 bytes)
2026-02-12 01:53:37,629 - DEBUG - [chan 0] open(b'/home/kevin/test/lib/pygments/styles/__pycache__/arduino.cpython-314.pyc', 'wb')
2026-02-12 01:53:37,630 - DEBUG - [chan 0] open(b'/home/kevin/test/lib/pygments/styles/__pycache__/arduino.cpython-314.pyc', 'wb') -> 00000000
2026-02-12 01:53:37,630 - DEBUG - Progress: 4259/4259 bytes
2026-02-12 01:53:37,630 - DEBUG - [chan 0] close(00000000)
2026-02-12 01:53:37,631 - DEBUG - [chan 0] stat(b'/home/kevin/test/lib/pygments/styles/__pycache__/arduino.cpython-314.pyc')
2026-02-12 01:53:37,633 - INFO - Upload completed successfully: arduino.cpython-314.pyc
2026-02-12 01:53:37,633 - INFO - Starting upload: lib/pygments/styles/__pycache__/algol_nu.cpython-314.pyc -> /home/kevin/test/lib/pygments/styles/__pycache__/algol_nu.cpython-314.pyc (2552 bytes)
2026-02-12 01:53:37,635 - DEBUG - [chan 0] open(b'/home/kevin/test/lib/pygments/styles/__pycache__/algol_nu.cpython-314.pyc', 'wb')
2026-02-12 01:53:37,635 - DEBUG - [chan 0] open(b'/home/kevin/test/lib/pygments/styles/__pycache__/algol_nu.cpython-314.pyc', 'wb') -> 00000000
2026-02-12 01:53:37,635 - DEBUG - Progress: 2552/2552 bytes
2026-02-12 01:53:37,636 - DEBUG - [chan 0] close(00000000)
2026-02-12 01:53:37,637 - DEBUG - [chan 0] stat(b'/home/kevin/test/lib/pygments/styles/__pycache__/algol_nu.cpython-314.pyc')
2026-02-12 01:53:37,639 - INFO - Upload completed successfully: algol_nu.cpython-314.pyc
2026-02-12 01:53:37,639 - INFO - Starting upload: lib/pygments/styles/__pycache__/algol.cpython-314.pyc -> /home/kevin/test/lib/pygments/styles/__pycache__/algol.cpython-314.pyc (2537 bytes)
2026-02-12 01:53:37,641 - DEBUG - [chan 0] open(b'/home/kevin/test/lib/pygments/styles/__pycache__/algol.cpython-314.pyc', 'wb')
2026-02-12 01:53:37,641 - DEBUG - [chan 0] open(b'/home/kevin/test/lib/pygments/styles/__pycache__/algol.cpython-314.pyc', 'wb') -> 00000000
2026-02-12 01:53:37,642 - DEBUG - Progress: 2537/2537 bytes
2026-02-12 01:53:37,642 - DEBUG - [chan 0] close(00000000)
2026-02-12 01:53:37,643 - DEBUG - [chan 0] stat(b'/home/kevin/test/lib/pygments/styles/__pycache__/algol.cpython-314.pyc')
2026-02-12 01:53:37,645 - INFO - Upload completed successfully: algol.cpython-314.pyc
2026-02-12 01:53:37,645 - INFO - Starting upload: lib/pygments/styles/__pycache__/abap.cpython-314.pyc -> /home/kevin/test/lib/pygments/styles/__pycache__/abap.cpython-314.pyc (1077 bytes)
2026-02-12 01:53:37,646 - DEBUG - [chan 0] open(b'/home/kevin/test/lib/pygments/styles/__pycache__/abap.cpython-314.pyc', 'wb')
2026-02-12 01:53:37,647 - DEBUG - [chan 0] open(b'/home/kevin/test/lib/pygments/styles/__pycache__/abap.cpython-314.pyc', 'wb') -> 00000000
2026-02-12 01:53:37,647 - DEBUG - Progress: 1077/1077 bytes
2026-02-12 01:53:37,647 - DEBUG - [chan 0] close(00000000)
2026-02-12 01:53:37,648 - DEBUG - [chan 0] stat(b'/home/kevin/test/lib/pygments/styles/__pycache__/abap.cpython-314.pyc')
2026-02-12 01:53:37,650 - INFO - Upload completed successfully: abap.cpython-314.pyc
2026-02-12 01:53:37,650 - INFO - Starting upload: lib/pygments/styles/__pycache__/_mapping.cpython-314.pyc -> /home/kevin/test/lib/pygments/styles/__pycache__/_mapping.cpython-314.pyc (3683 bytes)
2026-02-12 01:53:37,652 - DEBUG - [chan 0] open(b'/home/kevin/test/lib/pygments/styles/__pycache__/_mapping.cpython-314.pyc', 'wb')
2026-02-12 01:53:37,653 - DEBUG - [chan 0] open(b'/home/kevin/test/lib/pygments/styles/__pycache__/_mapping.cpython-314.pyc', 'wb') -> 00000000
2026-02-12 01:53:37,653 - DEBUG - Progress: 3683/3683 bytes
2026-02-12 01:53:37,653 - DEBUG - [chan 0] close(00000000)
2026-02-12 01:53:37,654 - DEBUG - [chan 0] stat(b'/home/kevin/test/lib/pygments/styles/__pycache__/_mapping.cpython-314.pyc')
2026-02-12 01:53:37,656 - INFO - Upload completed successfully: _mapping.cpython-314.pyc
2026-02-12 01:53:37,656 - INFO - Starting upload: lib/pygments/styles/__pycache__/__init__.cpython-314.pyc -> /home/kevin/test/lib/pygments/styles/__pycache__/__init__.cpython-314.pyc (2678 bytes)
2026-02-12 01:53:37,657 - DEBUG - [chan 0] open(b'/home/kevin/test/lib/pygments/styles/__pycache__/__init__.cpython-314.pyc', 'wb')
2026-02-12 01:53:37,658 - DEBUG - [chan 0] open(b'/home/kevin/test/lib/pygments/styles/__pycache__/__init__.cpython-314.pyc', 'wb') -> 00000000
2026-02-12 01:53:37,658 - DEBUG - Progress: 2678/2678 bytes
2026-02-12 01:53:37,658 - DEBUG - [chan 0] close(00000000)
2026-02-12 01:53:37,660 - DEBUG - [chan 0] stat(b'/home/kevin/test/lib/pygments/styles/__pycache__/__init__.cpython-314.pyc')
2026-02-12 01:53:37,662 - INFO - Upload completed successfully: __init__.cpython-314.pyc
2026-02-12 01:53:37,662 - DEBUG - [chan 0] mkdir(b'/home/kevin/test/lib/pygments/lexers', 511)
2026-02-12 01:53:37,663 - INFO - Created remote folder: /home/kevin/test/lib/pygments/lexers
2026-02-12 01:53:37,663 - INFO - Starting upload: lib/pygments/lexers/zig.py -> /home/kevin/test/lib/pygments/lexers/zig.py (3976 bytes)
2026-02-12 01:53:37,665 - DEBUG - [chan 0] open(b'/home/kevin/test/lib/pygments/lexers/zig.py', 'wb')
2026-02-12 01:53:37,666 - DEBUG - [chan 0] open(b'/home/kevin/test/lib/pygments/lexers/zig.py', 'wb') -> 00000000
2026-02-12 01:53:37,666 - DEBUG - Progress: 3976/3976 bytes
2026-02-12 01:53:37,666 - DEBUG - [chan 0] close(00000000)
2026-02-12 01:53:37,667 - DEBUG - [chan 0] stat(b'/home/kevin/test/lib/pygments/lexers/zig.py')
2026-02-12 01:53:37,669 - INFO - Upload completed successfully: zig.py
2026-02-12 01:53:37,669 - INFO - Starting upload: lib/pygments/lexers/yara.py -> /home/kevin/test/lib/pygments/lexers/yara.py (2427 bytes)
2026-02-12 01:53:37,671 - DEBUG - [chan 0] open(b'/home/kevin/test/lib/pygments/lexers/yara.py', 'wb')
2026-02-12 01:53:37,671 - DEBUG - [chan 0] open(b'/home/kevin/test/lib/pygments/lexers/yara.py', 'wb') -> 00000000
2026-02-12 01:53:37,671 - DEBUG - Progress: 2427/2427 bytes
2026-02-12 01:53:37,671 - DEBUG - [chan 0] close(00000000)
2026-02-12 01:53:37,673 - DEBUG - [chan 0] stat(b'/home/kevin/test/lib/pygments/lexers/yara.py')
2026-02-12 01:53:37,674 - INFO - Upload completed successfully: yara.py
2026-02-12 01:53:37,674 - INFO - Starting upload: lib/pygments/lexers/yang.py -> /home/kevin/test/lib/pygments/lexers/yang.py (4499 bytes)
2026-02-12 01:53:37,676 - DEBUG - [chan 0] open(b'/home/kevin/test/lib/pygments/lexers/yang.py', 'wb')
2026-02-12 01:53:37,677 - DEBUG - [chan 0] open(b'/home/kevin/test/lib/pygments/lexers/yang.py', 'wb') -> 00000000
2026-02-12 01:53:37,677 - DEBUG - Progress: 4499/4499 bytes
2026-02-12 01:53:37,677 - DEBUG - [chan 0] close(00000000)
2026-02-12 01:53:37,678 - DEBUG - [chan 0] stat(b'/home/kevin/test/lib/pygments/lexers/yang.py')
2026-02-12 01:53:37,680 - INFO - Upload completed successfully: yang.py
2026-02-12 01:53:37,680 - INFO - Starting upload: lib/pygments/lexers/xorg.py -> /home/kevin/test/lib/pygments/lexers/xorg.py (925 bytes)
2026-02-12 01:53:37,681 - DEBUG - [chan 0] open(b'/home/kevin/test/lib/pygments/lexers/xorg.py', 'wb')
2026-02-12 01:53:37,682 - DEBUG - [chan 0] open(b'/home/kevin/test/lib/pygments/lexers/xorg.py', 'wb') -> 00000000
2026-02-12 01:53:37,682 - DEBUG - Progress: 925/925 bytes
2026-02-12 01:53:37,682 - DEBUG - [chan 0] close(00000000)
2026-02-12 01:53:37,683 - DEBUG - [chan 0] stat(b'/home/kevin/test/lib/pygments/lexers/xorg.py')
2026-02-12 01:53:37,685 - INFO - Upload completed successfully: xorg.py
2026-02-12 01:53:37,685 - INFO - Starting upload: lib/pygments/lexers/x10.py -> /home/kevin/test/lib/pygments/lexers/x10.py (1943 bytes)
2026-02-12 01:53:37,686 - DEBUG - [chan 0] open(b'/home/kevin/test/lib/pygments/lexers/x10.py', 'wb')
2026-02-12 01:53:37,687 - DEBUG - [chan 0] open(b'/home/kevin/test/lib/pygments/lexers/x10.py', 'wb') -> 00000000
2026-02-12 01:53:37,687 - DEBUG - Progress: 1943/1943 bytes
2026-02-12 01:53:37,687 - DEBUG - [chan 0] close(00000000)
2026-02-12 01:53:37,688 - DEBUG - [chan 0] stat(b'/home/kevin/test/lib/pygments/lexers/x10.py')
2026-02-12 01:53:37,690 - INFO - Upload completed successfully: x10.py
2026-02-12 01:53:37,690 - INFO - Starting upload: lib/pygments/lexers/wren.py -> /home/kevin/test/lib/pygments/lexers/wren.py (3229 bytes)
2026-02-12 01:53:37,692 - DEBUG - [chan 0] open(b'/home/kevin/test/lib/pygments/lexers/wren.py', 'wb')
2026-02-12 01:53:37,693 - DEBUG - [chan 0] open(b'/home/kevin/test/lib/pygments/lexers/wren.py', 'wb') -> 00000000
2026-02-12 01:53:37,693 - DEBUG - Progress: 3229/3229 bytes
2026-02-12 01:53:37,693 - DEBUG - [chan 0] close(00000000)
2026-02-12 01:53:37,694 - DEBUG - [chan 0] stat(b'/home/kevin/test/lib/pygments/lexers/wren.py')
2026-02-12 01:53:37,696 - INFO - Upload completed successfully: wren.py
2026-02-12 01:53:37,696 - INFO - Starting upload: lib/pygments/lexers/wowtoc.py -> /home/kevin/test/lib/pygments/lexers/wowtoc.py (4076 bytes)
2026-02-12 01:53:37,698 - DEBUG - [chan 0] open(b'/home/kevin/test/lib/pygments/lexers/wowtoc.py', 'wb')
2026-02-12 01:53:37,699 - DEBUG - [chan 0] open(b'/home/kevin/test/lib/pygments/lexers/wowtoc.py', 'wb') -> 00000000
2026-02-12 01:53:37,699 - DEBUG - Progress: 4076/4076 bytes
2026-02-12 01:53:37,699 - DEBUG - [chan 0] close(00000000)
2026-02-12 01:53:37,700 - DEBUG - [chan 0] stat(b'/home/kevin/test/lib/pygments/lexers/wowtoc.py')
2026-02-12 01:53:37,702 - INFO - Upload completed successfully: wowtoc.py
2026-02-12 01:53:37,702 - INFO - Starting upload: lib/pygments/lexers/whiley.py -> /home/kevin/test/lib/pygments/lexers/whiley.py (4017 bytes)
2026-02-12 01:53:37,704 - DEBUG - [chan 0] open(b'/home/kevin/test/lib/pygments/lexers/whiley.py', 'wb')
2026-02-12 01:53:37,705 - DEBUG - [chan 0] open(b'/home/kevin/test/lib/pygments/lexers/whiley.py', 'wb') -> 00000000
2026-02-12 01:53:37,705 - DEBUG - Progress: 4017/4017 bytes
2026-02-12 01:53:37,705 - DEBUG - [chan 0] close(00000000)
2026-02-12 01:53:37,707 - DEBUG - [chan 0] stat(b'/home/kevin/test/lib/pygments/lexers/whiley.py')
2026-02-12 01:53:37,708 - INFO - Upload completed successfully: whiley.py
2026-02-12 01:53:37,709 - INFO - Starting upload: lib/pygments/lexers/wgsl.py -> /home/kevin/test/lib/pygments/lexers/wgsl.py (11880 bytes)
2026-02-12 01:53:37,710 - DEBUG - [chan 0] open(b'/home/kevin/test/lib/pygments/lexers/wgsl.py', 'wb')
2026-02-12 01:53:37,711 - DEBUG - [chan 0] open(b'/home/kevin/test/lib/pygments/lexers/wgsl.py', 'wb') -> 00000000
2026-02-12 01:53:37,711 - DEBUG - Progress: 11880/11880 bytes
2026-02-12 01:53:37,711 - DEBUG - [chan 0] close(00000000)
2026-02-12 01:53:37,713 - DEBUG - [chan 0] stat(b'/home/kevin/test/lib/pygments/lexers/wgsl.py')
2026-02-12 01:53:37,715 - INFO - Upload completed successfully: wgsl.py
2026-02-12 01:53:37,715 - INFO - Starting upload: lib/pygments/lexers/webmisc.py -> /home/kevin/test/lib/pygments/lexers/webmisc.py (40564 bytes)
2026-02-12 01:53:37,717 - DEBUG - [chan 0] open(b'/home/kevin/test/lib/pygments/lexers/webmisc.py', 'wb')
2026-02-12 01:53:37,718 - DEBUG - [chan 0] open(b'/home/kevin/test/lib/pygments/lexers/webmisc.py', 'wb') -> 00000000
2026-02-12 01:53:37,718 - DEBUG - Progress: 32768/40564 bytes
2026-02-12 01:53:37,718 - DEBUG - [chan 0] close(00000000)
2026-02-12 01:53:37,723 - DEBUG - [chan 0] stat(b'/home/kevin/test/lib/pygments/lexers/webmisc.py')
2026-02-12 01:53:37,725 - INFO - Upload completed successfully: webmisc.py
2026-02-12 01:53:37,725 - INFO - Starting upload: lib/pygments/lexers/webidl.py -> /home/kevin/test/lib/pygments/lexers/webidl.py (10516 bytes)
2026-02-12 01:53:37,727 - DEBUG - [chan 0] open(b'/home/kevin/test/lib/pygments/lexers/webidl.py', 'wb')
2026-02-12 01:53:37,728 - DEBUG - [chan 0] open(b'/home/kevin/test/lib/pygments/lexers/webidl.py', 'wb') -> 00000000
2026-02-12 01:53:37,728 - DEBUG - Progress: 10516/10516 bytes
2026-02-12 01:53:37,728 - DEBUG - [chan 0] close(00000000)
2026-02-12 01:53:37,730 - DEBUG - [chan 0] stat(b'/home/kevin/test/lib/pygments/lexers/webidl.py')
2026-02-12 01:53:37,732 - INFO - Upload completed successfully: webidl.py
2026-02-12 01:53:37,732 - INFO - Starting upload: lib/pygments/lexers/webassembly.py -> /home/kevin/test/lib/pygments/lexers/webassembly.py (5698 bytes)
2026-02-12 01:53:37,734 - DEBUG - [chan 0] open(b'/home/kevin/test/lib/pygments/lexers/webassembly.py', 'wb')
2026-02-12 01:53:37,734 - DEBUG - [chan 0] open(b'/home/kevin/test/lib/pygments/lexers/webassembly.py', 'wb') -> 00000000
2026-02-12 01:53:37,734 - DEBUG - Progress: 5698/5698 bytes
2026-02-12 01:53:37,735 - DEBUG - [chan 0] close(00000000)
2026-02-12 01:53:37,736 - DEBUG - [chan 0] stat(b'/home/kevin/test/lib/pygments/lexers/webassembly.py')
2026-02-12 01:53:37,737 - INFO - Upload completed successfully: webassembly.py
2026-02-12 01:53:37,737 - INFO - Starting upload: lib/pygments/lexers/web.py -> /home/kevin/test/lib/pygments/lexers/web.py (913 bytes)
2026-02-12 01:53:37,739 - DEBUG - [chan 0] open(b'/home/kevin/test/lib/pygments/lexers/web.py', 'wb')
2026-02-12 01:53:37,739 - DEBUG - [chan 0] open(b'/home/kevin/test/lib/pygments/lexers/web.py', 'wb') -> 00000000
2026-02-12 01:53:37,739 - DEBUG - Progress: 913/913 bytes
2026-02-12 01:53:37,739 - DEBUG - [chan 0] close(00000000)
2026-02-12 01:53:37,740 - DEBUG - [chan 0] stat(b'/home/kevin/test/lib/pygments/lexers/web.py')
2026-02-12 01:53:37,743 - INFO - Upload completed successfully: web.py
2026-02-12 01:53:37,743 - INFO - Starting upload: lib/pygments/lexers/vyper.py -> /home/kevin/test/lib/pygments/lexers/vyper.py (5615 bytes)
2026-02-12 01:53:37,745 - DEBUG - [chan 0] open(b'/home/kevin/test/lib/pygments/lexers/vyper.py', 'wb')
2026-02-12 01:53:37,746 - DEBUG - [chan 0] open(b'/home/kevin/test/lib/pygments/lexers/vyper.py', 'wb') -> 00000000
2026-02-12 01:53:37,746 - DEBUG - Progress: 5615/5615 bytes
2026-02-12 01:53:37,746 - DEBUG - [chan 0] close(00000000)
2026-02-12 01:53:37,747 - DEBUG - [chan 0] stat(b'/home/kevin/test/lib/pygments/lexers/vyper.py')
2026-02-12 01:53:37,750 - INFO - Upload completed successfully: vyper.py
2026-02-12 01:53:37,750 - INFO - Starting upload: lib/pygments/lexers/vip.py -> /home/kevin/test/lib/pygments/lexers/vip.py (5711 bytes)
2026-02-12 01:53:37,752 - DEBUG - [chan 0] open(b'/home/kevin/test/lib/pygments/lexers/vip.py', 'wb')
2026-02-12 01:53:37,753 - DEBUG - [chan 0] open(b'/home/kevin/test/lib/pygments/lexers/vip.py', 'wb') -> 00000000
2026-02-12 01:53:37,753 - DEBUG - Progress: 5711/5711 bytes
2026-02-12 01:53:37,753 - DEBUG - [chan 0] close(00000000)
2026-02-12 01:53:37,754 - DEBUG - [chan 0] stat(b'/home/kevin/test/lib/pygments/lexers/vip.py')
2026-02-12 01:53:37,756 - INFO - Upload completed successfully: vip.py
2026-02-12 01:53:37,756 - INFO - Starting upload: lib/pygments/lexers/verifpal.py -> /home/kevin/test/lib/pygments/lexers/verifpal.py (2661 bytes)
2026-02-12 01:53:37,759 - DEBUG - [chan 0] open(b'/home/kevin/test/lib/pygments/lexers/verifpal.py', 'wb')
2026-02-12 01:53:37,759 - DEBUG - [chan 0] open(b'/home/kevin/test/lib/pygments/lexers/verifpal.py', 'wb') -> 00000000
2026-02-12 01:53:37,760 - DEBUG - Progress: 2661/2661 bytes
2026-02-12 01:53:37,760 - DEBUG - [chan 0] close(00000000)
2026-02-12 01:53:37,761 - DEBUG - [chan 0] stat(b'/home/kevin/test/lib/pygments/lexers/verifpal.py')
2026-02-12 01:53:37,763 - INFO - Upload completed successfully: verifpal.py
2026-02-12 01:53:37,763 - INFO - Starting upload: lib/pygments/lexers/verification.py -> /home/kevin/test/lib/pygments/lexers/verification.py (3934 bytes)
2026-02-12 01:53:37,765 - DEBUG - [chan 0] open(b'/home/kevin/test/lib/pygments/lexers/verification.py', 'wb')
2026-02-12 01:53:37,766 - DEBUG - [chan 0] open(b'/home/kevin/test/lib/pygments/lexers/verification.py', 'wb') -> 00000000
2026-02-12 01:53:37,766 - DEBUG - Progress: 3934/3934 bytes
2026-02-12 01:53:37,766 - DEBUG - [chan 0] close(00000000)
2026-02-12 01:53:37,768 - DEBUG - [chan 0] stat(b'/home/kevin/test/lib/pygments/lexers/verification.py')
2026-02-12 01:53:37,770 - INFO - Upload completed successfully: verification.py
2026-02-12 01:53:37,770 - INFO - Starting upload: lib/pygments/lexers/varnish.py -> /home/kevin/test/lib/pygments/lexers/varnish.py (7473 bytes)
2026-02-12 01:53:37,772 - DEBUG - [chan 0] open(b'/home/kevin/test/lib/pygments/lexers/varnish.py', 'wb')
2026-02-12 01:53:37,773 - DEBUG - [chan 0] open(b'/home/kevin/test/lib/pygments/lexers/varnish.py', 'wb') -> 00000000
2026-02-12 01:53:37,773 - DEBUG - Progress: 7473/7473 bytes
2026-02-12 01:53:37,773 - DEBUG - [chan 0] close(00000000)
2026-02-12 01:53:37,775 - DEBUG - [chan 0] stat(b'/home/kevin/test/lib/pygments/lexers/varnish.py')
2026-02-12 01:53:37,776 - INFO - Upload completed successfully: varnish.py
2026-02-12 01:53:37,776 - INFO - Starting upload: lib/pygments/lexers/usd.py -> /home/kevin/test/lib/pygments/lexers/usd.py (3304 bytes)
2026-02-12 01:53:37,778 - DEBUG - [chan 0] open(b'/home/kevin/test/lib/pygments/lexers/usd.py', 'wb')
2026-02-12 01:53:37,778 - DEBUG - [chan 0] open(b'/home/kevin/test/lib/pygments/lexers/usd.py', 'wb') -> 00000000
2026-02-12 01:53:37,778 - DEBUG - Progress: 3304/3304 bytes
2026-02-12 01:53:37,778 - DEBUG - [chan 0] close(00000000)
2026-02-12 01:53:37,780 - DEBUG - [chan 0] stat(b'/home/kevin/test/lib/pygments/lexers/usd.py')
2026-02-12 01:53:37,782 - INFO - Upload completed successfully: usd.py
2026-02-12 01:53:37,783 - INFO - Starting upload: lib/pygments/lexers/urbi.py -> /home/kevin/test/lib/pygments/lexers/urbi.py (6082 bytes)
2026-02-12 01:53:37,785 - DEBUG - [chan 0] open(b'/home/kevin/test/lib/pygments/lexers/urbi.py', 'wb')
2026-02-12 01:53:37,785 - DEBUG - [chan 0] open(b'/home/kevin/test/lib/pygments/lexers/urbi.py', 'wb') -> 00000000
2026-02-12 01:53:37,786 - DEBUG - Progress: 6082/6082 bytes
2026-02-12 01:53:37,786 - DEBUG - [chan 0] close(00000000)
2026-02-12 01:53:37,787 - DEBUG - [chan 0] stat(b'/home/kevin/test/lib/pygments/lexers/urbi.py')
2026-02-12 01:53:37,789 - INFO - Upload completed successfully: urbi.py
2026-02-12 01:53:37,789 - INFO - Starting upload: lib/pygments/lexers/unicon.py -> /home/kevin/test/lib/pygments/lexers/unicon.py (18625 bytes)
2026-02-12 01:53:37,791 - DEBUG - [chan 0] open(b'/home/kevin/test/lib/pygments/lexers/unicon.py', 'wb')
2026-02-12 01:53:37,792 - DEBUG - [chan 0] open(b'/home/kevin/test/lib/pygments/lexers/unicon.py', 'wb') -> 00000000
2026-02-12 01:53:37,792 - DEBUG - Progress: 18625/18625 bytes
2026-02-12 01:53:37,792 - DEBUG - [chan 0] close(00000000)
2026-02-12 01:53:37,795 - DEBUG - [chan 0] stat(b'/home/kevin/test/lib/pygments/lexers/unicon.py')
2026-02-12 01:53:37,797 - INFO - Upload completed successfully: unicon.py
2026-02-12 01:53:37,798 - INFO - Starting upload: lib/pygments/lexers/ul4.py -> /home/kevin/test/lib/pygments/lexers/ul4.py (10499 bytes)
2026-02-12 01:53:37,799 - DEBUG - [chan 0] open(b'/home/kevin/test/lib/pygments/lexers/ul4.py', 'wb')
2026-02-12 01:53:37,800 - DEBUG - [chan 0] open(b'/home/kevin/test/lib/pygments/lexers/ul4.py', 'wb') -> 00000000
2026-02-12 01:53:37,800 - DEBUG - Progress: 10499/10499 bytes
2026-02-12 01:53:37,800 - DEBUG - [chan 0] close(00000000)
2026-02-12 01:53:37,802 - DEBUG - [chan 0] stat(b'/home/kevin/test/lib/pygments/lexers/ul4.py')
2026-02-12 01:53:37,804 - INFO - Upload completed successfully: ul4.py
2026-02-12 01:53:37,805 - INFO - Starting upload: lib/pygments/lexers/typst.py -> /home/kevin/test/lib/pygments/lexers/typst.py (7167 bytes)
2026-02-12 01:53:37,807 - DEBUG - [chan 0] open(b'/home/kevin/test/lib/pygments/lexers/typst.py', 'wb')
2026-02-12 01:53:37,807 - DEBUG - [chan 0] open(b'/home/kevin/test/lib/pygments/lexers/typst.py', 'wb') -> 00000000
2026-02-12 01:53:37,808 - DEBUG - Progress: 7167/7167 bytes
2026-02-12 01:53:37,808 - DEBUG - [chan 0] close(00000000)
2026-02-12 01:53:37,809 - DEBUG - [chan 0] stat(b'/home/kevin/test/lib/pygments/lexers/typst.py')
2026-02-12 01:53:37,812 - INFO - Upload completed successfully: typst.py
2026-02-12 01:53:37,812 - INFO - Starting upload: lib/pygments/lexers/typoscript.py -> /home/kevin/test/lib/pygments/lexers/typoscript.py (8332 bytes)
2026-02-12 01:53:37,814 - DEBUG - [chan 0] open(b'/home/kevin/test/lib/pygments/lexers/typoscript.py', 'wb')
2026-02-12 01:53:37,815 - DEBUG - [chan 0] open(b'/home/kevin/test/lib/pygments/lexers/typoscript.py', 'wb') -> 00000000
2026-02-12 01:53:37,815 - DEBUG - Progress: 8332/8332 bytes
2026-02-12 01:53:37,815 - DEBUG - [chan 0] close(00000000)
2026-02-12 01:53:37,817 - DEBUG - [chan 0] stat(b'/home/kevin/test/lib/pygments/lexers/typoscript.py')
2026-02-12 01:53:37,819 - INFO - Upload completed successfully: typoscript.py
2026-02-12 01:53:37,819 - INFO - Starting upload: lib/pygments/lexers/trafficscript.py -> /home/kevin/test/lib/pygments/lexers/trafficscript.py (1506 bytes)
2026-02-12 01:53:37,821 - DEBUG - [chan 0] open(b'/home/kevin/test/lib/pygments/lexers/trafficscript.py', 'wb')
2026-02-12 01:53:37,822 - DEBUG - [chan 0] open(b'/home/kevin/test/lib/pygments/lexers/trafficscript.py', 'wb') -> 00000000
2026-02-12 01:53:37,822 - DEBUG - Progress: 1506/1506 bytes
2026-02-12 01:53:37,822 - DEBUG - [chan 0] close(00000000)
2026-02-12 01:53:37,823 - DEBUG - [chan 0] stat(b'/home/kevin/test/lib/pygments/lexers/trafficscript.py')
2026-02-12 01:53:37,825 - INFO - Upload completed successfully: trafficscript.py
2026-02-12 01:53:37,825 - INFO - Starting upload: lib/pygments/lexers/tnt.py -> /home/kevin/test/lib/pygments/lexers/tnt.py (10456 bytes)
2026-02-12 01:53:37,827 - DEBUG - [chan 0] open(b'/home/kevin/test/lib/pygments/lexers/tnt.py', 'wb')
2026-02-12 01:53:37,828 - DEBUG - [chan 0] open(b'/home/kevin/test/lib/pygments/lexers/tnt.py', 'wb') -> 00000000
2026-02-12 01:53:37,828 - DEBUG - Progress: 10456/10456 bytes
2026-02-12 01:53:37,828 - DEBUG - [chan 0] close(00000000)
2026-02-12 01:53:37,830 - DEBUG - [chan 0] stat(b'/home/kevin/test/lib/pygments/lexers/tnt.py')
2026-02-12 01:53:37,832 - INFO - Upload completed successfully: tnt.py
2026-02-12 01:53:37,832 - INFO - Starting upload: lib/pygments/lexers/tls.py -> /home/kevin/test/lib/pygments/lexers/tls.py (1540 bytes)
2026-02-12 01:53:37,833 - DEBUG - [chan 0] open(b'/home/kevin/test/lib/pygments/lexers/tls.py', 'wb')
2026-02-12 01:53:37,834 - DEBUG - [chan 0] open(b'/home/kevin/test/lib/pygments/lexers/tls.py', 'wb') -> 00000000
2026-02-12 01:53:37,834 - DEBUG - Progress: 1540/1540 bytes
2026-02-12 01:53:37,834 - DEBUG - [chan 0] close(00000000)
2026-02-12 01:53:37,835 - DEBUG - [chan 0] stat(b'/home/kevin/test/lib/pygments/lexers/tls.py')
2026-02-12 01:53:37,837 - INFO - Upload completed successfully: tls.py
2026-02-12 01:53:37,837 - INFO - Starting upload: lib/pygments/lexers/tlb.py -> /home/kevin/test/lib/pygments/lexers/tlb.py (1450 bytes)
2026-02-12 01:53:37,839 - DEBUG - [chan 0] open(b'/home/kevin/test/lib/pygments/lexers/tlb.py', 'wb')
2026-02-12 01:53:37,839 - DEBUG - [chan 0] open(b'/home/kevin/test/lib/pygments/lexers/tlb.py', 'wb') -> 00000000
2026-02-12 01:53:37,839 - DEBUG - Progress: 1450/1450 bytes
2026-02-12 01:53:37,840 - DEBUG - [chan 0] close(00000000)
2026-02-12 01:53:37,840 - DEBUG - [chan 0] stat(b'/home/kevin/test/lib/pygments/lexers/tlb.py')
2026-02-12 01:53:37,842 - INFO - Upload completed successfully: tlb.py
2026-02-12 01:53:37,843 - INFO - Starting upload: lib/pygments/lexers/thingsdb.py -> /home/kevin/test/lib/pygments/lexers/thingsdb.py (6017 bytes)
2026-02-12 01:53:37,844 - DEBUG - [chan 0] open(b'/home/kevin/test/lib/pygments/lexers/thingsdb.py', 'wb')
2026-02-12 01:53:37,845 - DEBUG - [chan 0] open(b'/home/kevin/test/lib/pygments/lexers/thingsdb.py', 'wb') -> 00000000
2026-02-12 01:53:37,845 - DEBUG - Progress: 6017/6017 bytes
2026-02-12 01:53:37,845 - DEBUG - [chan 0] close(00000000)
2026-02-12 01:53:37,846 - DEBUG - [chan 0] stat(b'/home/kevin/test/lib/pygments/lexers/thingsdb.py')
2026-02-12 01:53:37,848 - INFO - Upload completed successfully: thingsdb.py
2026-02-12 01:53:37,848 - INFO - Starting upload: lib/pygments/lexers/theorem.py -> /home/kevin/test/lib/pygments/lexers/theorem.py (17855 bytes)
2026-02-12 01:53:37,850 - DEBUG - [chan 0] open(b'/home/kevin/test/lib/pygments/lexers/theorem.py', 'wb')
2026-02-12 01:53:37,851 - DEBUG - [chan 0] open(b'/home/kevin/test/lib/pygments/lexers/theorem.py', 'wb') -> 00000000
2026-02-12 01:53:37,851 - DEBUG - Progress: 17855/17855 bytes
2026-02-12 01:53:37,851 - DEBUG - [chan 0] close(00000000)
2026-02-12 01:53:37,854 - DEBUG - [chan 0] stat(b'/home/kevin/test/lib/pygments/lexers/theorem.py')
2026-02-12 01:53:37,856 - INFO - Upload completed successfully: theorem.py
2026-02-12 01:53:37,856 - INFO - Starting upload: lib/pygments/lexers/textfmts.py -> /home/kevin/test/lib/pygments/lexers/textfmts.py (15524 bytes)
2026-02-12 01:53:37,857 - DEBUG - [chan 0] open(b'/home/kevin/test/lib/pygments/lexers/textfmts.py', 'wb')
2026-02-12 01:53:37,858 - DEBUG - [chan 0] open(b'/home/kevin/test/lib/pygments/lexers/textfmts.py', 'wb') -> 00000000
2026-02-12 01:53:37,858 - DEBUG - Progress: 15524/15524 bytes
2026-02-12 01:53:37,858 - DEBUG - [chan 0] close(00000000)
2026-02-12 01:53:37,860 - DEBUG - [chan 0] stat(b'/home/kevin/test/lib/pygments/lexers/textfmts.py')
2026-02-12 01:53:37,862 - INFO - Upload completed successfully: textfmts.py
2026-02-12 01:53:37,862 - INFO - Starting upload: lib/pygments/lexers/textedit.py -> /home/kevin/test/lib/pygments/lexers/textedit.py (7760 bytes)
2026-02-12 01:53:37,863 - DEBUG - [chan 0] open(b'/home/kevin/test/lib/pygments/lexers/textedit.py', 'wb')
2026-02-12 01:53:37,864 - DEBUG - [chan 0] open(b'/home/kevin/test/lib/pygments/lexers/textedit.py', 'wb') -> 00000000
2026-02-12 01:53:37,864 - DEBUG - Progress: 7760/7760 bytes
2026-02-12 01:53:37,864 - DEBUG - [chan 0] close(00000000)
2026-02-12 01:53:37,866 - DEBUG - [chan 0] stat(b'/home/kevin/test/lib/pygments/lexers/textedit.py')
2026-02-12 01:53:37,868 - INFO - Upload completed successfully: textedit.py
2026-02-12 01:53:37,868 - INFO - Starting upload: lib/pygments/lexers/text.py -> /home/kevin/test/lib/pygments/lexers/text.py (1068 bytes)
2026-02-12 01:53:37,870 - DEBUG - [chan 0] open(b'/home/kevin/test/lib/pygments/lexers/text.py', 'wb')
2026-02-12 01:53:37,870 - DEBUG - [chan 0] open(b'/home/kevin/test/lib/pygments/lexers/text.py', 'wb') -> 00000000
2026-02-12 01:53:37,870 - DEBUG - Progress: 1068/1068 bytes
2026-02-12 01:53:37,870 - DEBUG - [chan 0] close(00000000)
2026-02-12 01:53:37,871 - DEBUG - [chan 0] stat(b'/home/kevin/test/lib/pygments/lexers/text.py')
2026-02-12 01:53:37,873 - INFO - Upload completed successfully: text.py
2026-02-12 01:53:37,873 - INFO - Starting upload: lib/pygments/lexers/testing.py -> /home/kevin/test/lib/pygments/lexers/testing.py (10810 bytes)
2026-02-12 01:53:37,875 - DEBUG - [chan 0] open(b'/home/kevin/test/lib/pygments/lexers/testing.py', 'wb')
2026-02-12 01:53:37,875 - DEBUG - [chan 0] open(b'/home/kevin/test/lib/pygments/lexers/testing.py', 'wb') -> 00000000
2026-02-12 01:53:37,875 - DEBUG - Progress: 10810/10810 bytes
2026-02-12 01:53:37,875 - DEBUG - [chan 0] close(00000000)
2026-02-12 01:53:37,877 - DEBUG - [chan 0] stat(b'/home/kevin/test/lib/pygments/lexers/testing.py')
2026-02-12 01:53:37,879 - INFO - Upload completed successfully: testing.py
2026-02-12 01:53:37,879 - INFO - Starting upload: lib/pygments/lexers/teraterm.py -> /home/kevin/test/lib/pygments/lexers/teraterm.py (9718 bytes)
2026-02-12 01:53:37,881 - DEBUG - [chan 0] open(b'/home/kevin/test/lib/pygments/lexers/teraterm.py', 'wb')
2026-02-12 01:53:37,882 - DEBUG - [chan 0] open(b'/home/kevin/test/lib/pygments/lexers/teraterm.py', 'wb') -> 00000000
2026-02-12 01:53:37,882 - DEBUG - Progress: 9718/9718 bytes
2026-02-12 01:53:37,882 - DEBUG - [chan 0] close(00000000)
2026-02-12 01:53:37,883 - DEBUG - [chan 0] stat(b'/home/kevin/test/lib/pygments/lexers/teraterm.py')
2026-02-12 01:53:37,885 - INFO - Upload completed successfully: teraterm.py
2026-02-12 01:53:37,885 - INFO - Starting upload: lib/pygments/lexers/templates.py -> /home/kevin/test/lib/pygments/lexers/templates.py (75731 bytes)
2026-02-12 01:53:37,886 - DEBUG - [chan 0] open(b'/home/kevin/test/lib/pygments/lexers/templates.py', 'wb')
2026-02-12 01:53:37,887 - DEBUG - [chan 0] open(b'/home/kevin/test/lib/pygments/lexers/templates.py', 'wb') -> 00000000
2026-02-12 01:53:37,887 - DEBUG - [chan 0] close(00000000)
2026-02-12 01:53:37,897 - DEBUG - [chan 0] stat(b'/home/kevin/test/lib/pygments/lexers/templates.py')
2026-02-12 01:53:37,899 - INFO - Upload completed successfully: templates.py
2026-02-12 01:53:37,899 - INFO - Starting upload: lib/pygments/lexers/teal.py -> /home/kevin/test/lib/pygments/lexers/teal.py (3522 bytes)
2026-02-12 01:53:37,901 - DEBUG - [chan 0] open(b'/home/kevin/test/lib/pygments/lexers/teal.py', 'wb')
2026-02-12 01:53:37,902 - DEBUG - [chan 0] open(b'/home/kevin/test/lib/pygments/lexers/teal.py', 'wb') -> 00000000
2026-02-12 01:53:37,902 - DEBUG - Progress: 3522/3522 bytes
2026-02-12 01:53:37,902 - DEBUG - [chan 0] close(00000000)
2026-02-12 01:53:37,904 - DEBUG - [chan 0] stat(b'/home/kevin/test/lib/pygments/lexers/teal.py')
2026-02-12 01:53:37,906 - INFO - Upload completed successfully: teal.py
2026-02-12 01:53:37,906 - INFO - Starting upload: lib/pygments/lexers/tcl.py -> /home/kevin/test/lib/pygments/lexers/tcl.py (5512 bytes)
2026-02-12 01:53:37,908 - DEBUG - [chan 0] open(b'/home/kevin/test/lib/pygments/lexers/tcl.py', 'wb')
2026-02-12 01:53:37,909 - DEBUG - [chan 0] open(b'/home/kevin/test/lib/pygments/lexers/tcl.py', 'wb') -> 00000000
2026-02-12 01:53:37,909 - DEBUG - Progress: 5512/5512 bytes
2026-02-12 01:53:37,909 - DEBUG - [chan 0] close(00000000)
2026-02-12 01:53:37,910 - DEBUG - [chan 0] stat(b'/home/kevin/test/lib/pygments/lexers/tcl.py')
2026-02-12 01:53:37,913 - INFO - Upload completed successfully: tcl.py
2026-02-12 01:53:37,913 - INFO - Starting upload: lib/pygments/lexers/tal.py -> /home/kevin/test/lib/pygments/lexers/tal.py (2904 bytes)
2026-02-12 01:53:37,915 - DEBUG - [chan 0] open(b'/home/kevin/test/lib/pygments/lexers/tal.py', 'wb')
2026-02-12 01:53:37,916 - DEBUG - [chan 0] open(b'/home/kevin/test/lib/pygments/lexers/tal.py', 'wb') -> 00000000
2026-02-12 01:53:37,916 - DEBUG - Progress: 2904/2904 bytes
2026-02-12 01:53:37,916 - DEBUG - [chan 0] close(00000000)
2026-02-12 01:53:37,918 - DEBUG - [chan 0] stat(b'/home/kevin/test/lib/pygments/lexers/tal.py')
2026-02-12 01:53:37,920 - INFO - Upload completed successfully: tal.py
2026-02-12 01:53:37,920 - INFO - Starting upload: lib/pygments/lexers/tact.py -> /home/kevin/test/lib/pygments/lexers/tact.py (10809 bytes)
2026-02-12 01:53:37,922 - DEBUG - [chan 0] open(b'/home/kevin/test/lib/pygments/lexers/tact.py', 'wb')
2026-02-12 01:53:37,923 - DEBUG - [chan 0] open(b'/home/kevin/test/lib/pygments/lexers/tact.py', 'wb') -> 00000000
2026-02-12 01:53:37,923 - DEBUG - Progress: 10809/10809 bytes
2026-02-12 01:53:37,923 - DEBUG - [chan 0] close(00000000)
2026-02-12 01:53:37,925 - DEBUG - [chan 0] stat(b'/home/kevin/test/lib/pygments/lexers/tact.py')
2026-02-12 01:53:37,928 - INFO - Upload completed successfully: tact.py
2026-02-12 01:53:37,928 - INFO - Starting upload: lib/pygments/lexers/tablegen.py -> /home/kevin/test/lib/pygments/lexers/tablegen.py (3987 bytes)
2026-02-12 01:53:37,930 - DEBUG - [chan 0] open(b'/home/kevin/test/lib/pygments/lexers/tablegen.py', 'wb')
2026-02-12 01:53:37,931 - DEBUG - [chan 0] open(b'/home/kevin/test/lib/pygments/lexers/tablegen.py', 'wb') -> 00000000
2026-02-12 01:53:37,931 - DEBUG - Progress: 3987/3987 bytes
2026-02-12 01:53:37,931 - DEBUG - [chan 0] close(00000000)
2026-02-12 01:53:37,932 - DEBUG - [chan 0] stat(b'/home/kevin/test/lib/pygments/lexers/tablegen.py')
2026-02-12 01:53:37,935 - INFO - Upload completed successfully: tablegen.py
2026-02-12 01:53:37,935 - INFO - Starting upload: lib/pygments/lexers/supercollider.py -> /home/kevin/test/lib/pygments/lexers/supercollider.py (3697 bytes)
2026-02-12 01:53:37,937 - DEBUG - [chan 0] open(b'/home/kevin/test/lib/pygments/lexers/supercollider.py', 'wb')
2026-02-12 01:53:37,938 - DEBUG - [chan 0] open(b'/home/kevin/test/lib/pygments/lexers/supercollider.py', 'wb') -> 00000000
2026-02-12 01:53:37,938 - DEBUG - Progress: 3697/3697 bytes
2026-02-12 01:53:37,938 - DEBUG - [chan 0] close(00000000)
2026-02-12 01:53:37,939 - DEBUG - [chan 0] stat(b'/home/kevin/test/lib/pygments/lexers/supercollider.py')
2026-02-12 01:53:37,942 - INFO - Upload completed successfully: supercollider.py
2026-02-12 01:53:37,942 - INFO - Starting upload: lib/pygments/lexers/stata.py -> /home/kevin/test/lib/pygments/lexers/stata.py (6415 bytes)
2026-02-12 01:53:37,943 - DEBUG - [chan 0] open(b'/home/kevin/test/lib/pygments/lexers/stata.py', 'wb')
2026-02-12 01:53:37,944 - DEBUG - [chan 0] open(b'/home/kevin/test/lib/pygments/lexers/stata.py', 'wb') -> 00000000
2026-02-12 01:53:37,944 - DEBUG - Progress: 6415/6415 bytes
2026-02-12 01:53:37,944 - DEBUG - [chan 0] close(00000000)
2026-02-12 01:53:37,945 - DEBUG - [chan 0] stat(b'/home/kevin/test/lib/pygments/lexers/stata.py')
2026-02-12 01:53:37,948 - INFO - Upload completed successfully: stata.py
2026-02-12 01:53:37,948 - INFO - Starting upload: lib/pygments/lexers/srcinfo.py -> /home/kevin/test/lib/pygments/lexers/srcinfo.py (1746 bytes)
2026-02-12 01:53:37,949 - DEBUG - [chan 0] open(b'/home/kevin/test/lib/pygments/lexers/srcinfo.py', 'wb')
2026-02-12 01:53:37,950 - DEBUG - [chan 0] open(b'/home/kevin/test/lib/pygments/lexers/srcinfo.py', 'wb') -> 00000000
2026-02-12 01:53:37,950 - DEBUG - Progress: 1746/1746 bytes
2026-02-12 01:53:37,950 - DEBUG - [chan 0] close(00000000)
2026-02-12 01:53:37,951 - DEBUG - [chan 0] stat(b'/home/kevin/test/lib/pygments/lexers/srcinfo.py')
2026-02-12 01:53:37,953 - INFO - Upload completed successfully: srcinfo.py
2026-02-12 01:53:37,953 - INFO - Starting upload: lib/pygments/lexers/sql.py -> /home/kevin/test/lib/pygments/lexers/sql.py (41476 bytes)
2026-02-12 01:53:37,956 - DEBUG - [chan 0] open(b'/home/kevin/test/lib/pygments/lexers/sql.py', 'wb')
2026-02-12 01:53:37,957 - DEBUG - [chan 0] open(b'/home/kevin/test/lib/pygments/lexers/sql.py', 'wb') -> 00000000
2026-02-12 01:53:37,957 - DEBUG - Progress: 32768/41476 bytes
2026-02-12 01:53:37,957 - DEBUG - [chan 0] close(00000000)
2026-02-12 01:53:37,964 - DEBUG - [chan 0] stat(b'/home/kevin/test/lib/pygments/lexers/sql.py')
2026-02-12 01:53:37,967 - INFO - Upload completed successfully: sql.py
2026-02-12 01:53:37,967 - INFO - Starting upload: lib/pygments/lexers/spice.py -> /home/kevin/test/lib/pygments/lexers/spice.py (2790 bytes)
2026-02-12 01:53:37,969 - DEBUG - [chan 0] open(b'/home/kevin/test/lib/pygments/lexers/spice.py', 'wb')
2026-02-12 01:53:37,970 - DEBUG - [chan 0] open(b'/home/kevin/test/lib/pygments/lexers/spice.py', 'wb') -> 00000000
2026-02-12 01:53:37,970 - DEBUG - Progress: 2790/2790 bytes
2026-02-12 01:53:37,970 - DEBUG - [chan 0] close(00000000)
2026-02-12 01:53:37,971 - DEBUG - [chan 0] stat(b'/home/kevin/test/lib/pygments/lexers/spice.py')
2026-02-12 01:53:37,974 - INFO - Upload completed successfully: spice.py
2026-02-12 01:53:37,974 - INFO - Starting upload: lib/pygments/lexers/special.py -> /home/kevin/test/lib/pygments/lexers/special.py (3585 bytes)
2026-02-12 01:53:37,976 - DEBUG - [chan 0] open(b'/home/kevin/test/lib/pygments/lexers/special.py', 'wb')
2026-02-12 01:53:37,977 - DEBUG - [chan 0] open(b'/home/kevin/test/lib/pygments/lexers/special.py', 'wb') -> 00000000
2026-02-12 01:53:37,977 - DEBUG - Progress: 3585/3585 bytes
2026-02-12 01:53:37,977 - DEBUG - [chan 0] close(00000000)
2026-02-12 01:53:37,978 - DEBUG - [chan 0] stat(b'/home/kevin/test/lib/pygments/lexers/special.py')
2026-02-12 01:53:37,981 - INFO - Upload completed successfully: special.py
2026-02-12 01:53:37,981 - INFO - Starting upload: lib/pygments/lexers/sophia.py -> /home/kevin/test/lib/pygments/lexers/sophia.py (3376 bytes)
2026-02-12 01:53:37,983 - DEBUG - [chan 0] open(b'/home/kevin/test/lib/pygments/lexers/sophia.py', 'wb')
2026-02-12 01:53:37,984 - DEBUG - [chan 0] open(b'/home/kevin/test/lib/pygments/lexers/sophia.py', 'wb') -> 00000000
2026-02-12 01:53:37,984 - DEBUG - Progress: 3376/3376 bytes
2026-02-12 01:53:37,984 - DEBUG - [chan 0] close(00000000)
2026-02-12 01:53:37,985 - DEBUG - [chan 0] stat(b'/home/kevin/test/lib/pygments/lexers/sophia.py')
2026-02-12 01:53:37,988 - INFO - Upload completed successfully: sophia.py
2026-02-12 01:53:37,988 - INFO - Starting upload: lib/pygments/lexers/soong.py -> /home/kevin/test/lib/pygments/lexers/soong.py (2339 bytes)
2026-02-12 01:53:37,989 - DEBUG - [chan 0] open(b'/home/kevin/test/lib/pygments/lexers/soong.py', 'wb')
2026-02-12 01:53:37,990 - DEBUG - [chan 0] open(b'/home/kevin/test/lib/pygments/lexers/soong.py', 'wb') -> 00000000
2026-02-12 01:53:37,990 - DEBUG - Progress: 2339/2339 bytes
2026-02-12 01:53:37,990 - DEBUG - [chan 0] close(00000000)
2026-02-12 01:53:37,991 - DEBUG - [chan 0] stat(b'/home/kevin/test/lib/pygments/lexers/soong.py')
2026-02-12 01:53:37,994 - INFO - Upload completed successfully: soong.py
2026-02-12 01:53:37,994 - INFO - Starting upload: lib/pygments/lexers/solidity.py -> /home/kevin/test/lib/pygments/lexers/solidity.py (3163 bytes)
2026-02-12 01:53:37,996 - DEBUG - [chan 0] open(b'/home/kevin/test/lib/pygments/lexers/solidity.py', 'wb')
2026-02-12 01:53:37,996 - DEBUG - [chan 0] open(b'/home/kevin/test/lib/pygments/lexers/solidity.py', 'wb') -> 00000000
2026-02-12 01:53:37,996 - DEBUG - Progress: 3163/3163 bytes
2026-02-12 01:53:37,997 - DEBUG - [chan 0] close(00000000)
2026-02-12 01:53:37,998 - DEBUG - [chan 0] stat(b'/home/kevin/test/lib/pygments/lexers/solidity.py')
2026-02-12 01:53:38,000 - INFO - Upload completed successfully: solidity.py
2026-02-12 01:53:38,000 - INFO - Starting upload: lib/pygments/lexers/snobol.py -> /home/kevin/test/lib/pygments/lexers/snobol.py (2778 bytes)
2026-02-12 01:53:38,002 - DEBUG - [chan 0] open(b'/home/kevin/test/lib/pygments/lexers/snobol.py', 'wb')
2026-02-12 01:53:38,003 - DEBUG - [chan 0] open(b'/home/kevin/test/lib/pygments/lexers/snobol.py', 'wb') -> 00000000
2026-02-12 01:53:38,003 - DEBUG - Progress: 2778/2778 bytes
2026-02-12 01:53:38,003 - DEBUG - [chan 0] close(00000000)
2026-02-12 01:53:38,004 - DEBUG - [chan 0] stat(b'/home/kevin/test/lib/pygments/lexers/snobol.py')
2026-02-12 01:53:38,007 - INFO - Upload completed successfully: snobol.py
2026-02-12 01:53:38,007 - INFO - Starting upload: lib/pygments/lexers/smv.py -> /home/kevin/test/lib/pygments/lexers/smv.py (2805 bytes)
2026-02-12 01:53:38,009 - DEBUG - [chan 0] open(b'/home/kevin/test/lib/pygments/lexers/smv.py', 'wb')
2026-02-12 01:53:38,010 - DEBUG - [chan 0] open(b'/home/kevin/test/lib/pygments/lexers/smv.py', 'wb') -> 00000000
2026-02-12 01:53:38,010 - DEBUG - Progress: 2805/2805 bytes
2026-02-12 01:53:38,010 - DEBUG - [chan 0] close(00000000)
2026-02-12 01:53:38,011 - DEBUG - [chan 0] stat(b'/home/kevin/test/lib/pygments/lexers/smv.py')
2026-02-12 01:53:38,013 - INFO - Upload completed successfully: smv.py
2026-02-12 01:53:38,014 - INFO - Starting upload: lib/pygments/lexers/smithy.py -> /home/kevin/test/lib/pygments/lexers/smithy.py (2659 bytes)
2026-02-12 01:53:38,015 - DEBUG - [chan 0] open(b'/home/kevin/test/lib/pygments/lexers/smithy.py', 'wb')
2026-02-12 01:53:38,016 - DEBUG - [chan 0] open(b'/home/kevin/test/lib/pygments/lexers/smithy.py', 'wb') -> 00000000
2026-02-12 01:53:38,016 - DEBUG - Progress: 2659/2659 bytes
2026-02-12 01:53:38,016 - DEBUG - [chan 0] close(00000000)
2026-02-12 01:53:38,018 - DEBUG - [chan 0] stat(b'/home/kevin/test/lib/pygments/lexers/smithy.py')
2026-02-12 01:53:38,020 - INFO - Upload completed successfully: smithy.py
2026-02-12 01:53:38,020 - INFO - Starting upload: lib/pygments/lexers/smalltalk.py -> /home/kevin/test/lib/pygments/lexers/smalltalk.py (7204 bytes)
2026-02-12 01:53:38,022 - DEBUG - [chan 0] open(b'/home/kevin/test/lib/pygments/lexers/smalltalk.py', 'wb')
2026-02-12 01:53:38,023 - DEBUG - [chan 0] open(b'/home/kevin/test/lib/pygments/lexers/smalltalk.py', 'wb') -> 00000000
2026-02-12 01:53:38,023 - DEBUG - Progress: 7204/7204 bytes
2026-02-12 01:53:38,023 - DEBUG - [chan 0] close(00000000)
2026-02-12 01:53:38,025 - DEBUG - [chan 0] stat(b'/home/kevin/test/lib/pygments/lexers/smalltalk.py')
2026-02-12 01:53:38,028 - INFO - Upload completed successfully: smalltalk.py
2026-02-12 01:53:38,028 - INFO - Starting upload: lib/pygments/lexers/slash.py -> /home/kevin/test/lib/pygments/lexers/slash.py (8484 bytes)
2026-02-12 01:53:38,030 - DEBUG - [chan 0] open(b'/home/kevin/test/lib/pygments/lexers/slash.py', 'wb')
2026-02-12 01:53:38,030 - DEBUG - [chan 0] open(b'/home/kevin/test/lib/pygments/lexers/slash.py', 'wb') -> 00000000
2026-02-12 01:53:38,030 - DEBUG - Progress: 8484/8484 bytes
2026-02-12 01:53:38,031 - DEBUG - [chan 0] close(00000000)
2026-02-12 01:53:38,032 - DEBUG - [chan 0] stat(b'/home/kevin/test/lib/pygments/lexers/slash.py')
2026-02-12 01:53:38,035 - INFO - Upload completed successfully: slash.py
2026-02-12 01:53:38,035 - INFO - Starting upload: lib/pygments/lexers/sieve.py -> /home/kevin/test/lib/pygments/lexers/sieve.py (2514 bytes)
2026-02-12 01:53:38,037 - DEBUG - [chan 0] open(b'/home/kevin/test/lib/pygments/lexers/sieve.py', 'wb')
2026-02-12 01:53:38,038 - DEBUG - [chan 0] open(b'/home/kevin/test/lib/pygments/lexers/sieve.py', 'wb') -> 00000000
2026-02-12 01:53:38,038 - DEBUG - Progress: 2514/2514 bytes
2026-02-12 01:53:38,038 - DEBUG - [chan 0] close(00000000)
2026-02-12 01:53:38,039 - DEBUG - [chan 0] stat(b'/home/kevin/test/lib/pygments/lexers/sieve.py')
2026-02-12 01:53:38,041 - INFO - Upload completed successfully: sieve.py
2026-02-12 01:53:38,041 - INFO - Starting upload: lib/pygments/lexers/shell.py -> /home/kevin/test/lib/pygments/lexers/shell.py (36381 bytes)
2026-02-12 01:53:38,043 - DEBUG - [chan 0] open(b'/home/kevin/test/lib/pygments/lexers/shell.py', 'wb')
2026-02-12 01:53:38,044 - DEBUG - [chan 0] open(b'/home/kevin/test/lib/pygments/lexers/shell.py', 'wb') -> 00000000
2026-02-12 01:53:38,044 - DEBUG - Progress: 32768/36381 bytes
2026-02-12 01:53:38,045 - DEBUG - [chan 0] close(00000000)
2026-02-12 01:53:38,049 - DEBUG - [chan 0] stat(b'/home/kevin/test/lib/pygments/lexers/shell.py')
2026-02-12 01:53:38,051 - INFO - Upload completed successfully: shell.py
2026-02-12 01:53:38,051 - INFO - Starting upload: lib/pygments/lexers/sgf.py -> /home/kevin/test/lib/pygments/lexers/sgf.py (1985 bytes)
2026-02-12 01:53:38,052 - DEBUG - [chan 0] open(b'/home/kevin/test/lib/pygments/lexers/sgf.py', 'wb')
2026-02-12 01:53:38,053 - DEBUG - [chan 0] open(b'/home/kevin/test/lib/pygments/lexers/sgf.py', 'wb') -> 00000000
2026-02-12 01:53:38,053 - DEBUG - Progress: 1985/1985 bytes
2026-02-12 01:53:38,053 - DEBUG - [chan 0] close(00000000)
2026-02-12 01:53:38,055 - DEBUG - [chan 0] stat(b'/home/kevin/test/lib/pygments/lexers/sgf.py')
2026-02-12 01:53:38,056 - INFO - Upload completed successfully: sgf.py
2026-02-12 01:53:38,056 - INFO - Starting upload: lib/pygments/lexers/scripting.py -> /home/kevin/test/lib/pygments/lexers/scripting.py (81814 bytes)
2026-02-12 01:53:38,057 - DEBUG - [chan 0] open(b'/home/kevin/test/lib/pygments/lexers/scripting.py', 'wb')
2026-02-12 01:53:38,058 - DEBUG - [chan 0] open(b'/home/kevin/test/lib/pygments/lexers/scripting.py', 'wb') -> 00000000
2026-02-12 01:53:38,058 - DEBUG - Progress: 65536/81814 bytes
2026-02-12 01:53:38,059 - DEBUG - [chan 0] close(00000000)
2026-02-12 01:53:38,068 - DEBUG - [chan 0] stat(b'/home/kevin/test/lib/pygments/lexers/scripting.py')
2026-02-12 01:53:38,070 - INFO - Upload completed successfully: scripting.py
2026-02-12 01:53:38,070 - INFO - Starting upload: lib/pygments/lexers/scdoc.py -> /home/kevin/test/lib/pygments/lexers/scdoc.py (2524 bytes)
2026-02-12 01:53:38,071 - DEBUG - [chan 0] open(b'/home/kevin/test/lib/pygments/lexers/scdoc.py', 'wb')
2026-02-12 01:53:38,072 - DEBUG - [chan 0] open(b'/home/kevin/test/lib/pygments/lexers/scdoc.py', 'wb') -> 00000000
2026-02-12 01:53:38,072 - DEBUG - Progress: 2524/2524 bytes
2026-02-12 01:53:38,072 - DEBUG - [chan 0] close(00000000)
2026-02-12 01:53:38,074 - DEBUG - [chan 0] stat(b'/home/kevin/test/lib/pygments/lexers/scdoc.py')
2026-02-12 01:53:38,076 - INFO - Upload completed successfully: scdoc.py
2026-02-12 01:53:38,076 - INFO - Starting upload: lib/pygments/lexers/savi.py -> /home/kevin/test/lib/pygments/lexers/savi.py (4878 bytes)
2026-02-12 01:53:38,077 - DEBUG - [chan 0] open(b'/home/kevin/test/lib/pygments/lexers/savi.py', 'wb')
2026-02-12 01:53:38,078 - DEBUG - [chan 0] open(b'/home/kevin/test/lib/pygments/lexers/savi.py', 'wb') -> 00000000
2026-02-12 01:53:38,078 - DEBUG - Progress: 4878/4878 bytes
2026-02-12 01:53:38,078 - DEBUG - [chan 0] close(00000000)
2026-02-12 01:53:38,080 - DEBUG - [chan 0] stat(b'/home/kevin/test/lib/pygments/lexers/savi.py')
2026-02-12 01:53:38,082 - INFO - Upload completed successfully: savi.py
2026-02-12 01:53:38,082 - INFO - Starting upload: lib/pygments/lexers/sas.py -> /home/kevin/test/lib/pygments/lexers/sas.py (9456 bytes)
2026-02-12 01:53:38,083 - DEBUG - [chan 0] open(b'/home/kevin/test/lib/pygments/lexers/sas.py', 'wb')
2026-02-12 01:53:38,084 - DEBUG - [chan 0] open(b'/home/kevin/test/lib/pygments/lexers/sas.py', 'wb') -> 00000000
2026-02-12 01:53:38,084 - DEBUG - Progress: 9456/9456 bytes
2026-02-12 01:53:38,084 - DEBUG - [chan 0] close(00000000)
2026-02-12 01:53:38,086 - DEBUG - [chan 0] stat(b'/home/kevin/test/lib/pygments/lexers/sas.py')
2026-02-12 01:53:38,088 - INFO - Upload completed successfully: sas.py
2026-02-12 01:53:38,088 - INFO - Starting upload: lib/pygments/lexers/rust.py -> /home/kevin/test/lib/pygments/lexers/rust.py (8260 bytes)
2026-02-12 01:53:38,090 - DEBUG - [chan 0] open(b'/home/kevin/test/lib/pygments/lexers/rust.py', 'wb')
2026-02-12 01:53:38,091 - DEBUG - [chan 0] open(b'/home/kevin/test/lib/pygments/lexers/rust.py', 'wb') -> 00000000
2026-02-12 01:53:38,091 - DEBUG - Progress: 8260/8260 bytes
2026-02-12 01:53:38,091 - DEBUG - [chan 0] close(00000000)
2026-02-12 01:53:38,092 - DEBUG - [chan 0] stat(b'/home/kevin/test/lib/pygments/lexers/rust.py')
2026-02-12 01:53:38,094 - INFO - Upload completed successfully: rust.py
2026-02-12 01:53:38,094 - INFO - Starting upload: lib/pygments/lexers/ruby.py -> /home/kevin/test/lib/pygments/lexers/ruby.py (22753 bytes)
2026-02-12 01:53:38,096 - DEBUG - [chan 0] open(b'/home/kevin/test/lib/pygments/lexers/ruby.py', 'wb')
2026-02-12 01:53:38,097 - DEBUG - [chan 0] open(b'/home/kevin/test/lib/pygments/lexers/ruby.py', 'wb') -> 00000000
2026-02-12 01:53:38,097 - DEBUG - Progress: 22753/22753 bytes
2026-02-12 01:53:38,097 - DEBUG - [chan 0] close(00000000)
2026-02-12 01:53:38,100 - DEBUG - [chan 0] stat(b'/home/kevin/test/lib/pygments/lexers/ruby.py')
2026-02-12 01:53:38,102 - INFO - Upload completed successfully: ruby.py
2026-02-12 01:53:38,102 - INFO - Starting upload: lib/pygments/lexers/robotframework.py -> /home/kevin/test/lib/pygments/lexers/robotframework.py (18448 bytes)
2026-02-12 01:53:38,104 - DEBUG - [chan 0] open(b'/home/kevin/test/lib/pygments/lexers/robotframework.py', 'wb')
2026-02-12 01:53:38,104 - DEBUG - [chan 0] open(b'/home/kevin/test/lib/pygments/lexers/robotframework.py', 'wb') -> 00000000
2026-02-12 01:53:38,105 - DEBUG - Progress: 18448/18448 bytes
2026-02-12 01:53:38,105 - DEBUG - [chan 0] close(00000000)
2026-02-12 01:53:38,107 - DEBUG - [chan 0] stat(b'/home/kevin/test/lib/pygments/lexers/robotframework.py')
2026-02-12 01:53:38,109 - INFO - Upload completed successfully: robotframework.py
2026-02-12 01:53:38,109 - INFO - Starting upload: lib/pygments/lexers/roboconf.py -> /home/kevin/test/lib/pygments/lexers/roboconf.py (2074 bytes)
2026-02-12 01:53:38,111 - DEBUG - [chan 0] open(b'/home/kevin/test/lib/pygments/lexers/roboconf.py', 'wb')
2026-02-12 01:53:38,112 - DEBUG - [chan 0] open(b'/home/kevin/test/lib/pygments/lexers/roboconf.py', 'wb') -> 00000000
2026-02-12 01:53:38,112 - DEBUG - Progress: 2074/2074 bytes
2026-02-12 01:53:38,112 - DEBUG - [chan 0] close(00000000)
2026-02-12 01:53:38,113 - DEBUG - [chan 0] stat(b'/home/kevin/test/lib/pygments/lexers/roboconf.py')
2026-02-12 01:53:38,115 - INFO - Upload completed successfully: roboconf.py
2026-02-12 01:53:38,115 - INFO - Starting upload: lib/pygments/lexers/rnc.py -> /home/kevin/test/lib/pygments/lexers/rnc.py (1972 bytes)
2026-02-12 01:53:38,117 - DEBUG - [chan 0] open(b'/home/kevin/test/lib/pygments/lexers/rnc.py', 'wb')
2026-02-12 01:53:38,118 - DEBUG - [chan 0] open(b'/home/kevin/test/lib/pygments/lexers/rnc.py', 'wb') -> 00000000
2026-02-12 01:53:38,118 - DEBUG - Progress: 1972/1972 bytes
2026-02-12 01:53:38,118 - DEBUG - [chan 0] close(00000000)
2026-02-12 01:53:38,119 - DEBUG - [chan 0] stat(b'/home/kevin/test/lib/pygments/lexers/rnc.py')
2026-02-12 01:53:38,121 - INFO - Upload completed successfully: rnc.py
2026-02-12 01:53:38,121 - INFO - Starting upload: lib/pygments/lexers/rita.py -> /home/kevin/test/lib/pygments/lexers/rita.py (1127 bytes)
2026-02-12 01:53:38,122 - DEBUG - [chan 0] open(b'/home/kevin/test/lib/pygments/lexers/rita.py', 'wb')
2026-02-12 01:53:38,123 - DEBUG - [chan 0] open(b'/home/kevin/test/lib/pygments/lexers/rita.py', 'wb') -> 00000000
2026-02-12 01:53:38,123 - DEBUG - Progress: 1127/1127 bytes
2026-02-12 01:53:38,123 - DEBUG - [chan 0] close(00000000)
2026-02-12 01:53:38,124 - DEBUG - [chan 0] stat(b'/home/kevin/test/lib/pygments/lexers/rita.py')
2026-02-12 01:53:38,125 - INFO - Upload completed successfully: rita.py
2026-02-12 01:53:38,125 - INFO - Starting upload: lib/pygments/lexers/ride.py -> /home/kevin/test/lib/pygments/lexers/ride.py (5035 bytes)
2026-02-12 01:53:38,127 - DEBUG - [chan 0] open(b'/home/kevin/test/lib/pygments/lexers/ride.py', 'wb')
2026-02-12 01:53:38,127 - DEBUG - [chan 0] open(b'/home/kevin/test/lib/pygments/lexers/ride.py', 'wb') -> 00000000
2026-02-12 01:53:38,127 - DEBUG - Progress: 5035/5035 bytes
2026-02-12 01:53:38,128 - DEBUG - [chan 0] close(00000000)
2026-02-12 01:53:38,129 - DEBUG - [chan 0] stat(b'/home/kevin/test/lib/pygments/lexers/ride.py')
2026-02-12 01:53:38,131 - INFO - Upload completed successfully: ride.py
2026-02-12 01:53:38,131 - INFO - Starting upload: lib/pygments/lexers/resource.py -> /home/kevin/test/lib/pygments/lexers/resource.py (2927 bytes)
2026-02-12 01:53:38,133 - DEBUG - [chan 0] open(b'/home/kevin/test/lib/pygments/lexers/resource.py', 'wb')
2026-02-12 01:53:38,134 - DEBUG - [chan 0] open(b'/home/kevin/test/lib/pygments/lexers/resource.py', 'wb') -> 00000000
2026-02-12 01:53:38,134 - DEBUG - Progress: 2927/2927 bytes
2026-02-12 01:53:38,134 - DEBUG - [chan 0] close(00000000)
2026-02-12 01:53:38,135 - DEBUG - [chan 0] stat(b'/home/kevin/test/lib/pygments/lexers/resource.py')
2026-02-12 01:53:38,137 - INFO - Upload completed successfully: resource.py
2026-02-12 01:53:38,137 - INFO - Starting upload: lib/pygments/lexers/rego.py -> /home/kevin/test/lib/pygments/lexers/rego.py (1748 bytes)
2026-02-12 01:53:38,139 - DEBUG - [chan 0] open(b'/home/kevin/test/lib/pygments/lexers/rego.py', 'wb')
2026-02-12 01:53:38,139 - DEBUG - [chan 0] open(b'/home/kevin/test/lib/pygments/lexers/rego.py', 'wb') -> 00000000
2026-02-12 01:53:38,139 - DEBUG - Progress: 1748/1748 bytes
2026-02-12 01:53:38,139 - DEBUG - [chan 0] close(00000000)
2026-02-12 01:53:38,140 - DEBUG - [chan 0] stat(b'/home/kevin/test/lib/pygments/lexers/rego.py')
2026-02-12 01:53:38,142 - INFO - Upload completed successfully: rego.py
2026-02-12 01:53:38,142 - INFO - Starting upload: lib/pygments/lexers/rebol.py -> /home/kevin/test/lib/pygments/lexers/rebol.py (18259 bytes)
2026-02-12 01:53:38,144 - DEBUG - [chan 0] open(b'/home/kevin/test/lib/pygments/lexers/rebol.py', 'wb')
2026-02-12 01:53:38,144 - DEBUG - [chan 0] open(b'/home/kevin/test/lib/pygments/lexers/rebol.py', 'wb') -> 00000000
2026-02-12 01:53:38,145 - DEBUG - Progress: 18259/18259 bytes
2026-02-12 01:53:38,145 - DEBUG - [chan 0] close(00000000)
2026-02-12 01:53:38,147 - DEBUG - [chan 0] stat(b'/home/kevin/test/lib/pygments/lexers/rebol.py')
2026-02-12 01:53:38,149 - INFO - Upload completed successfully: rebol.py
2026-02-12 01:53:38,149 - INFO - Starting upload: lib/pygments/lexers/rdf.py -> /home/kevin/test/lib/pygments/lexers/rdf.py (16056 bytes)
2026-02-12 01:53:38,151 - DEBUG - [chan 0] open(b'/home/kevin/test/lib/pygments/lexers/rdf.py', 'wb')
2026-02-12 01:53:38,151 - DEBUG - [chan 0] open(b'/home/kevin/test/lib/pygments/lexers/rdf.py', 'wb') -> 00000000
2026-02-12 01:53:38,151 - DEBUG - Progress: 16056/16056 bytes
2026-02-12 01:53:38,151 - DEBUG - [chan 0] close(00000000)
2026-02-12 01:53:38,154 - DEBUG - [chan 0] stat(b'/home/kevin/test/lib/pygments/lexers/rdf.py')
2026-02-12 01:53:38,156 - INFO - Upload completed successfully: rdf.py
2026-02-12 01:53:38,156 - INFO - Starting upload: lib/pygments/lexers/r.py -> /home/kevin/test/lib/pygments/lexers/r.py (6474 bytes)
2026-02-12 01:53:38,157 - DEBUG - [chan 0] open(b'/home/kevin/test/lib/pygments/lexers/r.py', 'wb')
2026-02-12 01:53:38,158 - DEBUG - [chan 0] open(b'/home/kevin/test/lib/pygments/lexers/r.py', 'wb') -> 00000000
2026-02-12 01:53:38,158 - DEBUG - Progress: 6474/6474 bytes
2026-02-12 01:53:38,158 - DEBUG - [chan 0] close(00000000)
2026-02-12 01:53:38,160 - DEBUG - [chan 0] stat(b'/home/kevin/test/lib/pygments/lexers/r.py')
2026-02-12 01:53:38,161 - INFO - Upload completed successfully: r.py
2026-02-12 01:53:38,161 - INFO - Starting upload: lib/pygments/lexers/qvt.py -> /home/kevin/test/lib/pygments/lexers/qvt.py (6103 bytes)
2026-02-12 01:53:38,163 - DEBUG - [chan 0] open(b'/home/kevin/test/lib/pygments/lexers/qvt.py', 'wb')
2026-02-12 01:53:38,163 - DEBUG - [chan 0] open(b'/home/kevin/test/lib/pygments/lexers/qvt.py', 'wb') -> 00000000
2026-02-12 01:53:38,163 - DEBUG - Progress: 6103/6103 bytes
2026-02-12 01:53:38,163 - DEBUG - [chan 0] close(00000000)
2026-02-12 01:53:38,165 - DEBUG - [chan 0] stat(b'/home/kevin/test/lib/pygments/lexers/qvt.py')
2026-02-12 01:53:38,166 - INFO - Upload completed successfully: qvt.py
2026-02-12 01:53:38,166 - INFO - Starting upload: lib/pygments/lexers/qlik.py -> /home/kevin/test/lib/pygments/lexers/qlik.py (3693 bytes)
2026-02-12 01:53:38,168 - DEBUG - [chan 0] open(b'/home/kevin/test/lib/pygments/lexers/qlik.py', 'wb')
2026-02-12 01:53:38,168 - DEBUG - [chan 0] open(b'/home/kevin/test/lib/pygments/lexers/qlik.py', 'wb') -> 00000000
2026-02-12 01:53:38,169 - DEBUG - Progress: 3693/3693 bytes
2026-02-12 01:53:38,169 - DEBUG - [chan 0] close(00000000)
2026-02-12 01:53:38,170 - DEBUG - [chan 0] stat(b'/home/kevin/test/lib/pygments/lexers/qlik.py')
2026-02-12 01:53:38,172 - INFO - Upload completed successfully: qlik.py
2026-02-12 01:53:38,172 - INFO - Starting upload: lib/pygments/lexers/q.py -> /home/kevin/test/lib/pygments/lexers/q.py (6936 bytes)
2026-02-12 01:53:38,174 - DEBUG - [chan 0] open(b'/home/kevin/test/lib/pygments/lexers/q.py', 'wb')
2026-02-12 01:53:38,175 - DEBUG - [chan 0] open(b'/home/kevin/test/lib/pygments/lexers/q.py', 'wb') -> 00000000
2026-02-12 01:53:38,175 - DEBUG - Progress: 6936/6936 bytes
2026-02-12 01:53:38,175 - DEBUG - [chan 0] close(00000000)
2026-02-12 01:53:38,177 - DEBUG - [chan 0] stat(b'/home/kevin/test/lib/pygments/lexers/q.py')
2026-02-12 01:53:38,189 - INFO - Upload completed successfully: q.py
2026-02-12 01:53:38,189 - INFO - Starting upload: lib/pygments/lexers/python.py -> /home/kevin/test/lib/pygments/lexers/python.py (53805 bytes)
2026-02-12 01:53:38,193 - DEBUG - [chan 0] open(b'/home/kevin/test/lib/pygments/lexers/python.py', 'wb')
2026-02-12 01:53:38,194 - DEBUG - [chan 0] open(b'/home/kevin/test/lib/pygments/lexers/python.py', 'wb') -> 00000000
2026-02-12 01:53:38,194 - DEBUG - Progress: 32768/53805 bytes
2026-02-12 01:53:38,194 - DEBUG - [chan 0] close(00000000)
2026-02-12 01:53:38,202 - DEBUG - [chan 0] stat(b'/home/kevin/test/lib/pygments/lexers/python.py')
2026-02-12 01:53:38,204 - INFO - Upload completed successfully: python.py
2026-02-12 01:53:38,204 - INFO - Starting upload: lib/pygments/lexers/ptx.py -> /home/kevin/test/lib/pygments/lexers/ptx.py (4501 bytes)
2026-02-12 01:53:38,206 - DEBUG - [chan 0] open(b'/home/kevin/test/lib/pygments/lexers/ptx.py', 'wb')
2026-02-12 01:53:38,207 - DEBUG - [chan 0] open(b'/home/kevin/test/lib/pygments/lexers/ptx.py', 'wb') -> 00000000
2026-02-12 01:53:38,207 - DEBUG - Progress: 4501/4501 bytes
2026-02-12 01:53:38,207 - DEBUG - [chan 0] close(00000000)
2026-02-12 01:53:38,209 - DEBUG - [chan 0] stat(b'/home/kevin/test/lib/pygments/lexers/ptx.py')
2026-02-12 01:53:38,211 - INFO - Upload completed successfully: ptx.py
2026-02-12 01:53:38,212 - INFO - Starting upload: lib/pygments/lexers/prql.py -> /home/kevin/test/lib/pygments/lexers/prql.py (8747 bytes)
2026-02-12 01:53:38,214 - DEBUG - [chan 0] open(b'/home/kevin/test/lib/pygments/lexers/prql.py', 'wb')
2026-02-12 01:53:38,215 - DEBUG - [chan 0] open(b'/home/kevin/test/lib/pygments/lexers/prql.py', 'wb') -> 00000000
2026-02-12 01:53:38,215 - DEBUG - Progress: 8747/8747 bytes
2026-02-12 01:53:38,215 - DEBUG - [chan 0] close(00000000)
2026-02-12 01:53:38,217 - DEBUG - [chan 0] stat(b'/home/kevin/test/lib/pygments/lexers/prql.py')
2026-02-12 01:53:38,219 - INFO - Upload completed successfully: prql.py
2026-02-12 01:53:38,219 - INFO - Starting upload: lib/pygments/lexers/promql.py -> /home/kevin/test/lib/pygments/lexers/promql.py (4738 bytes)
2026-02-12 01:53:38,221 - DEBUG - [chan 0] open(b'/home/kevin/test/lib/pygments/lexers/promql.py', 'wb')
2026-02-12 01:53:38,222 - DEBUG - [chan 0] open(b'/home/kevin/test/lib/pygments/lexers/promql.py', 'wb') -> 00000000
2026-02-12 01:53:38,222 - DEBUG - Progress: 4738/4738 bytes
2026-02-12 01:53:38,222 - DEBUG - [chan 0] close(00000000)
2026-02-12 01:53:38,223 - DEBUG - [chan 0] stat(b'/home/kevin/test/lib/pygments/lexers/promql.py')
2026-02-12 01:53:38,225 - INFO - Upload completed successfully: promql.py
2026-02-12 01:53:38,225 - INFO - Starting upload: lib/pygments/lexers/prolog.py -> /home/kevin/test/lib/pygments/lexers/prolog.py (12866 bytes)
2026-02-12 01:53:38,228 - DEBUG - [chan 0] open(b'/home/kevin/test/lib/pygments/lexers/prolog.py', 'wb')
2026-02-12 01:53:38,228 - DEBUG - [chan 0] open(b'/home/kevin/test/lib/pygments/lexers/prolog.py', 'wb') -> 00000000
2026-02-12 01:53:38,229 - DEBUG - Progress: 12866/12866 bytes
2026-02-12 01:53:38,229 - DEBUG - [chan 0] close(00000000)
2026-02-12 01:53:38,231 - DEBUG - [chan 0] stat(b'/home/kevin/test/lib/pygments/lexers/prolog.py')
2026-02-12 01:53:38,233 - INFO - Upload completed successfully: prolog.py
2026-02-12 01:53:38,233 - INFO - Starting upload: lib/pygments/lexers/procfile.py -> /home/kevin/test/lib/pygments/lexers/procfile.py (1155 bytes)
2026-02-12 01:53:38,235 - DEBUG - [chan 0] open(b'/home/kevin/test/lib/pygments/lexers/procfile.py', 'wb')
2026-02-12 01:53:38,236 - DEBUG - [chan 0] open(b'/home/kevin/test/lib/pygments/lexers/procfile.py', 'wb') -> 00000000
2026-02-12 01:53:38,236 - DEBUG - Progress: 1155/1155 bytes
2026-02-12 01:53:38,237 - DEBUG - [chan 0] close(00000000)
2026-02-12 01:53:38,237 - DEBUG - [chan 0] stat(b'/home/kevin/test/lib/pygments/lexers/procfile.py')
2026-02-12 01:53:38,239 - INFO - Upload completed successfully: procfile.py
2026-02-12 01:53:38,240 - INFO - Starting upload: lib/pygments/lexers/praat.py -> /home/kevin/test/lib/pygments/lexers/praat.py (12676 bytes)
2026-02-12 01:53:38,242 - DEBUG - [chan 0] open(b'/home/kevin/test/lib/pygments/lexers/praat.py', 'wb')
2026-02-12 01:53:38,242 - DEBUG - [chan 0] open(b'/home/kevin/test/lib/pygments/lexers/praat.py', 'wb') -> 00000000
2026-02-12 01:53:38,243 - DEBUG - Progress: 12676/12676 bytes
2026-02-12 01:53:38,243 - DEBUG - [chan 0] close(00000000)
2026-02-12 01:53:38,245 - DEBUG - [chan 0] stat(b'/home/kevin/test/lib/pygments/lexers/praat.py')
2026-02-12 01:53:38,247 - INFO - Upload completed successfully: praat.py
2026-02-12 01:53:38,247 - INFO - Starting upload: lib/pygments/lexers/pony.py -> /home/kevin/test/lib/pygments/lexers/pony.py (3279 bytes)
2026-02-12 01:53:38,249 - DEBUG - [chan 0] open(b'/home/kevin/test/lib/pygments/lexers/pony.py', 'wb')
2026-02-12 01:53:38,250 - DEBUG - [chan 0] open(b'/home/kevin/test/lib/pygments/lexers/pony.py', 'wb') -> 00000000
2026-02-12 01:53:38,251 - DEBUG - Progress: 3279/3279 bytes
2026-02-12 01:53:38,251 - DEBUG - [chan 0] close(00000000)
2026-02-12 01:53:38,252 - DEBUG - [chan 0] stat(b'/home/kevin/test/lib/pygments/lexers/pony.py')
2026-02-12 01:53:38,254 - INFO - Upload completed successfully: pony.py
2026-02-12 01:53:38,255 - INFO - Starting upload: lib/pygments/lexers/pointless.py -> /home/kevin/test/lib/pygments/lexers/pointless.py (1974 bytes)
2026-02-12 01:53:38,257 - DEBUG - [chan 0] open(b'/home/kevin/test/lib/pygments/lexers/pointless.py', 'wb')
2026-02-12 01:53:38,257 - DEBUG - [chan 0] open(b'/home/kevin/test/lib/pygments/lexers/pointless.py', 'wb') -> 00000000
2026-02-12 01:53:38,258 - DEBUG - Progress: 1974/1974 bytes
2026-02-12 01:53:38,258 - DEBUG - [chan 0] close(00000000)
2026-02-12 01:53:38,259 - DEBUG - [chan 0] stat(b'/home/kevin/test/lib/pygments/lexers/pointless.py')
2026-02-12 01:53:38,261 - INFO - Upload completed successfully: pointless.py
2026-02-12 01:53:38,262 - INFO - Starting upload: lib/pygments/lexers/php.py -> /home/kevin/test/lib/pygments/lexers/php.py (13061 bytes)
2026-02-12 01:53:38,264 - DEBUG - [chan 0] open(b'/home/kevin/test/lib/pygments/lexers/php.py', 'wb')
2026-02-12 01:53:38,264 - DEBUG - [chan 0] open(b'/home/kevin/test/lib/pygments/lexers/php.py', 'wb') -> 00000000
2026-02-12 01:53:38,265 - DEBUG - Progress: 13061/13061 bytes
2026-02-12 01:53:38,265 - DEBUG - [chan 0] close(00000000)
2026-02-12 01:53:38,267 - DEBUG - [chan 0] stat(b'/home/kevin/test/lib/pygments/lexers/php.py')
2026-02-12 01:53:38,269 - INFO - Upload completed successfully: php.py
2026-02-12 01:53:38,269 - INFO - Starting upload: lib/pygments/lexers/phix.py -> /home/kevin/test/lib/pygments/lexers/phix.py (23249 bytes)
2026-02-12 01:53:38,271 - DEBUG - [chan 0] open(b'/home/kevin/test/lib/pygments/lexers/phix.py', 'wb')
2026-02-12 01:53:38,272 - DEBUG - [chan 0] open(b'/home/kevin/test/lib/pygments/lexers/phix.py', 'wb') -> 00000000
2026-02-12 01:53:38,272 - DEBUG - Progress: 23249/23249 bytes
2026-02-12 01:53:38,272 - DEBUG - [chan 0] close(00000000)
2026-02-12 01:53:38,276 - DEBUG - [chan 0] stat(b'/home/kevin/test/lib/pygments/lexers/phix.py')
2026-02-12 01:53:38,278 - INFO - Upload completed successfully: phix.py
2026-02-12 01:53:38,278 - INFO - Starting upload: lib/pygments/lexers/perl.py -> /home/kevin/test/lib/pygments/lexers/perl.py (39192 bytes)
2026-02-12 01:53:38,280 - DEBUG - [chan 0] open(b'/home/kevin/test/lib/pygments/lexers/perl.py', 'wb')
2026-02-12 01:53:38,281 - DEBUG - [chan 0] open(b'/home/kevin/test/lib/pygments/lexers/perl.py', 'wb') -> 00000000
2026-02-12 01:53:38,281 - DEBUG - Progress: 32768/39192 bytes
2026-02-12 01:53:38,282 - DEBUG - [chan 0] close(00000000)
2026-02-12 01:53:38,286 - DEBUG - [chan 0] stat(b'/home/kevin/test/lib/pygments/lexers/perl.py')
2026-02-12 01:53:38,289 - INFO - Upload completed successfully: perl.py
2026-02-12 01:53:38,289 - INFO - Starting upload: lib/pygments/lexers/pddl.py -> /home/kevin/test/lib/pygments/lexers/pddl.py (2989 bytes)
2026-02-12 01:53:38,291 - DEBUG - [chan 0] open(b'/home/kevin/test/lib/pygments/lexers/pddl.py', 'wb')
2026-02-12 01:53:38,292 - DEBUG - [chan 0] open(b'/home/kevin/test/lib/pygments/lexers/pddl.py', 'wb') -> 00000000
2026-02-12 01:53:38,292 - DEBUG - Progress: 2989/2989 bytes
2026-02-12 01:53:38,292 - DEBUG - [chan 0] close(00000000)
2026-02-12 01:53:38,293 - DEBUG - [chan 0] stat(b'/home/kevin/test/lib/pygments/lexers/pddl.py')
2026-02-12 01:53:38,296 - INFO - Upload completed successfully: pddl.py
2026-02-12 01:53:38,296 - INFO - Starting upload: lib/pygments/lexers/pawn.py -> /home/kevin/test/lib/pygments/lexers/pawn.py (8253 bytes)
2026-02-12 01:53:38,298 - DEBUG - [chan 0] open(b'/home/kevin/test/lib/pygments/lexers/pawn.py', 'wb')
2026-02-12 01:53:38,299 - DEBUG - [chan 0] open(b'/home/kevin/test/lib/pygments/lexers/pawn.py', 'wb') -> 00000000
2026-02-12 01:53:38,299 - DEBUG - Progress: 8253/8253 bytes
2026-02-12 01:53:38,300 - DEBUG - [chan 0] close(00000000)
2026-02-12 01:53:38,301 - DEBUG - [chan 0] stat(b'/home/kevin/test/lib/pygments/lexers/pawn.py')
2026-02-12 01:53:38,303 - INFO - Upload completed successfully: pawn.py
2026-02-12 01:53:38,303 - INFO - Starting upload: lib/pygments/lexers/pascal.py -> /home/kevin/test/lib/pygments/lexers/pascal.py (30989 bytes)
2026-02-12 01:53:38,305 - DEBUG - [chan 0] open(b'/home/kevin/test/lib/pygments/lexers/pascal.py', 'wb')
2026-02-12 01:53:38,306 - DEBUG - [chan 0] open(b'/home/kevin/test/lib/pygments/lexers/pascal.py', 'wb') -> 00000000
2026-02-12 01:53:38,307 - DEBUG - Progress: 30989/30989 bytes
2026-02-12 01:53:38,307 - DEBUG - [chan 0] close(00000000)
2026-02-12 01:53:38,311 - DEBUG - [chan 0] stat(b'/home/kevin/test/lib/pygments/lexers/pascal.py')
2026-02-12 01:53:38,313 - INFO - Upload completed successfully: pascal.py
2026-02-12 01:53:38,313 - INFO - Starting upload: lib/pygments/lexers/parsers.py -> /home/kevin/test/lib/pygments/lexers/parsers.py (26596 bytes)
2026-02-12 01:53:38,315 - DEBUG - [chan 0] open(b'/home/kevin/test/lib/pygments/lexers/parsers.py', 'wb')
2026-02-12 01:53:38,315 - DEBUG - [chan 0] open(b'/home/kevin/test/lib/pygments/lexers/parsers.py', 'wb') -> 00000000
2026-02-12 01:53:38,316 - DEBUG - Progress: 26596/26596 bytes
2026-02-12 01:53:38,316 - DEBUG - [chan 0] close(00000000)
2026-02-12 01:53:38,320 - DEBUG - [chan 0] stat(b'/home/kevin/test/lib/pygments/lexers/parsers.py')
2026-02-12 01:53:38,322 - INFO - Upload completed successfully: parsers.py
2026-02-12 01:53:38,323 - INFO - Starting upload: lib/pygments/lexers/parasail.py -> /home/kevin/test/lib/pygments/lexers/parasail.py (2719 bytes)
2026-02-12 01:53:38,325 - DEBUG - [chan 0] open(b'/home/kevin/test/lib/pygments/lexers/parasail.py', 'wb')
2026-02-12 01:53:38,325 - DEBUG - [chan 0] open(b'/home/kevin/test/lib/pygments/lexers/parasail.py', 'wb') -> 00000000
2026-02-12 01:53:38,325 - DEBUG - Progress: 2719/2719 bytes
2026-02-12 01:53:38,326 - DEBUG - [chan 0] close(00000000)
2026-02-12 01:53:38,327 - DEBUG - [chan 0] stat(b'/home/kevin/test/lib/pygments/lexers/parasail.py')
2026-02-12 01:53:38,329 - INFO - Upload completed successfully: parasail.py
2026-02-12 01:53:38,329 - INFO - Starting upload: lib/pygments/lexers/other.py -> /home/kevin/test/lib/pygments/lexers/other.py (1763 bytes)
2026-02-12 01:53:38,331 - DEBUG - [chan 0] open(b'/home/kevin/test/lib/pygments/lexers/other.py', 'wb')
2026-02-12 01:53:38,332 - DEBUG - [chan 0] open(b'/home/kevin/test/lib/pygments/lexers/other.py', 'wb') -> 00000000
2026-02-12 01:53:38,332 - DEBUG - Progress: 1763/1763 bytes
2026-02-12 01:53:38,332 - DEBUG - [chan 0] close(00000000)
2026-02-12 01:53:38,333 - DEBUG - [chan 0] stat(b'/home/kevin/test/lib/pygments/lexers/other.py')
2026-02-12 01:53:38,335 - INFO - Upload completed successfully: other.py
2026-02-12 01:53:38,336 - INFO - Starting upload: lib/pygments/lexers/openscad.py -> /home/kevin/test/lib/pygments/lexers/openscad.py (3700 bytes)
2026-02-12 01:53:38,337 - DEBUG - [chan 0] open(b'/home/kevin/test/lib/pygments/lexers/openscad.py', 'wb')
2026-02-12 01:53:38,338 - DEBUG - [chan 0] open(b'/home/kevin/test/lib/pygments/lexers/openscad.py', 'wb') -> 00000000
2026-02-12 01:53:38,338 - DEBUG - Progress: 3700/3700 bytes
2026-02-12 01:53:38,338 - DEBUG - [chan 0] close(00000000)
2026-02-12 01:53:38,340 - DEBUG - [chan 0] stat(b'/home/kevin/test/lib/pygments/lexers/openscad.py')
2026-02-12 01:53:38,342 - INFO - Upload completed successfully: openscad.py
2026-02-12 01:53:38,342 - INFO - Starting upload: lib/pygments/lexers/ooc.py -> /home/kevin/test/lib/pygments/lexers/ooc.py (3002 bytes)
2026-02-12 01:53:38,344 - DEBUG - [chan 0] open(b'/home/kevin/test/lib/pygments/lexers/ooc.py', 'wb')
2026-02-12 01:53:38,345 - DEBUG - [chan 0] open(b'/home/kevin/test/lib/pygments/lexers/ooc.py', 'wb') -> 00000000
2026-02-12 01:53:38,345 - DEBUG - Progress: 3002/3002 bytes
2026-02-12 01:53:38,345 - DEBUG - [chan 0] close(00000000)
2026-02-12 01:53:38,346 - DEBUG - [chan 0] stat(b'/home/kevin/test/lib/pygments/lexers/ooc.py')
2026-02-12 01:53:38,348 - INFO - Upload completed successfully: ooc.py
2026-02-12 01:53:38,349 - INFO - Starting upload: lib/pygments/lexers/objective.py -> /home/kevin/test/lib/pygments/lexers/objective.py (23297 bytes)
2026-02-12 01:53:38,351 - DEBUG - [chan 0] open(b'/home/kevin/test/lib/pygments/lexers/objective.py', 'wb')
2026-02-12 01:53:38,351 - DEBUG - [chan 0] open(b'/home/kevin/test/lib/pygments/lexers/objective.py', 'wb') -> 00000000
2026-02-12 01:53:38,351 - DEBUG - Progress: 23297/23297 bytes
2026-02-12 01:53:38,351 - DEBUG - [chan 0] close(00000000)
2026-02-12 01:53:38,354 - DEBUG - [chan 0] stat(b'/home/kevin/test/lib/pygments/lexers/objective.py')
2026-02-12 01:53:38,357 - INFO - Upload completed successfully: objective.py
2026-02-12 01:53:38,357 - INFO - Starting upload: lib/pygments/lexers/oberon.py -> /home/kevin/test/lib/pygments/lexers/oberon.py (4210 bytes)
2026-02-12 01:53:38,359 - DEBUG - [chan 0] open(b'/home/kevin/test/lib/pygments/lexers/oberon.py', 'wb')
2026-02-12 01:53:38,359 - DEBUG - [chan 0] open(b'/home/kevin/test/lib/pygments/lexers/oberon.py', 'wb') -> 00000000
2026-02-12 01:53:38,360 - DEBUG - Progress: 4210/4210 bytes
2026-02-12 01:53:38,360 - DEBUG - [chan 0] close(00000000)
2026-02-12 01:53:38,361 - DEBUG - [chan 0] stat(b'/home/kevin/test/lib/pygments/lexers/oberon.py')
2026-02-12 01:53:38,363 - INFO - Upload completed successfully: oberon.py
2026-02-12 01:53:38,363 - INFO - Starting upload: lib/pygments/lexers/numbair.py -> /home/kevin/test/lib/pygments/lexers/numbair.py (1758 bytes)
2026-02-12 01:53:38,365 - DEBUG - [chan 0] open(b'/home/kevin/test/lib/pygments/lexers/numbair.py', 'wb')
2026-02-12 01:53:38,366 - DEBUG - [chan 0] open(b'/home/kevin/test/lib/pygments/lexers/numbair.py', 'wb') -> 00000000
2026-02-12 01:53:38,366 - DEBUG - Progress: 1758/1758 bytes
2026-02-12 01:53:38,366 - DEBUG - [chan 0] close(00000000)
2026-02-12 01:53:38,368 - DEBUG - [chan 0] stat(b'/home/kevin/test/lib/pygments/lexers/numbair.py')
2026-02-12 01:53:38,370 - INFO - Upload completed successfully: numbair.py
2026-02-12 01:53:38,370 - INFO - Starting upload: lib/pygments/lexers/nix.py -> /home/kevin/test/lib/pygments/lexers/nix.py (4421 bytes)
2026-02-12 01:53:38,372 - DEBUG - [chan 0] open(b'/home/kevin/test/lib/pygments/lexers/nix.py', 'wb')
2026-02-12 01:53:38,372 - DEBUG - [chan 0] open(b'/home/kevin/test/lib/pygments/lexers/nix.py', 'wb') -> 00000000
2026-02-12 01:53:38,372 - DEBUG - Progress: 4421/4421 bytes
2026-02-12 01:53:38,372 - DEBUG - [chan 0] close(00000000)
2026-02-12 01:53:38,374 - DEBUG - [chan 0] stat(b'/home/kevin/test/lib/pygments/lexers/nix.py')
2026-02-12 01:53:38,376 - INFO - Upload completed successfully: nix.py
2026-02-12 01:53:38,376 - INFO - Starting upload: lib/pygments/lexers/nit.py -> /home/kevin/test/lib/pygments/lexers/nit.py (2725 bytes)
2026-02-12 01:53:38,378 - DEBUG - [chan 0] open(b'/home/kevin/test/lib/pygments/lexers/nit.py', 'wb')
2026-02-12 01:53:38,379 - DEBUG - [chan 0] open(b'/home/kevin/test/lib/pygments/lexers/nit.py', 'wb') -> 00000000
2026-02-12 01:53:38,379 - DEBUG - Progress: 2725/2725 bytes
2026-02-12 01:53:38,379 - DEBUG - [chan 0] close(00000000)
2026-02-12 01:53:38,380 - DEBUG - [chan 0] stat(b'/home/kevin/test/lib/pygments/lexers/nit.py')
2026-02-12 01:53:38,383 - INFO - Upload completed successfully: nit.py
2026-02-12 01:53:38,383 - INFO - Starting upload: lib/pygments/lexers/nimrod.py -> /home/kevin/test/lib/pygments/lexers/nimrod.py (6413 bytes)
2026-02-12 01:53:38,385 - DEBUG - [chan 0] open(b'/home/kevin/test/lib/pygments/lexers/nimrod.py', 'wb')
2026-02-12 01:53:38,385 - DEBUG - [chan 0] open(b'/home/kevin/test/lib/pygments/lexers/nimrod.py', 'wb') -> 00000000
2026-02-12 01:53:38,386 - DEBUG - Progress: 6413/6413 bytes
2026-02-12 01:53:38,386 - DEBUG - [chan 0] close(00000000)
2026-02-12 01:53:38,387 - DEBUG - [chan 0] stat(b'/home/kevin/test/lib/pygments/lexers/nimrod.py')
2026-02-12 01:53:38,389 - INFO - Upload completed successfully: nimrod.py
2026-02-12 01:53:38,389 - INFO - Starting upload: lib/pygments/lexers/ncl.py -> /home/kevin/test/lib/pygments/lexers/ncl.py (63999 bytes)
2026-02-12 01:53:38,392 - DEBUG - [chan 0] open(b'/home/kevin/test/lib/pygments/lexers/ncl.py', 'wb')
2026-02-12 01:53:38,393 - DEBUG - [chan 0] open(b'/home/kevin/test/lib/pygments/lexers/ncl.py', 'wb') -> 00000000
2026-02-12 01:53:38,393 - DEBUG - Progress: 32768/63999 bytes
2026-02-12 01:53:38,393 - DEBUG - [chan 0] close(00000000)
2026-02-12 01:53:38,400 - DEBUG - [chan 0] stat(b'/home/kevin/test/lib/pygments/lexers/ncl.py')
2026-02-12 01:53:38,402 - INFO - Upload completed successfully: ncl.py
2026-02-12 01:53:38,402 - INFO - Starting upload: lib/pygments/lexers/mosel.py -> /home/kevin/test/lib/pygments/lexers/mosel.py (9297 bytes)
2026-02-12 01:53:38,403 - DEBUG - [chan 0] open(b'/home/kevin/test/lib/pygments/lexers/mosel.py', 'wb')
2026-02-12 01:53:38,404 - DEBUG - [chan 0] open(b'/home/kevin/test/lib/pygments/lexers/mosel.py', 'wb') -> 00000000
2026-02-12 01:53:38,404 - DEBUG - Progress: 9297/9297 bytes
2026-02-12 01:53:38,404 - DEBUG - [chan 0] close(00000000)
2026-02-12 01:53:38,406 - DEBUG - [chan 0] stat(b'/home/kevin/test/lib/pygments/lexers/mosel.py')
2026-02-12 01:53:38,408 - INFO - Upload completed successfully: mosel.py
2026-02-12 01:53:38,408 - INFO - Starting upload: lib/pygments/lexers/monte.py -> /home/kevin/test/lib/pygments/lexers/monte.py (6289 bytes)
2026-02-12 01:53:38,410 - DEBUG - [chan 0] open(b'/home/kevin/test/lib/pygments/lexers/monte.py', 'wb')
2026-02-12 01:53:38,410 - DEBUG - [chan 0] open(b'/home/kevin/test/lib/pygments/lexers/monte.py', 'wb') -> 00000000
2026-02-12 01:53:38,411 - DEBUG - Progress: 6289/6289 bytes
2026-02-12 01:53:38,411 - DEBUG - [chan 0] close(00000000)
2026-02-12 01:53:38,412 - DEBUG - [chan 0] stat(b'/home/kevin/test/lib/pygments/lexers/monte.py')
2026-02-12 01:53:38,414 - INFO - Upload completed successfully: monte.py
2026-02-12 01:53:38,414 - INFO - Starting upload: lib/pygments/lexers/mojo.py -> /home/kevin/test/lib/pygments/lexers/mojo.py (24233 bytes)
2026-02-12 01:53:38,415 - DEBUG - [chan 0] open(b'/home/kevin/test/lib/pygments/lexers/mojo.py', 'wb')
2026-02-12 01:53:38,416 - DEBUG - [chan 0] open(b'/home/kevin/test/lib/pygments/lexers/mojo.py', 'wb') -> 00000000
2026-02-12 01:53:38,416 - DEBUG - Progress: 24233/24233 bytes
2026-02-12 01:53:38,416 - DEBUG - [chan 0] close(00000000)
2026-02-12 01:53:38,419 - DEBUG - [chan 0] stat(b'/home/kevin/test/lib/pygments/lexers/mojo.py')
2026-02-12 01:53:38,421 - INFO - Upload completed successfully: mojo.py
2026-02-12 01:53:38,421 - INFO - Starting upload: lib/pygments/lexers/modula2.py -> /home/kevin/test/lib/pygments/lexers/modula2.py (53072 bytes)
2026-02-12 01:53:38,422 - DEBUG - [chan 0] open(b'/home/kevin/test/lib/pygments/lexers/modula2.py', 'wb')
2026-02-12 01:53:38,423 - DEBUG - [chan 0] open(b'/home/kevin/test/lib/pygments/lexers/modula2.py', 'wb') -> 00000000
2026-02-12 01:53:38,423 - DEBUG - Progress: 32768/53072 bytes
2026-02-12 01:53:38,423 - DEBUG - [chan 0] close(00000000)
2026-02-12 01:53:38,429 - DEBUG - [chan 0] stat(b'/home/kevin/test/lib/pygments/lexers/modula2.py')
2026-02-12 01:53:38,430 - INFO - Upload completed successfully: modula2.py
2026-02-12 01:53:38,430 - INFO - Starting upload: lib/pygments/lexers/modeling.py -> /home/kevin/test/lib/pygments/lexers/modeling.py (13683 bytes)
2026-02-12 01:53:38,432 - DEBUG - [chan 0] open(b'/home/kevin/test/lib/pygments/lexers/modeling.py', 'wb')
2026-02-12 01:53:38,433 - DEBUG - [chan 0] open(b'/home/kevin/test/lib/pygments/lexers/modeling.py', 'wb') -> 00000000
2026-02-12 01:53:38,433 - DEBUG - Progress: 13683/13683 bytes
2026-02-12 01:53:38,433 - DEBUG - [chan 0] close(00000000)
2026-02-12 01:53:38,435 - DEBUG - [chan 0] stat(b'/home/kevin/test/lib/pygments/lexers/modeling.py')
2026-02-12 01:53:38,437 - INFO - Upload completed successfully: modeling.py
2026-02-12 01:53:38,437 - INFO - Starting upload: lib/pygments/lexers/ml.py -> /home/kevin/test/lib/pygments/lexers/ml.py (35390 bytes)
2026-02-12 01:53:38,439 - DEBUG - [chan 0] open(b'/home/kevin/test/lib/pygments/lexers/ml.py', 'wb')
2026-02-12 01:53:38,440 - DEBUG - [chan 0] open(b'/home/kevin/test/lib/pygments/lexers/ml.py', 'wb') -> 00000000
2026-02-12 01:53:38,440 - DEBUG - Progress: 32768/35390 bytes
2026-02-12 01:53:38,441 - DEBUG - [chan 0] close(00000000)
2026-02-12 01:53:38,445 - DEBUG - [chan 0] stat(b'/home/kevin/test/lib/pygments/lexers/ml.py')
2026-02-12 01:53:38,447 - INFO - Upload completed successfully: ml.py
2026-02-12 01:53:38,447 - INFO - Starting upload: lib/pygments/lexers/mips.py -> /home/kevin/test/lib/pygments/lexers/mips.py (4656 bytes)
2026-02-12 01:53:38,449 - DEBUG - [chan 0] open(b'/home/kevin/test/lib/pygments/lexers/mips.py', 'wb')
2026-02-12 01:53:38,450 - DEBUG - [chan 0] open(b'/home/kevin/test/lib/pygments/lexers/mips.py', 'wb') -> 00000000
2026-02-12 01:53:38,450 - DEBUG - Progress: 4656/4656 bytes
2026-02-12 01:53:38,450 - DEBUG - [chan 0] close(00000000)
2026-02-12 01:53:38,451 - DEBUG - [chan 0] stat(b'/home/kevin/test/lib/pygments/lexers/mips.py')
2026-02-12 01:53:38,454 - INFO - Upload completed successfully: mips.py
2026-02-12 01:53:38,454 - INFO - Starting upload: lib/pygments/lexers/minecraft.py -> /home/kevin/test/lib/pygments/lexers/minecraft.py (13696 bytes)
2026-02-12 01:53:38,456 - DEBUG - [chan 0] open(b'/home/kevin/test/lib/pygments/lexers/minecraft.py', 'wb')
2026-02-12 01:53:38,456 - DEBUG - [chan 0] open(b'/home/kevin/test/lib/pygments/lexers/minecraft.py', 'wb') -> 00000000
2026-02-12 01:53:38,457 - DEBUG - Progress: 13696/13696 bytes
2026-02-12 01:53:38,457 - DEBUG - [chan 0] close(00000000)
2026-02-12 01:53:38,461 - DEBUG - [chan 0] stat(b'/home/kevin/test/lib/pygments/lexers/minecraft.py')
2026-02-12 01:53:38,463 - INFO - Upload completed successfully: minecraft.py
2026-02-12 01:53:38,463 - INFO - Starting upload: lib/pygments/lexers/mime.py -> /home/kevin/test/lib/pygments/lexers/mime.py (7582 bytes)
2026-02-12 01:53:38,465 - DEBUG - [chan 0] open(b'/home/kevin/test/lib/pygments/lexers/mime.py', 'wb')
2026-02-12 01:53:38,466 - DEBUG - [chan 0] open(b'/home/kevin/test/lib/pygments/lexers/mime.py', 'wb') -> 00000000
2026-02-12 01:53:38,466 - DEBUG - Progress: 7582/7582 bytes
2026-02-12 01:53:38,466 - DEBUG - [chan 0] close(00000000)
2026-02-12 01:53:38,468 - DEBUG - [chan 0] stat(b'/home/kevin/test/lib/pygments/lexers/mime.py')
2026-02-12 01:53:38,471 - INFO - Upload completed successfully: mime.py
2026-02-12 01:53:38,471 - INFO - Starting upload: lib/pygments/lexers/meson.py -> /home/kevin/test/lib/pygments/lexers/meson.py (4336 bytes)
2026-02-12 01:53:38,473 - DEBUG - [chan 0] open(b'/home/kevin/test/lib/pygments/lexers/meson.py', 'wb')
2026-02-12 01:53:38,474 - DEBUG - [chan 0] open(b'/home/kevin/test/lib/pygments/lexers/meson.py', 'wb') -> 00000000
2026-02-12 01:53:38,474 - DEBUG - Progress: 4336/4336 bytes
2026-02-12 01:53:38,474 - DEBUG - [chan 0] close(00000000)
2026-02-12 01:53:38,476 - DEBUG - [chan 0] stat(b'/home/kevin/test/lib/pygments/lexers/meson.py')
2026-02-12 01:53:38,478 - INFO - Upload completed successfully: meson.py
2026-02-12 01:53:38,478 - INFO - Starting upload: lib/pygments/lexers/maxima.py -> /home/kevin/test/lib/pygments/lexers/maxima.py (2715 bytes)
2026-02-12 01:53:38,480 - DEBUG - [chan 0] open(b'/home/kevin/test/lib/pygments/lexers/maxima.py', 'wb')
2026-02-12 01:53:38,481 - DEBUG - [chan 0] open(b'/home/kevin/test/lib/pygments/lexers/maxima.py', 'wb') -> 00000000
2026-02-12 01:53:38,481 - DEBUG - Progress: 2715/2715 bytes
2026-02-12 01:53:38,481 - DEBUG - [chan 0] close(00000000)
2026-02-12 01:53:38,482 - DEBUG - [chan 0] stat(b'/home/kevin/test/lib/pygments/lexers/maxima.py')
2026-02-12 01:53:38,484 - INFO - Upload completed successfully: maxima.py
2026-02-12 01:53:38,485 - INFO - Starting upload: lib/pygments/lexers/matlab.py -> /home/kevin/test/lib/pygments/lexers/matlab.py (133027 bytes)
2026-02-12 01:53:38,487 - DEBUG - [chan 0] open(b'/home/kevin/test/lib/pygments/lexers/matlab.py', 'wb')
2026-02-12 01:53:38,487 - DEBUG - [chan 0] open(b'/home/kevin/test/lib/pygments/lexers/matlab.py', 'wb') -> 00000000
2026-02-12 01:53:38,488 - DEBUG - [chan 0] close(00000000)
2026-02-12 01:53:38,501 - DEBUG - [chan 0] stat(b'/home/kevin/test/lib/pygments/lexers/matlab.py')
2026-02-12 01:53:38,503 - INFO - Upload completed successfully: matlab.py
2026-02-12 01:53:38,503 - INFO - Starting upload: lib/pygments/lexers/math.py -> /home/kevin/test/lib/pygments/lexers/math.py (695 bytes)
2026-02-12 01:53:38,505 - DEBUG - [chan 0] open(b'/home/kevin/test/lib/pygments/lexers/math.py', 'wb')
2026-02-12 01:53:38,506 - DEBUG - [chan 0] open(b'/home/kevin/test/lib/pygments/lexers/math.py', 'wb') -> 00000000
2026-02-12 01:53:38,506 - DEBUG - Progress: 695/695 bytes
2026-02-12 01:53:38,506 - DEBUG - [chan 0] close(00000000)
2026-02-12 01:53:38,507 - DEBUG - [chan 0] stat(b'/home/kevin/test/lib/pygments/lexers/math.py')
2026-02-12 01:53:38,509 - INFO - Upload completed successfully: math.py
2026-02-12 01:53:38,509 - INFO - Starting upload: lib/pygments/lexers/markup.py -> /home/kevin/test/lib/pygments/lexers/markup.py (65088 bytes)
2026-02-12 01:53:38,511 - DEBUG - [chan 0] open(b'/home/kevin/test/lib/pygments/lexers/markup.py', 'wb')
2026-02-12 01:53:38,512 - DEBUG - [chan 0] open(b'/home/kevin/test/lib/pygments/lexers/markup.py', 'wb') -> 00000000
2026-02-12 01:53:38,512 - DEBUG - Progress: 32768/65088 bytes
2026-02-12 01:53:38,512 - DEBUG - [chan 0] close(00000000)
2026-02-12 01:53:38,520 - DEBUG - [chan 0] stat(b'/home/kevin/test/lib/pygments/lexers/markup.py')
2026-02-12 01:53:38,522 - INFO - Upload completed successfully: markup.py
2026-02-12 01:53:38,522 - INFO - Starting upload: lib/pygments/lexers/maple.py -> /home/kevin/test/lib/pygments/lexers/maple.py (7960 bytes)
2026-02-12 01:53:38,524 - DEBUG - [chan 0] open(b'/home/kevin/test/lib/pygments/lexers/maple.py', 'wb')
2026-02-12 01:53:38,525 - DEBUG - [chan 0] open(b'/home/kevin/test/lib/pygments/lexers/maple.py', 'wb') -> 00000000
2026-02-12 01:53:38,525 - DEBUG - Progress: 7960/7960 bytes
2026-02-12 01:53:38,525 - DEBUG - [chan 0] close(00000000)
2026-02-12 01:53:38,527 - DEBUG - [chan 0] stat(b'/home/kevin/test/lib/pygments/lexers/maple.py')
2026-02-12 01:53:38,529 - INFO - Upload completed successfully: maple.py
2026-02-12 01:53:38,529 - INFO - Starting upload: lib/pygments/lexers/make.py -> /home/kevin/test/lib/pygments/lexers/make.py (7831 bytes)
2026-02-12 01:53:38,531 - DEBUG - [chan 0] open(b'/home/kevin/test/lib/pygments/lexers/make.py', 'wb')
2026-02-12 01:53:38,532 - DEBUG - [chan 0] open(b'/home/kevin/test/lib/pygments/lexers/make.py', 'wb') -> 00000000
2026-02-12 01:53:38,532 - DEBUG - Progress: 7831/7831 bytes
2026-02-12 01:53:38,532 - DEBUG - [chan 0] close(00000000)
2026-02-12 01:53:38,534 - DEBUG - [chan 0] stat(b'/home/kevin/test/lib/pygments/lexers/make.py')
2026-02-12 01:53:38,536 - INFO - Upload completed successfully: make.py
2026-02-12 01:53:38,536 - INFO - Starting upload: lib/pygments/lexers/macaulay2.py -> /home/kevin/test/lib/pygments/lexers/macaulay2.py (33366 bytes)
2026-02-12 01:53:38,538 - DEBUG - [chan 0] open(b'/home/kevin/test/lib/pygments/lexers/macaulay2.py', 'wb')
2026-02-12 01:53:38,539 - DEBUG - [chan 0] open(b'/home/kevin/test/lib/pygments/lexers/macaulay2.py', 'wb') -> 00000000
2026-02-12 01:53:38,539 - DEBUG - Progress: 32768/33366 bytes
2026-02-12 01:53:38,539 - DEBUG - [chan 0] close(00000000)
2026-02-12 01:53:38,543 - DEBUG - [chan 0] stat(b'/home/kevin/test/lib/pygments/lexers/macaulay2.py')
2026-02-12 01:53:38,545 - INFO - Upload completed successfully: macaulay2.py
2026-02-12 01:53:38,545 - INFO - Starting upload: lib/pygments/lexers/lisp.py -> /home/kevin/test/lib/pygments/lexers/lisp.py (157668 bytes)
2026-02-12 01:53:38,547 - DEBUG - [chan 0] open(b'/home/kevin/test/lib/pygments/lexers/lisp.py', 'wb')
2026-02-12 01:53:38,547 - DEBUG - [chan 0] open(b'/home/kevin/test/lib/pygments/lexers/lisp.py', 'wb') -> 00000000
2026-02-12 01:53:38,548 - DEBUG - [chan 0] close(00000000)
2026-02-12 01:53:38,565 - DEBUG - [chan 0] stat(b'/home/kevin/test/lib/pygments/lexers/lisp.py')
2026-02-12 01:53:38,567 - INFO - Upload completed successfully: lisp.py
2026-02-12 01:53:38,567 - INFO - Starting upload: lib/pygments/lexers/lilypond.py -> /home/kevin/test/lib/pygments/lexers/lilypond.py (9752 bytes)
2026-02-12 01:53:38,569 - DEBUG - [chan 0] open(b'/home/kevin/test/lib/pygments/lexers/lilypond.py', 'wb')
2026-02-12 01:53:38,570 - DEBUG - [chan 0] open(b'/home/kevin/test/lib/pygments/lexers/lilypond.py', 'wb') -> 00000000
2026-02-12 01:53:38,570 - DEBUG - Progress: 9752/9752 bytes
2026-02-12 01:53:38,570 - DEBUG - [chan 0] close(00000000)
2026-02-12 01:53:38,572 - DEBUG - [chan 0] stat(b'/home/kevin/test/lib/pygments/lexers/lilypond.py')
2026-02-12 01:53:38,574 - INFO - Upload completed successfully: lilypond.py
2026-02-12 01:53:38,574 - INFO - Starting upload: lib/pygments/lexers/lean.py -> /home/kevin/test/lib/pygments/lexers/lean.py (8570 bytes)
2026-02-12 01:53:38,576 - DEBUG - [chan 0] open(b'/home/kevin/test/lib/pygments/lexers/lean.py', 'wb')
2026-02-12 01:53:38,577 - DEBUG - [chan 0] open(b'/home/kevin/test/lib/pygments/lexers/lean.py', 'wb') -> 00000000
2026-02-12 01:53:38,577 - DEBUG - Progress: 8570/8570 bytes
2026-02-12 01:53:38,577 - DEBUG - [chan 0] close(00000000)
2026-02-12 01:53:38,579 - DEBUG - [chan 0] stat(b'/home/kevin/test/lib/pygments/lexers/lean.py')
2026-02-12 01:53:38,581 - INFO - Upload completed successfully: lean.py
2026-02-12 01:53:38,581 - INFO - Starting upload: lib/pygments/lexers/ldap.py -> /home/kevin/test/lib/pygments/lexers/ldap.py (6551 bytes)
2026-02-12 01:53:38,583 - DEBUG - [chan 0] open(b'/home/kevin/test/lib/pygments/lexers/ldap.py', 'wb')
2026-02-12 01:53:38,584 - DEBUG - [chan 0] open(b'/home/kevin/test/lib/pygments/lexers/ldap.py', 'wb') -> 00000000
2026-02-12 01:53:38,584 - DEBUG - Progress: 6551/6551 bytes
2026-02-12 01:53:38,584 - DEBUG - [chan 0] close(00000000)
2026-02-12 01:53:38,585 - DEBUG - [chan 0] stat(b'/home/kevin/test/lib/pygments/lexers/ldap.py')
2026-02-12 01:53:38,587 - INFO - Upload completed successfully: ldap.py
2026-02-12 01:53:38,587 - INFO - Starting upload: lib/pygments/lexers/kusto.py -> /home/kevin/test/lib/pygments/lexers/kusto.py (3477 bytes)
2026-02-12 01:53:38,589 - DEBUG - [chan 0] open(b'/home/kevin/test/lib/pygments/lexers/kusto.py', 'wb')
2026-02-12 01:53:38,590 - DEBUG - [chan 0] open(b'/home/kevin/test/lib/pygments/lexers/kusto.py', 'wb') -> 00000000
2026-02-12 01:53:38,590 - DEBUG - Progress: 3477/3477 bytes
2026-02-12 01:53:38,590 - DEBUG - [chan 0] close(00000000)
2026-02-12 01:53:38,592 - DEBUG - [chan 0] stat(b'/home/kevin/test/lib/pygments/lexers/kusto.py')
2026-02-12 01:53:38,594 - INFO - Upload completed successfully: kusto.py
2026-02-12 01:53:38,594 - INFO - Starting upload: lib/pygments/lexers/kuin.py -> /home/kevin/test/lib/pygments/lexers/kuin.py (11405 bytes)
2026-02-12 01:53:38,596 - DEBUG - [chan 0] open(b'/home/kevin/test/lib/pygments/lexers/kuin.py', 'wb')
2026-02-12 01:53:38,596 - DEBUG - [chan 0] open(b'/home/kevin/test/lib/pygments/lexers/kuin.py', 'wb') -> 00000000
2026-02-12 01:53:38,597 - DEBUG - Progress: 11405/11405 bytes
2026-02-12 01:53:38,597 - DEBUG - [chan 0] close(00000000)
2026-02-12 01:53:38,598 - DEBUG - [chan 0] stat(b'/home/kevin/test/lib/pygments/lexers/kuin.py')
2026-02-12 01:53:38,600 - INFO - Upload completed successfully: kuin.py
2026-02-12 01:53:38,601 - INFO - Starting upload: lib/pygments/lexers/jvm.py -> /home/kevin/test/lib/pygments/lexers/jvm.py (72667 bytes)
2026-02-12 01:53:38,603 - DEBUG - [chan 0] open(b'/home/kevin/test/lib/pygments/lexers/jvm.py', 'wb')
2026-02-12 01:53:38,603 - DEBUG - [chan 0] open(b'/home/kevin/test/lib/pygments/lexers/jvm.py', 'wb') -> 00000000
2026-02-12 01:53:38,604 - DEBUG - [chan 0] close(00000000)
2026-02-12 01:53:38,613 - DEBUG - [chan 0] stat(b'/home/kevin/test/lib/pygments/lexers/jvm.py')
2026-02-12 01:53:38,615 - INFO - Upload completed successfully: jvm.py
2026-02-12 01:53:38,616 - INFO - Starting upload: lib/pygments/lexers/julia.py -> /home/kevin/test/lib/pygments/lexers/julia.py (11710 bytes)
2026-02-12 01:53:38,617 - DEBUG - [chan 0] open(b'/home/kevin/test/lib/pygments/lexers/julia.py', 'wb')
2026-02-12 01:53:38,618 - DEBUG - [chan 0] open(b'/home/kevin/test/lib/pygments/lexers/julia.py', 'wb') -> 00000000
2026-02-12 01:53:38,618 - DEBUG - Progress: 11710/11710 bytes
2026-02-12 01:53:38,618 - DEBUG - [chan 0] close(00000000)
2026-02-12 01:53:38,621 - DEBUG - [chan 0] stat(b'/home/kevin/test/lib/pygments/lexers/julia.py')
2026-02-12 01:53:38,622 - INFO - Upload completed successfully: julia.py
2026-02-12 01:53:38,623 - INFO - Starting upload: lib/pygments/lexers/jsx.py -> /home/kevin/test/lib/pygments/lexers/jsx.py (2693 bytes)
2026-02-12 01:53:38,624 - DEBUG - [chan 0] open(b'/home/kevin/test/lib/pygments/lexers/jsx.py', 'wb')
2026-02-12 01:53:38,625 - DEBUG - [chan 0] open(b'/home/kevin/test/lib/pygments/lexers/jsx.py', 'wb') -> 00000000
2026-02-12 01:53:38,625 - DEBUG - Progress: 2693/2693 bytes
2026-02-12 01:53:38,625 - DEBUG - [chan 0] close(00000000)
2026-02-12 01:53:38,627 - DEBUG - [chan 0] stat(b'/home/kevin/test/lib/pygments/lexers/jsx.py')
2026-02-12 01:53:38,628 - INFO - Upload completed successfully: jsx.py
2026-02-12 01:53:38,628 - INFO - Starting upload: lib/pygments/lexers/jsonnet.py -> /home/kevin/test/lib/pygments/lexers/jsonnet.py (5636 bytes)
2026-02-12 01:53:38,630 - DEBUG - [chan 0] open(b'/home/kevin/test/lib/pygments/lexers/jsonnet.py', 'wb')
2026-02-12 01:53:38,631 - DEBUG - [chan 0] open(b'/home/kevin/test/lib/pygments/lexers/jsonnet.py', 'wb') -> 00000000
2026-02-12 01:53:38,631 - DEBUG - Progress: 5636/5636 bytes
2026-02-12 01:53:38,631 - DEBUG - [chan 0] close(00000000)
2026-02-12 01:53:38,632 - DEBUG - [chan 0] stat(b'/home/kevin/test/lib/pygments/lexers/jsonnet.py')
2026-02-12 01:53:38,634 - INFO - Upload completed successfully: jsonnet.py
2026-02-12 01:53:38,634 - INFO - Starting upload: lib/pygments/lexers/json5.py -> /home/kevin/test/lib/pygments/lexers/json5.py (2502 bytes)
2026-02-12 01:53:38,636 - DEBUG - [chan 0] open(b'/home/kevin/test/lib/pygments/lexers/json5.py', 'wb')
2026-02-12 01:53:38,637 - DEBUG - [chan 0] open(b'/home/kevin/test/lib/pygments/lexers/json5.py', 'wb') -> 00000000
2026-02-12 01:53:38,637 - DEBUG - Progress: 2502/2502 bytes
2026-02-12 01:53:38,637 - DEBUG - [chan 0] close(00000000)
2026-02-12 01:53:38,638 - DEBUG - [chan 0] stat(b'/home/kevin/test/lib/pygments/lexers/json5.py')
2026-02-12 01:53:38,641 - INFO - Upload completed successfully: json5.py
2026-02-12 01:53:38,641 - INFO - Starting upload: lib/pygments/lexers/jslt.py -> /home/kevin/test/lib/pygments/lexers/jslt.py (3700 bytes)
2026-02-12 01:53:38,643 - DEBUG - [chan 0] open(b'/home/kevin/test/lib/pygments/lexers/jslt.py', 'wb')
2026-02-12 01:53:38,643 - DEBUG - [chan 0] open(b'/home/kevin/test/lib/pygments/lexers/jslt.py', 'wb') -> 00000000
2026-02-12 01:53:38,643 - DEBUG - Progress: 3700/3700 bytes
2026-02-12 01:53:38,643 - DEBUG - [chan 0] close(00000000)
2026-02-12 01:53:38,645 - DEBUG - [chan 0] stat(b'/home/kevin/test/lib/pygments/lexers/jslt.py')
2026-02-12 01:53:38,647 - INFO - Upload completed successfully: jslt.py
2026-02-12 01:53:38,647 - INFO - Starting upload: lib/pygments/lexers/jmespath.py -> /home/kevin/test/lib/pygments/lexers/jmespath.py (2082 bytes)
2026-02-12 01:53:38,649 - DEBUG - [chan 0] open(b'/home/kevin/test/lib/pygments/lexers/jmespath.py', 'wb')
2026-02-12 01:53:38,650 - DEBUG - [chan 0] open(b'/home/kevin/test/lib/pygments/lexers/jmespath.py', 'wb') -> 00000000
2026-02-12 01:53:38,650 - DEBUG - Progress: 2082/2082 bytes
2026-02-12 01:53:38,650 - DEBUG - [chan 0] close(00000000)
2026-02-12 01:53:38,651 - DEBUG - [chan 0] stat(b'/home/kevin/test/lib/pygments/lexers/jmespath.py')
2026-02-12 01:53:38,653 - INFO - Upload completed successfully: jmespath.py
2026-02-12 01:53:38,653 - INFO - Starting upload: lib/pygments/lexers/javascript.py -> /home/kevin/test/lib/pygments/lexers/javascript.py (63243 bytes)
2026-02-12 01:53:38,654 - DEBUG - [chan 0] open(b'/home/kevin/test/lib/pygments/lexers/javascript.py', 'wb')
2026-02-12 01:53:38,655 - DEBUG - [chan 0] open(b'/home/kevin/test/lib/pygments/lexers/javascript.py', 'wb') -> 00000000
2026-02-12 01:53:38,655 - DEBUG - Progress: 32768/63243 bytes
2026-02-12 01:53:38,655 - DEBUG - [chan 0] close(00000000)
2026-02-12 01:53:38,664 - DEBUG - [chan 0] stat(b'/home/kevin/test/lib/pygments/lexers/javascript.py')
2026-02-12 01:53:38,666 - INFO - Upload completed successfully: javascript.py
2026-02-12 01:53:38,666 - INFO - Starting upload: lib/pygments/lexers/j.py -> /home/kevin/test/lib/pygments/lexers/j.py (4853 bytes)
2026-02-12 01:53:38,667 - DEBUG - [chan 0] open(b'/home/kevin/test/lib/pygments/lexers/j.py', 'wb')
2026-02-12 01:53:38,668 - DEBUG - [chan 0] open(b'/home/kevin/test/lib/pygments/lexers/j.py', 'wb') -> 00000000
2026-02-12 01:53:38,668 - DEBUG - Progress: 4853/4853 bytes
2026-02-12 01:53:38,668 - DEBUG - [chan 0] close(00000000)
2026-02-12 01:53:38,669 - DEBUG - [chan 0] stat(b'/home/kevin/test/lib/pygments/lexers/j.py')
2026-02-12 01:53:38,672 - INFO - Upload completed successfully: j.py
2026-02-12 01:53:38,672 - INFO - Starting upload: lib/pygments/lexers/iolang.py -> /home/kevin/test/lib/pygments/lexers/iolang.py (1905 bytes)
2026-02-12 01:53:38,674 - DEBUG - [chan 0] open(b'/home/kevin/test/lib/pygments/lexers/iolang.py', 'wb')
2026-02-12 01:53:38,675 - DEBUG - [chan 0] open(b'/home/kevin/test/lib/pygments/lexers/iolang.py', 'wb') -> 00000000
2026-02-12 01:53:38,675 - DEBUG - Progress: 1905/1905 bytes
2026-02-12 01:53:38,675 - DEBUG - [chan 0] close(00000000)
2026-02-12 01:53:38,676 - DEBUG - [chan 0] stat(b'/home/kevin/test/lib/pygments/lexers/iolang.py')
2026-02-12 01:53:38,678 - INFO - Upload completed successfully: iolang.py
2026-02-12 01:53:38,678 - INFO - Starting upload: lib/pygments/lexers/int_fiction.py -> /home/kevin/test/lib/pygments/lexers/int_fiction.py (56544 bytes)
2026-02-12 01:53:38,680 - DEBUG - [chan 0] open(b'/home/kevin/test/lib/pygments/lexers/int_fiction.py', 'wb')
2026-02-12 01:53:38,681 - DEBUG - [chan 0] open(b'/home/kevin/test/lib/pygments/lexers/int_fiction.py', 'wb') -> 00000000
2026-02-12 01:53:38,681 - DEBUG - Progress: 32768/56544 bytes
2026-02-12 01:53:38,681 - DEBUG - [chan 0] close(00000000)
2026-02-12 01:53:38,688 - DEBUG - [chan 0] stat(b'/home/kevin/test/lib/pygments/lexers/int_fiction.py')
2026-02-12 01:53:38,690 - INFO - Upload completed successfully: int_fiction.py
2026-02-12 01:53:38,690 - INFO - Starting upload: lib/pygments/lexers/installers.py -> /home/kevin/test/lib/pygments/lexers/installers.py (14435 bytes)
2026-02-12 01:53:38,692 - DEBUG - [chan 0] open(b'/home/kevin/test/lib/pygments/lexers/installers.py', 'wb')
2026-02-12 01:53:38,692 - DEBUG - [chan 0] open(b'/home/kevin/test/lib/pygments/lexers/installers.py', 'wb') -> 00000000
2026-02-12 01:53:38,692 - DEBUG - Progress: 14435/14435 bytes
2026-02-12 01:53:38,693 - DEBUG - [chan 0] close(00000000)
2026-02-12 01:53:38,695 - DEBUG - [chan 0] stat(b'/home/kevin/test/lib/pygments/lexers/installers.py')
2026-02-12 01:53:38,696 - INFO - Upload completed successfully: installers.py
2026-02-12 01:53:38,696 - INFO - Starting upload: lib/pygments/lexers/inferno.py -> /home/kevin/test/lib/pygments/lexers/inferno.py (3135 bytes)
2026-02-12 01:53:38,699 - DEBUG - [chan 0] open(b'/home/kevin/test/lib/pygments/lexers/inferno.py', 'wb')
2026-02-12 01:53:38,699 - DEBUG - [chan 0] open(b'/home/kevin/test/lib/pygments/lexers/inferno.py', 'wb') -> 00000000
2026-02-12 01:53:38,699 - DEBUG - Progress: 3135/3135 bytes
2026-02-12 01:53:38,699 - DEBUG - [chan 0] close(00000000)
2026-02-12 01:53:38,701 - DEBUG - [chan 0] stat(b'/home/kevin/test/lib/pygments/lexers/inferno.py')
2026-02-12 01:53:38,703 - INFO - Upload completed successfully: inferno.py
2026-02-12 01:53:38,703 - INFO - Starting upload: lib/pygments/lexers/igor.py -> /home/kevin/test/lib/pygments/lexers/igor.py (31633 bytes)
2026-02-12 01:53:38,704 - DEBUG - [chan 0] open(b'/home/kevin/test/lib/pygments/lexers/igor.py', 'wb')
2026-02-12 01:53:38,705 - DEBUG - [chan 0] open(b'/home/kevin/test/lib/pygments/lexers/igor.py', 'wb') -> 00000000
2026-02-12 01:53:38,705 - DEBUG - Progress: 31633/31633 bytes
2026-02-12 01:53:38,705 - DEBUG - [chan 0] close(00000000)
2026-02-12 01:53:38,709 - DEBUG - [chan 0] stat(b'/home/kevin/test/lib/pygments/lexers/igor.py')
2026-02-12 01:53:38,711 - INFO - Upload completed successfully: igor.py
2026-02-12 01:53:38,711 - INFO - Starting upload: lib/pygments/lexers/idl.py -> /home/kevin/test/lib/pygments/lexers/idl.py (15449 bytes)
2026-02-12 01:53:38,713 - DEBUG - [chan 0] open(b'/home/kevin/test/lib/pygments/lexers/idl.py', 'wb')
2026-02-12 01:53:38,714 - DEBUG - [chan 0] open(b'/home/kevin/test/lib/pygments/lexers/idl.py', 'wb') -> 00000000
2026-02-12 01:53:38,714 - DEBUG - Progress: 15449/15449 bytes
2026-02-12 01:53:38,714 - DEBUG - [chan 0] close(00000000)
2026-02-12 01:53:38,716 - DEBUG - [chan 0] stat(b'/home/kevin/test/lib/pygments/lexers/idl.py')
2026-02-12 01:53:38,718 - INFO - Upload completed successfully: idl.py
2026-02-12 01:53:38,719 - INFO - Starting upload: lib/pygments/lexers/html.py -> /home/kevin/test/lib/pygments/lexers/html.py (21977 bytes)
2026-02-12 01:53:38,721 - DEBUG - [chan 0] open(b'/home/kevin/test/lib/pygments/lexers/html.py', 'wb')
2026-02-12 01:53:38,721 - DEBUG - [chan 0] open(b'/home/kevin/test/lib/pygments/lexers/html.py', 'wb') -> 00000000
2026-02-12 01:53:38,721 - DEBUG - Progress: 21977/21977 bytes
2026-02-12 01:53:38,721 - DEBUG - [chan 0] close(00000000)
2026-02-12 01:53:38,724 - DEBUG - [chan 0] stat(b'/home/kevin/test/lib/pygments/lexers/html.py')
2026-02-12 01:53:38,727 - INFO - Upload completed successfully: html.py
2026-02-12 01:53:38,727 - INFO - Starting upload: lib/pygments/lexers/hexdump.py -> /home/kevin/test/lib/pygments/lexers/hexdump.py (3653 bytes)
2026-02-12 01:53:38,729 - DEBUG - [chan 0] open(b'/home/kevin/test/lib/pygments/lexers/hexdump.py', 'wb')
2026-02-12 01:53:38,729 - DEBUG - [chan 0] open(b'/home/kevin/test/lib/pygments/lexers/hexdump.py', 'wb') -> 00000000
2026-02-12 01:53:38,730 - DEBUG - Progress: 3653/3653 bytes
2026-02-12 01:53:38,730 - DEBUG - [chan 0] close(00000000)
2026-02-12 01:53:38,731 - DEBUG - [chan 0] stat(b'/home/kevin/test/lib/pygments/lexers/hexdump.py')
2026-02-12 01:53:38,733 - INFO - Upload completed successfully: hexdump.py
2026-02-12 01:53:38,733 - INFO - Starting upload: lib/pygments/lexers/hdl.py -> /home/kevin/test/lib/pygments/lexers/hdl.py (22738 bytes)
2026-02-12 01:53:38,735 - DEBUG - [chan 0] open(b'/home/kevin/test/lib/pygments/lexers/hdl.py', 'wb')
2026-02-12 01:53:38,735 - DEBUG - [chan 0] open(b'/home/kevin/test/lib/pygments/lexers/hdl.py', 'wb') -> 00000000
2026-02-12 01:53:38,735 - DEBUG - Progress: 22738/22738 bytes
2026-02-12 01:53:38,735 - DEBUG - [chan 0] close(00000000)
2026-02-12 01:53:38,738 - DEBUG - [chan 0] stat(b'/home/kevin/test/lib/pygments/lexers/hdl.py')
2026-02-12 01:53:38,740 - INFO - Upload completed successfully: hdl.py
2026-02-12 01:53:38,741 - INFO - Starting upload: lib/pygments/lexers/haxe.py -> /home/kevin/test/lib/pygments/lexers/haxe.py (30974 bytes)
2026-02-12 01:53:38,742 - DEBUG - [chan 0] open(b'/home/kevin/test/lib/pygments/lexers/haxe.py', 'wb')
2026-02-12 01:53:38,743 - DEBUG - [chan 0] open(b'/home/kevin/test/lib/pygments/lexers/haxe.py', 'wb') -> 00000000
2026-02-12 01:53:38,743 - DEBUG - Progress: 30974/30974 bytes
2026-02-12 01:53:38,743 - DEBUG - [chan 0] close(00000000)
2026-02-12 01:53:38,747 - DEBUG - [chan 0] stat(b'/home/kevin/test/lib/pygments/lexers/haxe.py')
2026-02-12 01:53:38,749 - INFO - Upload completed successfully: haxe.py
2026-02-12 01:53:38,749 - INFO - Starting upload: lib/pygments/lexers/haskell.py -> /home/kevin/test/lib/pygments/lexers/haskell.py (33262 bytes)
2026-02-12 01:53:38,751 - DEBUG - [chan 0] open(b'/home/kevin/test/lib/pygments/lexers/haskell.py', 'wb')
2026-02-12 01:53:38,752 - DEBUG - [chan 0] open(b'/home/kevin/test/lib/pygments/lexers/haskell.py', 'wb') -> 00000000
2026-02-12 01:53:38,752 - DEBUG - Progress: 32768/33262 bytes
2026-02-12 01:53:38,752 - DEBUG - [chan 0] close(00000000)
2026-02-12 01:53:38,757 - DEBUG - [chan 0] stat(b'/home/kevin/test/lib/pygments/lexers/haskell.py')
2026-02-12 01:53:38,760 - INFO - Upload completed successfully: haskell.py
2026-02-12 01:53:38,760 - INFO - Starting upload: lib/pygments/lexers/hare.py -> /home/kevin/test/lib/pygments/lexers/hare.py (2649 bytes)
2026-02-12 01:53:38,762 - DEBUG - [chan 0] open(b'/home/kevin/test/lib/pygments/lexers/hare.py', 'wb')
2026-02-12 01:53:38,762 - DEBUG - [chan 0] open(b'/home/kevin/test/lib/pygments/lexers/hare.py', 'wb') -> 00000000
2026-02-12 01:53:38,763 - DEBUG - Progress: 2649/2649 bytes
2026-02-12 01:53:38,763 - DEBUG - [chan 0] close(00000000)
2026-02-12 01:53:38,764 - DEBUG - [chan 0] stat(b'/home/kevin/test/lib/pygments/lexers/hare.py')
2026-02-12 01:53:38,766 - INFO - Upload completed successfully: hare.py
2026-02-12 01:53:38,766 - INFO - Starting upload: lib/pygments/lexers/gsql.py -> /home/kevin/test/lib/pygments/lexers/gsql.py (3990 bytes)
2026-02-12 01:53:38,768 - DEBUG - [chan 0] open(b'/home/kevin/test/lib/pygments/lexers/gsql.py', 'wb')
2026-02-12 01:53:38,768 - DEBUG - [chan 0] open(b'/home/kevin/test/lib/pygments/lexers/gsql.py', 'wb') -> 00000000
2026-02-12 01:53:38,768 - DEBUG - Progress: 3990/3990 bytes
2026-02-12 01:53:38,769 - DEBUG - [chan 0] close(00000000)
2026-02-12 01:53:38,770 - DEBUG - [chan 0] stat(b'/home/kevin/test/lib/pygments/lexers/gsql.py')
2026-02-12 01:53:38,771 - INFO - Upload completed successfully: gsql.py
2026-02-12 01:53:38,772 - INFO - Starting upload: lib/pygments/lexers/graphviz.py -> /home/kevin/test/lib/pygments/lexers/graphviz.py (1934 bytes)
2026-02-12 01:53:38,774 - DEBUG - [chan 0] open(b'/home/kevin/test/lib/pygments/lexers/graphviz.py', 'wb')
2026-02-12 01:53:38,774 - DEBUG - [chan 0] open(b'/home/kevin/test/lib/pygments/lexers/graphviz.py', 'wb') -> 00000000
2026-02-12 01:53:38,774 - DEBUG - Progress: 1934/1934 bytes
2026-02-12 01:53:38,774 - DEBUG - [chan 0] close(00000000)
2026-02-12 01:53:38,776 - DEBUG - [chan 0] stat(b'/home/kevin/test/lib/pygments/lexers/graphviz.py')
2026-02-12 01:53:38,778 - INFO - Upload completed successfully: graphviz.py
2026-02-12 01:53:38,778 - INFO - Starting upload: lib/pygments/lexers/graphql.py -> /home/kevin/test/lib/pygments/lexers/graphql.py (5601 bytes)
2026-02-12 01:53:38,780 - DEBUG - [chan 0] open(b'/home/kevin/test/lib/pygments/lexers/graphql.py', 'wb')
2026-02-12 01:53:38,781 - DEBUG - [chan 0] open(b'/home/kevin/test/lib/pygments/lexers/graphql.py', 'wb') -> 00000000
2026-02-12 01:53:38,781 - DEBUG - Progress: 5601/5601 bytes
2026-02-12 01:53:38,781 - DEBUG - [chan 0] close(00000000)
2026-02-12 01:53:38,782 - DEBUG - [chan 0] stat(b'/home/kevin/test/lib/pygments/lexers/graphql.py')
2026-02-12 01:53:38,784 - INFO - Upload completed successfully: graphql.py
2026-02-12 01:53:38,784 - INFO - Starting upload: lib/pygments/lexers/graphics.py -> /home/kevin/test/lib/pygments/lexers/graphics.py (39145 bytes)
2026-02-12 01:53:38,786 - DEBUG - [chan 0] open(b'/home/kevin/test/lib/pygments/lexers/graphics.py', 'wb')
2026-02-12 01:53:38,787 - DEBUG - [chan 0] open(b'/home/kevin/test/lib/pygments/lexers/graphics.py', 'wb') -> 00000000
2026-02-12 01:53:38,787 - DEBUG - Progress: 32768/39145 bytes
2026-02-12 01:53:38,787 - DEBUG - [chan 0] close(00000000)
2026-02-12 01:53:38,791 - DEBUG - [chan 0] stat(b'/home/kevin/test/lib/pygments/lexers/graphics.py')
2026-02-12 01:53:38,794 - INFO - Upload completed successfully: graphics.py
2026-02-12 01:53:38,794 - INFO - Starting upload: lib/pygments/lexers/graph.py -> /home/kevin/test/lib/pygments/lexers/graph.py (4108 bytes)
2026-02-12 01:53:38,796 - DEBUG - [chan 0] open(b'/home/kevin/test/lib/pygments/lexers/graph.py', 'wb')
2026-02-12 01:53:38,797 - DEBUG - [chan 0] open(b'/home/kevin/test/lib/pygments/lexers/graph.py', 'wb') -> 00000000
2026-02-12 01:53:38,797 - DEBUG - Progress: 4108/4108 bytes
2026-02-12 01:53:38,797 - DEBUG - [chan 0] close(00000000)
2026-02-12 01:53:38,798 - DEBUG - [chan 0] stat(b'/home/kevin/test/lib/pygments/lexers/graph.py')
2026-02-12 01:53:38,800 - INFO - Upload completed successfully: graph.py
2026-02-12 01:53:38,800 - INFO - Starting upload: lib/pygments/lexers/grammar_notation.py -> /home/kevin/test/lib/pygments/lexers/grammar_notation.py (8043 bytes)
2026-02-12 01:53:38,802 - DEBUG - [chan 0] open(b'/home/kevin/test/lib/pygments/lexers/grammar_notation.py', 'wb')
2026-02-12 01:53:38,802 - DEBUG - [chan 0] open(b'/home/kevin/test/lib/pygments/lexers/grammar_notation.py', 'wb') -> 00000000
2026-02-12 01:53:38,803 - DEBUG - Progress: 8043/8043 bytes
2026-02-12 01:53:38,803 - DEBUG - [chan 0] close(00000000)
2026-02-12 01:53:38,804 - DEBUG - [chan 0] stat(b'/home/kevin/test/lib/pygments/lexers/grammar_notation.py')
2026-02-12 01:53:38,807 - INFO - Upload completed successfully: grammar_notation.py
2026-02-12 01:53:38,807 - INFO - Starting upload: lib/pygments/lexers/go.py -> /home/kevin/test/lib/pygments/lexers/go.py (3783 bytes)
2026-02-12 01:53:38,809 - DEBUG - [chan 0] open(b'/home/kevin/test/lib/pygments/lexers/go.py', 'wb')
2026-02-12 01:53:38,810 - DEBUG - [chan 0] open(b'/home/kevin/test/lib/pygments/lexers/go.py', 'wb') -> 00000000
2026-02-12 01:53:38,810 - DEBUG - Progress: 3783/3783 bytes
2026-02-12 01:53:38,810 - DEBUG - [chan 0] close(00000000)
2026-02-12 01:53:38,811 - DEBUG - [chan 0] stat(b'/home/kevin/test/lib/pygments/lexers/go.py')
2026-02-12 01:53:38,813 - INFO - Upload completed successfully: go.py
2026-02-12 01:53:38,814 - INFO - Starting upload: lib/pygments/lexers/gleam.py -> /home/kevin/test/lib/pygments/lexers/gleam.py (2392 bytes)
2026-02-12 01:53:38,815 - DEBUG - [chan 0] open(b'/home/kevin/test/lib/pygments/lexers/gleam.py', 'wb')
2026-02-12 01:53:38,816 - DEBUG - [chan 0] open(b'/home/kevin/test/lib/pygments/lexers/gleam.py', 'wb') -> 00000000
2026-02-12 01:53:38,816 - DEBUG - Progress: 2392/2392 bytes
2026-02-12 01:53:38,816 - DEBUG - [chan 0] close(00000000)
2026-02-12 01:53:38,818 - DEBUG - [chan 0] stat(b'/home/kevin/test/lib/pygments/lexers/gleam.py')
2026-02-12 01:53:38,820 - INFO - Upload completed successfully: gleam.py
2026-02-12 01:53:38,820 - INFO - Starting upload: lib/pygments/lexers/gdscript.py -> /home/kevin/test/lib/pygments/lexers/gdscript.py (7566 bytes)
2026-02-12 01:53:38,822 - DEBUG - [chan 0] open(b'/home/kevin/test/lib/pygments/lexers/gdscript.py', 'wb')
2026-02-12 01:53:38,823 - DEBUG - [chan 0] open(b'/home/kevin/test/lib/pygments/lexers/gdscript.py', 'wb') -> 00000000
2026-02-12 01:53:38,823 - DEBUG - Progress: 7566/7566 bytes
2026-02-12 01:53:38,823 - DEBUG - [chan 0] close(00000000)
2026-02-12 01:53:38,825 - DEBUG - [chan 0] stat(b'/home/kevin/test/lib/pygments/lexers/gdscript.py')
2026-02-12 01:53:38,827 - INFO - Upload completed successfully: gdscript.py
2026-02-12 01:53:38,827 - INFO - Starting upload: lib/pygments/lexers/gcodelexer.py -> /home/kevin/test/lib/pygments/lexers/gcodelexer.py (874 bytes)
2026-02-12 01:53:38,829 - DEBUG - [chan 0] open(b'/home/kevin/test/lib/pygments/lexers/gcodelexer.py', 'wb')
2026-02-12 01:53:38,830 - DEBUG - [chan 0] open(b'/home/kevin/test/lib/pygments/lexers/gcodelexer.py', 'wb') -> 00000000
2026-02-12 01:53:38,830 - DEBUG - Progress: 874/874 bytes
2026-02-12 01:53:38,830 - DEBUG - [chan 0] close(00000000)
2026-02-12 01:53:38,831 - DEBUG - [chan 0] stat(b'/home/kevin/test/lib/pygments/lexers/gcodelexer.py')
2026-02-12 01:53:38,833 - INFO - Upload completed successfully: gcodelexer.py
2026-02-12 01:53:38,833 - INFO - Starting upload: lib/pygments/lexers/futhark.py -> /home/kevin/test/lib/pygments/lexers/futhark.py (3743 bytes)
2026-02-12 01:53:38,835 - DEBUG - [chan 0] open(b'/home/kevin/test/lib/pygments/lexers/futhark.py', 'wb')
2026-02-12 01:53:38,836 - DEBUG - [chan 0] open(b'/home/kevin/test/lib/pygments/lexers/futhark.py', 'wb') -> 00000000
2026-02-12 01:53:38,836 - DEBUG - Progress: 3743/3743 bytes
2026-02-12 01:53:38,836 - DEBUG - [chan 0] close(00000000)
2026-02-12 01:53:38,837 - DEBUG - [chan 0] stat(b'/home/kevin/test/lib/pygments/lexers/futhark.py')
2026-02-12 01:53:38,839 - INFO - Upload completed successfully: futhark.py
2026-02-12 01:53:38,839 - INFO - Starting upload: lib/pygments/lexers/functional.py -> /home/kevin/test/lib/pygments/lexers/functional.py (693 bytes)
2026-02-12 01:53:38,841 - DEBUG - [chan 0] open(b'/home/kevin/test/lib/pygments/lexers/functional.py', 'wb')
2026-02-12 01:53:38,842 - DEBUG - [chan 0] open(b'/home/kevin/test/lib/pygments/lexers/functional.py', 'wb') -> 00000000
2026-02-12 01:53:38,842 - DEBUG - Progress: 693/693 bytes
2026-02-12 01:53:38,842 - DEBUG - [chan 0] close(00000000)
2026-02-12 01:53:38,843 - DEBUG - [chan 0] stat(b'/home/kevin/test/lib/pygments/lexers/functional.py')
2026-02-12 01:53:38,844 - INFO - Upload completed successfully: functional.py
2026-02-12 01:53:38,844 - INFO - Starting upload: lib/pygments/lexers/func.py -> /home/kevin/test/lib/pygments/lexers/func.py (3700 bytes)
2026-02-12 01:53:38,846 - DEBUG - [chan 0] open(b'/home/kevin/test/lib/pygments/lexers/func.py', 'wb')
2026-02-12 01:53:38,846 - DEBUG - [chan 0] open(b'/home/kevin/test/lib/pygments/lexers/func.py', 'wb') -> 00000000
2026-02-12 01:53:38,847 - DEBUG - Progress: 3700/3700 bytes
2026-02-12 01:53:38,847 - DEBUG - [chan 0] close(00000000)
2026-02-12 01:53:38,848 - DEBUG - [chan 0] stat(b'/home/kevin/test/lib/pygments/lexers/func.py')
2026-02-12 01:53:38,850 - INFO - Upload completed successfully: func.py
2026-02-12 01:53:38,850 - INFO - Starting upload: lib/pygments/lexers/freefem.py -> /home/kevin/test/lib/pygments/lexers/freefem.py (26913 bytes)
2026-02-12 01:53:38,851 - DEBUG - [chan 0] open(b'/home/kevin/test/lib/pygments/lexers/freefem.py', 'wb')
2026-02-12 01:53:38,852 - DEBUG - [chan 0] open(b'/home/kevin/test/lib/pygments/lexers/freefem.py', 'wb') -> 00000000
2026-02-12 01:53:38,852 - DEBUG - Progress: 26913/26913 bytes
2026-02-12 01:53:38,852 - DEBUG - [chan 0] close(00000000)
2026-02-12 01:53:38,856 - DEBUG - [chan 0] stat(b'/home/kevin/test/lib/pygments/lexers/freefem.py')
2026-02-12 01:53:38,857 - INFO - Upload completed successfully: freefem.py
2026-02-12 01:53:38,857 - INFO - Starting upload: lib/pygments/lexers/foxpro.py -> /home/kevin/test/lib/pygments/lexers/foxpro.py (26295 bytes)
2026-02-12 01:53:38,859 - DEBUG - [chan 0] open(b'/home/kevin/test/lib/pygments/lexers/foxpro.py', 'wb')
2026-02-12 01:53:38,859 - DEBUG - [chan 0] open(b'/home/kevin/test/lib/pygments/lexers/foxpro.py', 'wb') -> 00000000
2026-02-12 01:53:38,859 - DEBUG - Progress: 26295/26295 bytes
2026-02-12 01:53:38,860 - DEBUG - [chan 0] close(00000000)
2026-02-12 01:53:38,863 - DEBUG - [chan 0] stat(b'/home/kevin/test/lib/pygments/lexers/foxpro.py')
2026-02-12 01:53:38,865 - INFO - Upload completed successfully: foxpro.py
2026-02-12 01:53:38,865 - INFO - Starting upload: lib/pygments/lexers/fortran.py -> /home/kevin/test/lib/pygments/lexers/fortran.py (10382 bytes)
2026-02-12 01:53:38,866 - DEBUG - [chan 0] open(b'/home/kevin/test/lib/pygments/lexers/fortran.py', 'wb')
2026-02-12 01:53:38,867 - DEBUG - [chan 0] open(b'/home/kevin/test/lib/pygments/lexers/fortran.py', 'wb') -> 00000000
2026-02-12 01:53:38,867 - DEBUG - Progress: 10382/10382 bytes
2026-02-12 01:53:38,867 - DEBUG - [chan 0] close(00000000)
2026-02-12 01:53:38,869 - DEBUG - [chan 0] stat(b'/home/kevin/test/lib/pygments/lexers/fortran.py')
2026-02-12 01:53:38,871 - INFO - Upload completed successfully: fortran.py
2026-02-12 01:53:38,871 - INFO - Starting upload: lib/pygments/lexers/forth.py -> /home/kevin/test/lib/pygments/lexers/forth.py (7193 bytes)
2026-02-12 01:53:38,872 - DEBUG - [chan 0] open(b'/home/kevin/test/lib/pygments/lexers/forth.py', 'wb')
2026-02-12 01:53:38,873 - DEBUG - [chan 0] open(b'/home/kevin/test/lib/pygments/lexers/forth.py', 'wb') -> 00000000
2026-02-12 01:53:38,873 - DEBUG - Progress: 7193/7193 bytes
2026-02-12 01:53:38,873 - DEBUG - [chan 0] close(00000000)
2026-02-12 01:53:38,875 - DEBUG - [chan 0] stat(b'/home/kevin/test/lib/pygments/lexers/forth.py')
2026-02-12 01:53:38,877 - INFO - Upload completed successfully: forth.py
2026-02-12 01:53:38,877 - INFO - Starting upload: lib/pygments/lexers/floscript.py -> /home/kevin/test/lib/pygments/lexers/floscript.py (2667 bytes)
2026-02-12 01:53:38,878 - DEBUG - [chan 0] open(b'/home/kevin/test/lib/pygments/lexers/floscript.py', 'wb')
2026-02-12 01:53:38,879 - DEBUG - [chan 0] open(b'/home/kevin/test/lib/pygments/lexers/floscript.py', 'wb') -> 00000000
2026-02-12 01:53:38,879 - DEBUG - Progress: 2667/2667 bytes
2026-02-12 01:53:38,879 - DEBUG - [chan 0] close(00000000)
2026-02-12 01:53:38,880 - DEBUG - [chan 0] stat(b'/home/kevin/test/lib/pygments/lexers/floscript.py')
2026-02-12 01:53:38,882 - INFO - Upload completed successfully: floscript.py
2026-02-12 01:53:38,882 - INFO - Starting upload: lib/pygments/lexers/fift.py -> /home/kevin/test/lib/pygments/lexers/fift.py (1644 bytes)
2026-02-12 01:53:38,884 - DEBUG - [chan 0] open(b'/home/kevin/test/lib/pygments/lexers/fift.py', 'wb')
2026-02-12 01:53:38,884 - DEBUG - [chan 0] open(b'/home/kevin/test/lib/pygments/lexers/fift.py', 'wb') -> 00000000
2026-02-12 01:53:38,884 - DEBUG - Progress: 1644/1644 bytes
2026-02-12 01:53:38,884 - DEBUG - [chan 0] close(00000000)
2026-02-12 01:53:38,885 - DEBUG - [chan 0] stat(b'/home/kevin/test/lib/pygments/lexers/fift.py')
2026-02-12 01:53:38,887 - INFO - Upload completed successfully: fift.py
2026-02-12 01:53:38,887 - INFO - Starting upload: lib/pygments/lexers/felix.py -> /home/kevin/test/lib/pygments/lexers/felix.py (9655 bytes)
2026-02-12 01:53:38,888 - DEBUG - [chan 0] open(b'/home/kevin/test/lib/pygments/lexers/felix.py', 'wb')
2026-02-12 01:53:38,889 - DEBUG - [chan 0] open(b'/home/kevin/test/lib/pygments/lexers/felix.py', 'wb') -> 00000000
2026-02-12 01:53:38,889 - DEBUG - Progress: 9655/9655 bytes
2026-02-12 01:53:38,889 - DEBUG - [chan 0] close(00000000)
2026-02-12 01:53:38,891 - DEBUG - [chan 0] stat(b'/home/kevin/test/lib/pygments/lexers/felix.py')
2026-02-12 01:53:38,893 - INFO - Upload completed successfully: felix.py
2026-02-12 01:53:38,893 - INFO - Starting upload: lib/pygments/lexers/fantom.py -> /home/kevin/test/lib/pygments/lexers/fantom.py (10231 bytes)
2026-02-12 01:53:38,894 - DEBUG - [chan 0] open(b'/home/kevin/test/lib/pygments/lexers/fantom.py', 'wb')
2026-02-12 01:53:38,895 - DEBUG - [chan 0] open(b'/home/kevin/test/lib/pygments/lexers/fantom.py', 'wb') -> 00000000
2026-02-12 01:53:38,895 - DEBUG - Progress: 10231/10231 bytes
2026-02-12 01:53:38,895 - DEBUG - [chan 0] close(00000000)
2026-02-12 01:53:38,897 - DEBUG - [chan 0] stat(b'/home/kevin/test/lib/pygments/lexers/fantom.py')
2026-02-12 01:53:38,899 - INFO - Upload completed successfully: fantom.py
2026-02-12 01:53:38,899 - INFO - Starting upload: lib/pygments/lexers/factor.py -> /home/kevin/test/lib/pygments/lexers/factor.py (19530 bytes)
2026-02-12 01:53:38,900 - DEBUG - [chan 0] open(b'/home/kevin/test/lib/pygments/lexers/factor.py', 'wb')
2026-02-12 01:53:38,901 - DEBUG - [chan 0] open(b'/home/kevin/test/lib/pygments/lexers/factor.py', 'wb') -> 00000000
2026-02-12 01:53:38,901 - DEBUG - Progress: 19530/19530 bytes
2026-02-12 01:53:38,901 - DEBUG - [chan 0] close(00000000)
2026-02-12 01:53:38,904 - DEBUG - [chan 0] stat(b'/home/kevin/test/lib/pygments/lexers/factor.py')
2026-02-12 01:53:38,905 - INFO - Upload completed successfully: factor.py
2026-02-12 01:53:38,905 - INFO - Starting upload: lib/pygments/lexers/ezhil.py -> /home/kevin/test/lib/pygments/lexers/ezhil.py (3272 bytes)
2026-02-12 01:53:38,907 - DEBUG - [chan 0] open(b'/home/kevin/test/lib/pygments/lexers/ezhil.py', 'wb')
2026-02-12 01:53:38,907 - DEBUG - [chan 0] open(b'/home/kevin/test/lib/pygments/lexers/ezhil.py', 'wb') -> 00000000
2026-02-12 01:53:38,908 - DEBUG - Progress: 3272/3272 bytes
2026-02-12 01:53:38,908 - DEBUG - [chan 0] close(00000000)
2026-02-12 01:53:38,909 - DEBUG - [chan 0] stat(b'/home/kevin/test/lib/pygments/lexers/ezhil.py')
2026-02-12 01:53:38,911 - INFO - Upload completed successfully: ezhil.py
2026-02-12 01:53:38,911 - INFO - Starting upload: lib/pygments/lexers/esoteric.py -> /home/kevin/test/lib/pygments/lexers/esoteric.py (10500 bytes)
2026-02-12 01:53:38,912 - DEBUG - [chan 0] open(b'/home/kevin/test/lib/pygments/lexers/esoteric.py', 'wb')
2026-02-12 01:53:38,913 - DEBUG - [chan 0] open(b'/home/kevin/test/lib/pygments/lexers/esoteric.py', 'wb') -> 00000000
2026-02-12 01:53:38,913 - DEBUG - Progress: 10500/10500 bytes
2026-02-12 01:53:38,913 - DEBUG - [chan 0] close(00000000)
2026-02-12 01:53:38,915 - DEBUG - [chan 0] stat(b'/home/kevin/test/lib/pygments/lexers/esoteric.py')
2026-02-12 01:53:38,916 - INFO - Upload completed successfully: esoteric.py
2026-02-12 01:53:38,917 - INFO - Starting upload: lib/pygments/lexers/erlang.py -> /home/kevin/test/lib/pygments/lexers/erlang.py (19147 bytes)
2026-02-12 01:53:38,918 - DEBUG - [chan 0] open(b'/home/kevin/test/lib/pygments/lexers/erlang.py', 'wb')
2026-02-12 01:53:38,919 - DEBUG - [chan 0] open(b'/home/kevin/test/lib/pygments/lexers/erlang.py', 'wb') -> 00000000
2026-02-12 01:53:38,919 - DEBUG - Progress: 19147/19147 bytes
2026-02-12 01:53:38,919 - DEBUG - [chan 0] close(00000000)
2026-02-12 01:53:38,923 - DEBUG - [chan 0] stat(b'/home/kevin/test/lib/pygments/lexers/erlang.py')
2026-02-12 01:53:38,925 - INFO - Upload completed successfully: erlang.py
2026-02-12 01:53:38,925 - INFO - Starting upload: lib/pygments/lexers/email.py -> /home/kevin/test/lib/pygments/lexers/email.py (4804 bytes)
2026-02-12 01:53:38,926 - DEBUG - [chan 0] open(b'/home/kevin/test/lib/pygments/lexers/email.py', 'wb')
2026-02-12 01:53:38,927 - DEBUG - [chan 0] open(b'/home/kevin/test/lib/pygments/lexers/email.py', 'wb') -> 00000000
2026-02-12 01:53:38,927 - DEBUG - Progress: 4804/4804 bytes
2026-02-12 01:53:38,927 - DEBUG - [chan 0] close(00000000)
2026-02-12 01:53:38,929 - DEBUG - [chan 0] stat(b'/home/kevin/test/lib/pygments/lexers/email.py')
2026-02-12 01:53:38,931 - INFO - Upload completed successfully: email.py
2026-02-12 01:53:38,931 - INFO - Starting upload: lib/pygments/lexers/elpi.py -> /home/kevin/test/lib/pygments/lexers/elpi.py (6877 bytes)
2026-02-12 01:53:38,933 - DEBUG - [chan 0] open(b'/home/kevin/test/lib/pygments/lexers/elpi.py', 'wb')
2026-02-12 01:53:38,934 - DEBUG - [chan 0] open(b'/home/kevin/test/lib/pygments/lexers/elpi.py', 'wb') -> 00000000
2026-02-12 01:53:38,934 - DEBUG - Progress: 6877/6877 bytes
2026-02-12 01:53:38,934 - DEBUG - [chan 0] close(00000000)
2026-02-12 01:53:38,935 - DEBUG - [chan 0] stat(b'/home/kevin/test/lib/pygments/lexers/elpi.py')
2026-02-12 01:53:38,937 - INFO - Upload completed successfully: elpi.py
2026-02-12 01:53:38,938 - INFO - Starting upload: lib/pygments/lexers/elm.py -> /home/kevin/test/lib/pygments/lexers/elm.py (3152 bytes)
2026-02-12 01:53:38,940 - DEBUG - [chan 0] open(b'/home/kevin/test/lib/pygments/lexers/elm.py', 'wb')
2026-02-12 01:53:38,941 - DEBUG - [chan 0] open(b'/home/kevin/test/lib/pygments/lexers/elm.py', 'wb') -> 00000000
2026-02-12 01:53:38,941 - DEBUG - Progress: 3152/3152 bytes
2026-02-12 01:53:38,941 - DEBUG - [chan 0] close(00000000)
2026-02-12 01:53:38,942 - DEBUG - [chan 0] stat(b'/home/kevin/test/lib/pygments/lexers/elm.py')
2026-02-12 01:53:38,944 - INFO - Upload completed successfully: elm.py
2026-02-12 01:53:38,944 - INFO - Starting upload: lib/pygments/lexers/eiffel.py -> /home/kevin/test/lib/pygments/lexers/eiffel.py (2690 bytes)
2026-02-12 01:53:38,946 - DEBUG - [chan 0] open(b'/home/kevin/test/lib/pygments/lexers/eiffel.py', 'wb')
2026-02-12 01:53:38,947 - DEBUG - [chan 0] open(b'/home/kevin/test/lib/pygments/lexers/eiffel.py', 'wb') -> 00000000
2026-02-12 01:53:38,947 - DEBUG - Progress: 2690/2690 bytes
2026-02-12 01:53:38,947 - DEBUG - [chan 0] close(00000000)
2026-02-12 01:53:38,949 - DEBUG - [chan 0] stat(b'/home/kevin/test/lib/pygments/lexers/eiffel.py')
2026-02-12 01:53:38,951 - INFO - Upload completed successfully: eiffel.py
2026-02-12 01:53:38,951 - INFO - Starting upload: lib/pygments/lexers/ecl.py -> /home/kevin/test/lib/pygments/lexers/ecl.py (6371 bytes)
2026-02-12 01:53:38,954 - DEBUG - [chan 0] open(b'/home/kevin/test/lib/pygments/lexers/ecl.py', 'wb')
2026-02-12 01:53:38,954 - DEBUG - [chan 0] open(b'/home/kevin/test/lib/pygments/lexers/ecl.py', 'wb') -> 00000000
2026-02-12 01:53:38,955 - DEBUG - Progress: 6371/6371 bytes
2026-02-12 01:53:38,955 - DEBUG - [chan 0] close(00000000)
2026-02-12 01:53:38,956 - DEBUG - [chan 0] stat(b'/home/kevin/test/lib/pygments/lexers/ecl.py')
2026-02-12 01:53:38,958 - INFO - Upload completed successfully: ecl.py
2026-02-12 01:53:38,958 - INFO - Starting upload: lib/pygments/lexers/dylan.py -> /home/kevin/test/lib/pygments/lexers/dylan.py (10409 bytes)
2026-02-12 01:53:38,960 - DEBUG - [chan 0] open(b'/home/kevin/test/lib/pygments/lexers/dylan.py', 'wb')
2026-02-12 01:53:38,961 - DEBUG - [chan 0] open(b'/home/kevin/test/lib/pygments/lexers/dylan.py', 'wb') -> 00000000
2026-02-12 01:53:38,961 - DEBUG - Progress: 10409/10409 bytes
2026-02-12 01:53:38,961 - DEBUG - [chan 0] close(00000000)
2026-02-12 01:53:38,963 - DEBUG - [chan 0] stat(b'/home/kevin/test/lib/pygments/lexers/dylan.py')
2026-02-12 01:53:38,965 - INFO - Upload completed successfully: dylan.py
2026-02-12 01:53:38,966 - INFO - Starting upload: lib/pygments/lexers/dsls.py -> /home/kevin/test/lib/pygments/lexers/dsls.py (36746 bytes)
2026-02-12 01:53:38,968 - DEBUG - [chan 0] open(b'/home/kevin/test/lib/pygments/lexers/dsls.py', 'wb')
2026-02-12 01:53:38,969 - DEBUG - [chan 0] open(b'/home/kevin/test/lib/pygments/lexers/dsls.py', 'wb') -> 00000000
2026-02-12 01:53:38,969 - DEBUG - Progress: 32768/36746 bytes
2026-02-12 01:53:38,970 - DEBUG - [chan 0] close(00000000)
2026-02-12 01:53:38,974 - DEBUG - [chan 0] stat(b'/home/kevin/test/lib/pygments/lexers/dsls.py')
2026-02-12 01:53:38,975 - INFO - Upload completed successfully: dsls.py
2026-02-12 01:53:38,976 - INFO - Starting upload: lib/pygments/lexers/dotnet.py -> /home/kevin/test/lib/pygments/lexers/dotnet.py (39441 bytes)
2026-02-12 01:53:38,977 - DEBUG - [chan 0] open(b'/home/kevin/test/lib/pygments/lexers/dotnet.py', 'wb')
2026-02-12 01:53:38,978 - DEBUG - [chan 0] open(b'/home/kevin/test/lib/pygments/lexers/dotnet.py', 'wb') -> 00000000
2026-02-12 01:53:38,978 - DEBUG - Progress: 32768/39441 bytes
2026-02-12 01:53:38,978 - DEBUG - [chan 0] close(00000000)
2026-02-12 01:53:38,982 - DEBUG - [chan 0] stat(b'/home/kevin/test/lib/pygments/lexers/dotnet.py')
2026-02-12 01:53:38,984 - INFO - Upload completed successfully: dotnet.py
2026-02-12 01:53:38,984 - INFO - Starting upload: lib/pygments/lexers/dns.py -> /home/kevin/test/lib/pygments/lexers/dns.py (3891 bytes)
2026-02-12 01:53:38,985 - DEBUG - [chan 0] open(b'/home/kevin/test/lib/pygments/lexers/dns.py', 'wb')
2026-02-12 01:53:38,986 - DEBUG - [chan 0] open(b'/home/kevin/test/lib/pygments/lexers/dns.py', 'wb') -> 00000000
2026-02-12 01:53:38,986 - DEBUG - Progress: 3891/3891 bytes
2026-02-12 01:53:38,986 - DEBUG - [chan 0] close(00000000)
2026-02-12 01:53:38,988 - DEBUG - [chan 0] stat(b'/home/kevin/test/lib/pygments/lexers/dns.py')
2026-02-12 01:53:38,989 - INFO - Upload completed successfully: dns.py
2026-02-12 01:53:38,989 - INFO - Starting upload: lib/pygments/lexers/diff.py -> /home/kevin/test/lib/pygments/lexers/diff.py (5382 bytes)
2026-02-12 01:53:38,991 - DEBUG - [chan 0] open(b'/home/kevin/test/lib/pygments/lexers/diff.py', 'wb')
2026-02-12 01:53:38,992 - DEBUG - [chan 0] open(b'/home/kevin/test/lib/pygments/lexers/diff.py', 'wb') -> 00000000
2026-02-12 01:53:38,992 - DEBUG - Progress: 5382/5382 bytes
2026-02-12 01:53:38,992 - DEBUG - [chan 0] close(00000000)
2026-02-12 01:53:38,993 - DEBUG - [chan 0] stat(b'/home/kevin/test/lib/pygments/lexers/diff.py')
2026-02-12 01:53:38,996 - INFO - Upload completed successfully: diff.py
2026-02-12 01:53:38,997 - INFO - Starting upload: lib/pygments/lexers/devicetree.py -> /home/kevin/test/lib/pygments/lexers/devicetree.py (4019 bytes)
2026-02-12 01:53:39,000 - DEBUG - [chan 0] open(b'/home/kevin/test/lib/pygments/lexers/devicetree.py', 'wb')
2026-02-12 01:53:39,001 - DEBUG - [chan 0] open(b'/home/kevin/test/lib/pygments/lexers/devicetree.py', 'wb') -> 00000000
2026-02-12 01:53:39,001 - DEBUG - Progress: 4019/4019 bytes
2026-02-12 01:53:39,001 - DEBUG - [chan 0] close(00000000)
2026-02-12 01:53:39,003 - DEBUG - [chan 0] stat(b'/home/kevin/test/lib/pygments/lexers/devicetree.py')
2026-02-12 01:53:39,006 - INFO - Upload completed successfully: devicetree.py
2026-02-12 01:53:39,006 - INFO - Starting upload: lib/pygments/lexers/dax.py -> /home/kevin/test/lib/pygments/lexers/dax.py (8098 bytes)
2026-02-12 01:53:39,010 - DEBUG - [chan 0] open(b'/home/kevin/test/lib/pygments/lexers/dax.py', 'wb')
2026-02-12 01:53:39,011 - DEBUG - [chan 0] open(b'/home/kevin/test/lib/pygments/lexers/dax.py', 'wb') -> 00000000
2026-02-12 01:53:39,011 - DEBUG - Progress: 8098/8098 bytes
2026-02-12 01:53:39,011 - DEBUG - [chan 0] close(00000000)
2026-02-12 01:53:39,013 - DEBUG - [chan 0] stat(b'/home/kevin/test/lib/pygments/lexers/dax.py')
2026-02-12 01:53:39,017 - INFO - Upload completed successfully: dax.py
2026-02-12 01:53:39,017 - INFO - Starting upload: lib/pygments/lexers/data.py -> /home/kevin/test/lib/pygments/lexers/data.py (27026 bytes)
2026-02-12 01:53:39,019 - DEBUG - [chan 0] open(b'/home/kevin/test/lib/pygments/lexers/data.py', 'wb')
2026-02-12 01:53:39,020 - DEBUG - [chan 0] open(b'/home/kevin/test/lib/pygments/lexers/data.py', 'wb') -> 00000000
2026-02-12 01:53:39,020 - DEBUG - Progress: 27026/27026 bytes
2026-02-12 01:53:39,020 - DEBUG - [chan 0] close(00000000)
2026-02-12 01:53:39,024 - DEBUG - [chan 0] stat(b'/home/kevin/test/lib/pygments/lexers/data.py')
2026-02-12 01:53:39,025 - INFO - Upload completed successfully: data.py
2026-02-12 01:53:39,026 - INFO - Starting upload: lib/pygments/lexers/dalvik.py -> /home/kevin/test/lib/pygments/lexers/dalvik.py (4606 bytes)
2026-02-12 01:53:39,027 - DEBUG - [chan 0] open(b'/home/kevin/test/lib/pygments/lexers/dalvik.py', 'wb')
2026-02-12 01:53:39,028 - DEBUG - [chan 0] open(b'/home/kevin/test/lib/pygments/lexers/dalvik.py', 'wb') -> 00000000
2026-02-12 01:53:39,028 - DEBUG - Progress: 4606/4606 bytes
2026-02-12 01:53:39,028 - DEBUG - [chan 0] close(00000000)
2026-02-12 01:53:39,029 - DEBUG - [chan 0] stat(b'/home/kevin/test/lib/pygments/lexers/dalvik.py')
2026-02-12 01:53:39,031 - INFO - Upload completed successfully: dalvik.py
2026-02-12 01:53:39,031 - INFO - Starting upload: lib/pygments/lexers/d.py -> /home/kevin/test/lib/pygments/lexers/d.py (9920 bytes)
2026-02-12 01:53:39,032 - DEBUG - [chan 0] open(b'/home/kevin/test/lib/pygments/lexers/d.py', 'wb')
2026-02-12 01:53:39,033 - DEBUG - [chan 0] open(b'/home/kevin/test/lib/pygments/lexers/d.py', 'wb') -> 00000000
2026-02-12 01:53:39,033 - DEBUG - Progress: 9920/9920 bytes
2026-02-12 01:53:39,033 - DEBUG - [chan 0] close(00000000)
2026-02-12 01:53:39,035 - DEBUG - [chan 0] stat(b'/home/kevin/test/lib/pygments/lexers/d.py')
2026-02-12 01:53:39,037 - INFO - Upload completed successfully: d.py
2026-02-12 01:53:39,037 - INFO - Starting upload: lib/pygments/lexers/css.py -> /home/kevin/test/lib/pygments/lexers/css.py (25376 bytes)
2026-02-12 01:53:39,038 - DEBUG - [chan 0] open(b'/home/kevin/test/lib/pygments/lexers/css.py', 'wb')
2026-02-12 01:53:39,039 - DEBUG - [chan 0] open(b'/home/kevin/test/lib/pygments/lexers/css.py', 'wb') -> 00000000
2026-02-12 01:53:39,039 - DEBUG - Progress: 25376/25376 bytes
2026-02-12 01:53:39,039 - DEBUG - [chan 0] close(00000000)
2026-02-12 01:53:39,043 - DEBUG - [chan 0] stat(b'/home/kevin/test/lib/pygments/lexers/css.py')
2026-02-12 01:53:39,045 - INFO - Upload completed successfully: css.py
2026-02-12 01:53:39,045 - INFO - Starting upload: lib/pygments/lexers/csound.py -> /home/kevin/test/lib/pygments/lexers/csound.py (16998 bytes)
2026-02-12 01:53:39,046 - DEBUG - [chan 0] open(b'/home/kevin/test/lib/pygments/lexers/csound.py', 'wb')
2026-02-12 01:53:39,047 - DEBUG - [chan 0] open(b'/home/kevin/test/lib/pygments/lexers/csound.py', 'wb') -> 00000000
2026-02-12 01:53:39,047 - DEBUG - Progress: 16998/16998 bytes
2026-02-12 01:53:39,047 - DEBUG - [chan 0] close(00000000)
2026-02-12 01:53:39,050 - DEBUG - [chan 0] stat(b'/home/kevin/test/lib/pygments/lexers/csound.py')
2026-02-12 01:53:39,051 - INFO - Upload completed successfully: csound.py
2026-02-12 01:53:39,052 - INFO - Starting upload: lib/pygments/lexers/crystal.py -> /home/kevin/test/lib/pygments/lexers/crystal.py (15754 bytes)
2026-02-12 01:53:39,053 - DEBUG - [chan 0] open(b'/home/kevin/test/lib/pygments/lexers/crystal.py', 'wb')
2026-02-12 01:53:39,054 - DEBUG - [chan 0] open(b'/home/kevin/test/lib/pygments/lexers/crystal.py', 'wb') -> 00000000
2026-02-12 01:53:39,054 - DEBUG - Progress: 15754/15754 bytes
2026-02-12 01:53:39,054 - DEBUG - [chan 0] close(00000000)
2026-02-12 01:53:39,056 - DEBUG - [chan 0] stat(b'/home/kevin/test/lib/pygments/lexers/crystal.py')
2026-02-12 01:53:39,057 - INFO - Upload completed successfully: crystal.py
2026-02-12 01:53:39,057 - INFO - Starting upload: lib/pygments/lexers/cplint.py -> /home/kevin/test/lib/pygments/lexers/cplint.py (1389 bytes)
2026-02-12 01:53:39,059 - DEBUG - [chan 0] open(b'/home/kevin/test/lib/pygments/lexers/cplint.py', 'wb')
2026-02-12 01:53:39,059 - DEBUG - [chan 0] open(b'/home/kevin/test/lib/pygments/lexers/cplint.py', 'wb') -> 00000000
2026-02-12 01:53:39,060 - DEBUG - Progress: 1389/1389 bytes
2026-02-12 01:53:39,060 - DEBUG - [chan 0] close(00000000)
2026-02-12 01:53:39,061 - DEBUG - [chan 0] stat(b'/home/kevin/test/lib/pygments/lexers/cplint.py')
2026-02-12 01:53:39,062 - INFO - Upload completed successfully: cplint.py
2026-02-12 01:53:39,062 - INFO - Starting upload: lib/pygments/lexers/console.py -> /home/kevin/test/lib/pygments/lexers/console.py (4180 bytes)
2026-02-12 01:53:39,064 - DEBUG - [chan 0] open(b'/home/kevin/test/lib/pygments/lexers/console.py', 'wb')
2026-02-12 01:53:39,065 - DEBUG - [chan 0] open(b'/home/kevin/test/lib/pygments/lexers/console.py', 'wb') -> 00000000
2026-02-12 01:53:39,065 - DEBUG - Progress: 4180/4180 bytes
2026-02-12 01:53:39,065 - DEBUG - [chan 0] close(00000000)
2026-02-12 01:53:39,066 - DEBUG - [chan 0] stat(b'/home/kevin/test/lib/pygments/lexers/console.py')
2026-02-12 01:53:39,068 - INFO - Upload completed successfully: console.py
2026-02-12 01:53:39,068 - INFO - Starting upload: lib/pygments/lexers/configs.py -> /home/kevin/test/lib/pygments/lexers/configs.py (50913 bytes)
2026-02-12 01:53:39,069 - DEBUG - [chan 0] open(b'/home/kevin/test/lib/pygments/lexers/configs.py', 'wb')
2026-02-12 01:53:39,070 - DEBUG - [chan 0] open(b'/home/kevin/test/lib/pygments/lexers/configs.py', 'wb') -> 00000000
2026-02-12 01:53:39,070 - DEBUG - Progress: 32768/50913 bytes
2026-02-12 01:53:39,071 - DEBUG - [chan 0] close(00000000)
2026-02-12 01:53:39,079 - DEBUG - [chan 0] stat(b'/home/kevin/test/lib/pygments/lexers/configs.py')
2026-02-12 01:53:39,081 - INFO - Upload completed successfully: configs.py
2026-02-12 01:53:39,081 - INFO - Starting upload: lib/pygments/lexers/compiled.py -> /home/kevin/test/lib/pygments/lexers/compiled.py (1426 bytes)
2026-02-12 01:53:39,083 - DEBUG - [chan 0] open(b'/home/kevin/test/lib/pygments/lexers/compiled.py', 'wb')
2026-02-12 01:53:39,084 - DEBUG - [chan 0] open(b'/home/kevin/test/lib/pygments/lexers/compiled.py', 'wb') -> 00000000
2026-02-12 01:53:39,084 - DEBUG - Progress: 1426/1426 bytes
2026-02-12 01:53:39,084 - DEBUG - [chan 0] close(00000000)
2026-02-12 01:53:39,085 - DEBUG - [chan 0] stat(b'/home/kevin/test/lib/pygments/lexers/compiled.py')
2026-02-12 01:53:39,087 - INFO - Upload completed successfully: compiled.py
2026-02-12 01:53:39,087 - INFO - Starting upload: lib/pygments/lexers/comal.py -> /home/kevin/test/lib/pygments/lexers/comal.py (3179 bytes)
2026-02-12 01:53:39,089 - DEBUG - [chan 0] open(b'/home/kevin/test/lib/pygments/lexers/comal.py', 'wb')
2026-02-12 01:53:39,090 - DEBUG - [chan 0] open(b'/home/kevin/test/lib/pygments/lexers/comal.py', 'wb') -> 00000000
2026-02-12 01:53:39,090 - DEBUG - Progress: 3179/3179 bytes
2026-02-12 01:53:39,090 - DEBUG - [chan 0] close(00000000)
2026-02-12 01:53:39,092 - DEBUG - [chan 0] stat(b'/home/kevin/test/lib/pygments/lexers/comal.py')
2026-02-12 01:53:39,094 - INFO - Upload completed successfully: comal.py
2026-02-12 01:53:39,094 - INFO - Starting upload: lib/pygments/lexers/codeql.py -> /home/kevin/test/lib/pygments/lexers/codeql.py (2576 bytes)
2026-02-12 01:53:39,096 - DEBUG - [chan 0] open(b'/home/kevin/test/lib/pygments/lexers/codeql.py', 'wb')
2026-02-12 01:53:39,096 - DEBUG - [chan 0] open(b'/home/kevin/test/lib/pygments/lexers/codeql.py', 'wb') -> 00000000
2026-02-12 01:53:39,097 - DEBUG - Progress: 2576/2576 bytes
2026-02-12 01:53:39,097 - DEBUG - [chan 0] close(00000000)
2026-02-12 01:53:39,098 - DEBUG - [chan 0] stat(b'/home/kevin/test/lib/pygments/lexers/codeql.py')
2026-02-12 01:53:39,100 - INFO - Upload completed successfully: codeql.py
2026-02-12 01:53:39,100 - INFO - Starting upload: lib/pygments/lexers/clean.py -> /home/kevin/test/lib/pygments/lexers/clean.py (6418 bytes)
2026-02-12 01:53:39,102 - DEBUG - [chan 0] open(b'/home/kevin/test/lib/pygments/lexers/clean.py', 'wb')
2026-02-12 01:53:39,103 - DEBUG - [chan 0] open(b'/home/kevin/test/lib/pygments/lexers/clean.py', 'wb') -> 00000000
2026-02-12 01:53:39,103 - DEBUG - Progress: 6418/6418 bytes
2026-02-12 01:53:39,103 - DEBUG - [chan 0] close(00000000)
2026-02-12 01:53:39,104 - DEBUG - [chan 0] stat(b'/home/kevin/test/lib/pygments/lexers/clean.py')
2026-02-12 01:53:39,106 - INFO - Upload completed successfully: clean.py
2026-02-12 01:53:39,107 - INFO - Starting upload: lib/pygments/lexers/chapel.py -> /home/kevin/test/lib/pygments/lexers/chapel.py (5156 bytes)
2026-02-12 01:53:39,109 - DEBUG - [chan 0] open(b'/home/kevin/test/lib/pygments/lexers/chapel.py', 'wb')
2026-02-12 01:53:39,109 - DEBUG - [chan 0] open(b'/home/kevin/test/lib/pygments/lexers/chapel.py', 'wb') -> 00000000
2026-02-12 01:53:39,109 - DEBUG - Progress: 5156/5156 bytes
2026-02-12 01:53:39,110 - DEBUG - [chan 0] close(00000000)
2026-02-12 01:53:39,111 - DEBUG - [chan 0] stat(b'/home/kevin/test/lib/pygments/lexers/chapel.py')
2026-02-12 01:53:39,113 - INFO - Upload completed successfully: chapel.py
2026-02-12 01:53:39,113 - INFO - Starting upload: lib/pygments/lexers/cddl.py -> /home/kevin/test/lib/pygments/lexers/cddl.py (5076 bytes)
2026-02-12 01:53:39,115 - DEBUG - [chan 0] open(b'/home/kevin/test/lib/pygments/lexers/cddl.py', 'wb')
2026-02-12 01:53:39,116 - DEBUG - [chan 0] open(b'/home/kevin/test/lib/pygments/lexers/cddl.py', 'wb') -> 00000000
2026-02-12 01:53:39,116 - DEBUG - Progress: 5076/5076 bytes
2026-02-12 01:53:39,116 - DEBUG - [chan 0] close(00000000)
2026-02-12 01:53:39,117 - DEBUG - [chan 0] stat(b'/home/kevin/test/lib/pygments/lexers/cddl.py')
2026-02-12 01:53:39,119 - INFO - Upload completed successfully: cddl.py
2026-02-12 01:53:39,120 - INFO - Starting upload: lib/pygments/lexers/carbon.py -> /home/kevin/test/lib/pygments/lexers/carbon.py (3211 bytes)
2026-02-12 01:53:39,122 - DEBUG - [chan 0] open(b'/home/kevin/test/lib/pygments/lexers/carbon.py', 'wb')
2026-02-12 01:53:39,122 - DEBUG - [chan 0] open(b'/home/kevin/test/lib/pygments/lexers/carbon.py', 'wb') -> 00000000
2026-02-12 01:53:39,122 - DEBUG - Progress: 3211/3211 bytes
2026-02-12 01:53:39,123 - DEBUG - [chan 0] close(00000000)
2026-02-12 01:53:39,124 - DEBUG - [chan 0] stat(b'/home/kevin/test/lib/pygments/lexers/carbon.py')
2026-02-12 01:53:39,126 - INFO - Upload completed successfully: carbon.py
2026-02-12 01:53:39,126 - INFO - Starting upload: lib/pygments/lexers/capnproto.py -> /home/kevin/test/lib/pygments/lexers/capnproto.py (2174 bytes)
2026-02-12 01:53:39,128 - DEBUG - [chan 0] open(b'/home/kevin/test/lib/pygments/lexers/capnproto.py', 'wb')
2026-02-12 01:53:39,129 - DEBUG - [chan 0] open(b'/home/kevin/test/lib/pygments/lexers/capnproto.py', 'wb') -> 00000000
2026-02-12 01:53:39,129 - DEBUG - Progress: 2174/2174 bytes
2026-02-12 01:53:39,129 - DEBUG - [chan 0] close(00000000)
2026-02-12 01:53:39,130 - DEBUG - [chan 0] stat(b'/home/kevin/test/lib/pygments/lexers/capnproto.py')
2026-02-12 01:53:39,133 - INFO - Upload completed successfully: capnproto.py
2026-02-12 01:53:39,133 - INFO - Starting upload: lib/pygments/lexers/c_like.py -> /home/kevin/test/lib/pygments/lexers/c_like.py (32021 bytes)
2026-02-12 01:53:39,134 - DEBUG - [chan 0] open(b'/home/kevin/test/lib/pygments/lexers/c_like.py', 'wb')
2026-02-12 01:53:39,135 - DEBUG - [chan 0] open(b'/home/kevin/test/lib/pygments/lexers/c_like.py', 'wb') -> 00000000
2026-02-12 01:53:39,135 - DEBUG - Progress: 32021/32021 bytes
2026-02-12 01:53:39,135 - DEBUG - [chan 0] close(00000000)
2026-02-12 01:53:39,139 - DEBUG - [chan 0] stat(b'/home/kevin/test/lib/pygments/lexers/c_like.py')
2026-02-12 01:53:39,140 - INFO - Upload completed successfully: c_like.py
2026-02-12 01:53:39,141 - INFO - Starting upload: lib/pygments/lexers/c_cpp.py -> /home/kevin/test/lib/pygments/lexers/c_cpp.py (18059 bytes)
2026-02-12 01:53:39,142 - DEBUG - [chan 0] open(b'/home/kevin/test/lib/pygments/lexers/c_cpp.py', 'wb')
2026-02-12 01:53:39,143 - DEBUG - [chan 0] open(b'/home/kevin/test/lib/pygments/lexers/c_cpp.py', 'wb') -> 00000000
2026-02-12 01:53:39,143 - DEBUG - Progress: 18059/18059 bytes
2026-02-12 01:53:39,143 - DEBUG - [chan 0] close(00000000)
2026-02-12 01:53:39,147 - DEBUG - [chan 0] stat(b'/home/kevin/test/lib/pygments/lexers/c_cpp.py')
2026-02-12 01:53:39,149 - INFO - Upload completed successfully: c_cpp.py
2026-02-12 01:53:39,150 - INFO - Starting upload: lib/pygments/lexers/business.py -> /home/kevin/test/lib/pygments/lexers/business.py (28345 bytes)
2026-02-12 01:53:39,152 - DEBUG - [chan 0] open(b'/home/kevin/test/lib/pygments/lexers/business.py', 'wb')
2026-02-12 01:53:39,152 - DEBUG - [chan 0] open(b'/home/kevin/test/lib/pygments/lexers/business.py', 'wb') -> 00000000
2026-02-12 01:53:39,153 - DEBUG - Progress: 28345/28345 bytes
2026-02-12 01:53:39,153 - DEBUG - [chan 0] close(00000000)
2026-02-12 01:53:39,157 - DEBUG - [chan 0] stat(b'/home/kevin/test/lib/pygments/lexers/business.py')
2026-02-12 01:53:39,159 - INFO - Upload completed successfully: business.py
2026-02-12 01:53:39,160 - INFO - Starting upload: lib/pygments/lexers/bqn.py -> /home/kevin/test/lib/pygments/lexers/bqn.py (3671 bytes)
2026-02-12 01:53:39,162 - DEBUG - [chan 0] open(b'/home/kevin/test/lib/pygments/lexers/bqn.py', 'wb')
2026-02-12 01:53:39,163 - DEBUG - [chan 0] open(b'/home/kevin/test/lib/pygments/lexers/bqn.py', 'wb') -> 00000000
2026-02-12 01:53:39,163 - DEBUG - Progress: 3671/3671 bytes
2026-02-12 01:53:39,163 - DEBUG - [chan 0] close(00000000)
2026-02-12 01:53:39,164 - DEBUG - [chan 0] stat(b'/home/kevin/test/lib/pygments/lexers/bqn.py')
2026-02-12 01:53:39,165 - INFO - Upload completed successfully: bqn.py
2026-02-12 01:53:39,165 - INFO - Starting upload: lib/pygments/lexers/boa.py -> /home/kevin/test/lib/pygments/lexers/boa.py (3921 bytes)
2026-02-12 01:53:39,167 - DEBUG - [chan 0] open(b'/home/kevin/test/lib/pygments/lexers/boa.py', 'wb')
2026-02-12 01:53:39,167 - DEBUG - [chan 0] open(b'/home/kevin/test/lib/pygments/lexers/boa.py', 'wb') -> 00000000
2026-02-12 01:53:39,168 - DEBUG - Progress: 3921/3921 bytes
2026-02-12 01:53:39,168 - DEBUG - [chan 0] close(00000000)
2026-02-12 01:53:39,169 - DEBUG - [chan 0] stat(b'/home/kevin/test/lib/pygments/lexers/boa.py')
2026-02-12 01:53:39,171 - INFO - Upload completed successfully: boa.py
2026-02-12 01:53:39,171 - INFO - Starting upload: lib/pygments/lexers/blueprint.py -> /home/kevin/test/lib/pygments/lexers/blueprint.py (6188 bytes)
2026-02-12 01:53:39,172 - DEBUG - [chan 0] open(b'/home/kevin/test/lib/pygments/lexers/blueprint.py', 'wb')
2026-02-12 01:53:39,173 - DEBUG - [chan 0] open(b'/home/kevin/test/lib/pygments/lexers/blueprint.py', 'wb') -> 00000000
2026-02-12 01:53:39,173 - DEBUG - Progress: 6188/6188 bytes
2026-02-12 01:53:39,173 - DEBUG - [chan 0] close(00000000)
2026-02-12 01:53:39,174 - DEBUG - [chan 0] stat(b'/home/kevin/test/lib/pygments/lexers/blueprint.py')
2026-02-12 01:53:39,176 - INFO - Upload completed successfully: blueprint.py
2026-02-12 01:53:39,176 - INFO - Starting upload: lib/pygments/lexers/bibtex.py -> /home/kevin/test/lib/pygments/lexers/bibtex.py (4811 bytes)
2026-02-12 01:53:39,178 - DEBUG - [chan 0] open(b'/home/kevin/test/lib/pygments/lexers/bibtex.py', 'wb')
2026-02-12 01:53:39,179 - DEBUG - [chan 0] open(b'/home/kevin/test/lib/pygments/lexers/bibtex.py', 'wb') -> 00000000
2026-02-12 01:53:39,179 - DEBUG - Progress: 4811/4811 bytes
2026-02-12 01:53:39,179 - DEBUG - [chan 0] close(00000000)
2026-02-12 01:53:39,180 - DEBUG - [chan 0] stat(b'/home/kevin/test/lib/pygments/lexers/bibtex.py')
2026-02-12 01:53:39,182 - INFO - Upload completed successfully: bibtex.py
2026-02-12 01:53:39,183 - INFO - Starting upload: lib/pygments/lexers/berry.py -> /home/kevin/test/lib/pygments/lexers/berry.py (3209 bytes)
2026-02-12 01:53:39,184 - DEBUG - [chan 0] open(b'/home/kevin/test/lib/pygments/lexers/berry.py', 'wb')
2026-02-12 01:53:39,185 - DEBUG - [chan 0] open(b'/home/kevin/test/lib/pygments/lexers/berry.py', 'wb') -> 00000000
2026-02-12 01:53:39,185 - DEBUG - Progress: 3209/3209 bytes
2026-02-12 01:53:39,185 - DEBUG - [chan 0] close(00000000)
2026-02-12 01:53:39,186 - DEBUG - [chan 0] stat(b'/home/kevin/test/lib/pygments/lexers/berry.py')
2026-02-12 01:53:39,188 - INFO - Upload completed successfully: berry.py
2026-02-12 01:53:39,189 - INFO - Starting upload: lib/pygments/lexers/bdd.py -> /home/kevin/test/lib/pygments/lexers/bdd.py (1641 bytes)
2026-02-12 01:53:39,191 - DEBUG - [chan 0] open(b'/home/kevin/test/lib/pygments/lexers/bdd.py', 'wb')
2026-02-12 01:53:39,191 - DEBUG - [chan 0] open(b'/home/kevin/test/lib/pygments/lexers/bdd.py', 'wb') -> 00000000
2026-02-12 01:53:39,192 - DEBUG - Progress: 1641/1641 bytes
2026-02-12 01:53:39,192 - DEBUG - [chan 0] close(00000000)
2026-02-12 01:53:39,193 - DEBUG - [chan 0] stat(b'/home/kevin/test/lib/pygments/lexers/bdd.py')
2026-02-12 01:53:39,195 - INFO - Upload completed successfully: bdd.py
2026-02-12 01:53:39,195 - INFO - Starting upload: lib/pygments/lexers/basic.py -> /home/kevin/test/lib/pygments/lexers/basic.py (27989 bytes)
2026-02-12 01:53:39,197 - DEBUG - [chan 0] open(b'/home/kevin/test/lib/pygments/lexers/basic.py', 'wb')
2026-02-12 01:53:39,198 - DEBUG - [chan 0] open(b'/home/kevin/test/lib/pygments/lexers/basic.py', 'wb') -> 00000000
2026-02-12 01:53:39,198 - DEBUG - Progress: 27989/27989 bytes
2026-02-12 01:53:39,198 - DEBUG - [chan 0] close(00000000)
2026-02-12 01:53:39,202 - DEBUG - [chan 0] stat(b'/home/kevin/test/lib/pygments/lexers/basic.py')
2026-02-12 01:53:39,204 - INFO - Upload completed successfully: basic.py
2026-02-12 01:53:39,204 - INFO - Starting upload: lib/pygments/lexers/bare.py -> /home/kevin/test/lib/pygments/lexers/bare.py (3020 bytes)
2026-02-12 01:53:39,240 - DEBUG - [chan 0] open(b'/home/kevin/test/lib/pygments/lexers/bare.py', 'wb')
2026-02-12 01:53:39,241 - DEBUG - [chan 0] open(b'/home/kevin/test/lib/pygments/lexers/bare.py', 'wb') -> 00000000
2026-02-12 01:53:39,241 - DEBUG - Progress: 3020/3020 bytes
2026-02-12 01:53:39,241 - DEBUG - [chan 0] close(00000000)
2026-02-12 01:53:39,242 - DEBUG - [chan 0] stat(b'/home/kevin/test/lib/pygments/lexers/bare.py')
2026-02-12 01:53:39,244 - INFO - Upload completed successfully: bare.py
2026-02-12 01:53:39,244 - INFO - Starting upload: lib/pygments/lexers/automation.py -> /home/kevin/test/lib/pygments/lexers/automation.py (19831 bytes)
2026-02-12 01:53:39,246 - DEBUG - [chan 0] open(b'/home/kevin/test/lib/pygments/lexers/automation.py', 'wb')
2026-02-12 01:53:39,246 - DEBUG - [chan 0] open(b'/home/kevin/test/lib/pygments/lexers/automation.py', 'wb') -> 00000000
2026-02-12 01:53:39,246 - DEBUG - Progress: 19831/19831 bytes
2026-02-12 01:53:39,247 - DEBUG - [chan 0] close(00000000)
2026-02-12 01:53:39,249 - DEBUG - [chan 0] stat(b'/home/kevin/test/lib/pygments/lexers/automation.py')
2026-02-12 01:53:39,251 - INFO - Upload completed successfully: automation.py
2026-02-12 01:53:39,251 - INFO - Starting upload: lib/pygments/lexers/asn1.py -> /home/kevin/test/lib/pygments/lexers/asn1.py (4262 bytes)
2026-02-12 01:53:39,252 - DEBUG - [chan 0] open(b'/home/kevin/test/lib/pygments/lexers/asn1.py', 'wb')
2026-02-12 01:53:39,253 - DEBUG - [chan 0] open(b'/home/kevin/test/lib/pygments/lexers/asn1.py', 'wb') -> 00000000
2026-02-12 01:53:39,253 - DEBUG - Progress: 4262/4262 bytes
2026-02-12 01:53:39,253 - DEBUG - [chan 0] close(00000000)
2026-02-12 01:53:39,254 - DEBUG - [chan 0] stat(b'/home/kevin/test/lib/pygments/lexers/asn1.py')
2026-02-12 01:53:39,256 - INFO - Upload completed successfully: asn1.py
2026-02-12 01:53:39,256 - INFO - Starting upload: lib/pygments/lexers/asm.py -> /home/kevin/test/lib/pygments/lexers/asm.py (41967 bytes)
2026-02-12 01:53:39,257 - DEBUG - [chan 0] open(b'/home/kevin/test/lib/pygments/lexers/asm.py', 'wb')
2026-02-12 01:53:39,258 - DEBUG - [chan 0] open(b'/home/kevin/test/lib/pygments/lexers/asm.py', 'wb') -> 00000000
2026-02-12 01:53:39,258 - DEBUG - Progress: 32768/41967 bytes
2026-02-12 01:53:39,258 - DEBUG - [chan 0] close(00000000)
2026-02-12 01:53:39,264 - DEBUG - [chan 0] stat(b'/home/kevin/test/lib/pygments/lexers/asm.py')
2026-02-12 01:53:39,266 - INFO - Upload completed successfully: asm.py
2026-02-12 01:53:39,266 - INFO - Starting upload: lib/pygments/lexers/asc.py -> /home/kevin/test/lib/pygments/lexers/asc.py (1693 bytes)
2026-02-12 01:53:39,267 - DEBUG - [chan 0] open(b'/home/kevin/test/lib/pygments/lexers/asc.py', 'wb')
2026-02-12 01:53:39,268 - DEBUG - [chan 0] open(b'/home/kevin/test/lib/pygments/lexers/asc.py', 'wb') -> 00000000
2026-02-12 01:53:39,268 - DEBUG - Progress: 1693/1693 bytes
2026-02-12 01:53:39,268 - DEBUG - [chan 0] close(00000000)
2026-02-12 01:53:39,269 - DEBUG - [chan 0] stat(b'/home/kevin/test/lib/pygments/lexers/asc.py')
2026-02-12 01:53:39,270 - INFO - Upload completed successfully: asc.py
2026-02-12 01:53:39,270 - INFO - Starting upload: lib/pygments/lexers/arturo.py -> /home/kevin/test/lib/pygments/lexers/arturo.py (11414 bytes)
2026-02-12 01:53:39,272 - DEBUG - [chan 0] open(b'/home/kevin/test/lib/pygments/lexers/arturo.py', 'wb')
2026-02-12 01:53:39,272 - DEBUG - [chan 0] open(b'/home/kevin/test/lib/pygments/lexers/arturo.py', 'wb') -> 00000000
2026-02-12 01:53:39,272 - DEBUG - Progress: 11414/11414 bytes
2026-02-12 01:53:39,272 - DEBUG - [chan 0] close(00000000)
2026-02-12 01:53:39,274 - DEBUG - [chan 0] stat(b'/home/kevin/test/lib/pygments/lexers/arturo.py')
2026-02-12 01:53:39,276 - INFO - Upload completed successfully: arturo.py
2026-02-12 01:53:39,276 - INFO - Starting upload: lib/pygments/lexers/arrow.py -> /home/kevin/test/lib/pygments/lexers/arrow.py (3564 bytes)
2026-02-12 01:53:39,277 - DEBUG - [chan 0] open(b'/home/kevin/test/lib/pygments/lexers/arrow.py', 'wb')
2026-02-12 01:53:39,278 - DEBUG - [chan 0] open(b'/home/kevin/test/lib/pygments/lexers/arrow.py', 'wb') -> 00000000
2026-02-12 01:53:39,278 - DEBUG - Progress: 3564/3564 bytes
2026-02-12 01:53:39,278 - DEBUG - [chan 0] close(00000000)
2026-02-12 01:53:39,279 - DEBUG - [chan 0] stat(b'/home/kevin/test/lib/pygments/lexers/arrow.py')
2026-02-12 01:53:39,281 - INFO - Upload completed successfully: arrow.py
2026-02-12 01:53:39,281 - INFO - Starting upload: lib/pygments/lexers/archetype.py -> /home/kevin/test/lib/pygments/lexers/archetype.py (11538 bytes)
2026-02-12 01:53:39,283 - DEBUG - [chan 0] open(b'/home/kevin/test/lib/pygments/lexers/archetype.py', 'wb')
2026-02-12 01:53:39,284 - DEBUG - [chan 0] open(b'/home/kevin/test/lib/pygments/lexers/archetype.py', 'wb') -> 00000000
2026-02-12 01:53:39,284 - DEBUG - Progress: 11538/11538 bytes
2026-02-12 01:53:39,284 - DEBUG - [chan 0] close(00000000)
2026-02-12 01:53:39,286 - DEBUG - [chan 0] stat(b'/home/kevin/test/lib/pygments/lexers/archetype.py')
2026-02-12 01:53:39,287 - INFO - Upload completed successfully: archetype.py
2026-02-12 01:53:39,287 - INFO - Starting upload: lib/pygments/lexers/apl.py -> /home/kevin/test/lib/pygments/lexers/apl.py (3404 bytes)
2026-02-12 01:53:39,289 - DEBUG - [chan 0] open(b'/home/kevin/test/lib/pygments/lexers/apl.py', 'wb')
2026-02-12 01:53:39,289 - DEBUG - [chan 0] open(b'/home/kevin/test/lib/pygments/lexers/apl.py', 'wb') -> 00000000
2026-02-12 01:53:39,290 - DEBUG - Progress: 3404/3404 bytes
2026-02-12 01:53:39,290 - DEBUG - [chan 0] close(00000000)
2026-02-12 01:53:39,291 - DEBUG - [chan 0] stat(b'/home/kevin/test/lib/pygments/lexers/apl.py')
2026-02-12 01:53:39,292 - INFO - Upload completed successfully: apl.py
2026-02-12 01:53:39,292 - INFO - Starting upload: lib/pygments/lexers/apdlexer.py -> /home/kevin/test/lib/pygments/lexers/apdlexer.py (30800 bytes)
2026-02-12 01:53:39,294 - DEBUG - [chan 0] open(b'/home/kevin/test/lib/pygments/lexers/apdlexer.py', 'wb')
2026-02-12 01:53:39,294 - DEBUG - [chan 0] open(b'/home/kevin/test/lib/pygments/lexers/apdlexer.py', 'wb') -> 00000000
2026-02-12 01:53:39,294 - DEBUG - Progress: 30800/30800 bytes
2026-02-12 01:53:39,294 - DEBUG - [chan 0] close(00000000)
2026-02-12 01:53:39,298 - DEBUG - [chan 0] stat(b'/home/kevin/test/lib/pygments/lexers/apdlexer.py')
2026-02-12 01:53:39,300 - INFO - Upload completed successfully: apdlexer.py
2026-02-12 01:53:39,300 - INFO - Starting upload: lib/pygments/lexers/ampl.py -> /home/kevin/test/lib/pygments/lexers/ampl.py (4176 bytes)
2026-02-12 01:53:39,302 - DEBUG - [chan 0] open(b'/home/kevin/test/lib/pygments/lexers/ampl.py', 'wb')
2026-02-12 01:53:39,302 - DEBUG - [chan 0] open(b'/home/kevin/test/lib/pygments/lexers/ampl.py', 'wb') -> 00000000
2026-02-12 01:53:39,303 - DEBUG - Progress: 4176/4176 bytes
2026-02-12 01:53:39,303 - DEBUG - [chan 0] close(00000000)
2026-02-12 01:53:39,304 - DEBUG - [chan 0] stat(b'/home/kevin/test/lib/pygments/lexers/ampl.py')
2026-02-12 01:53:39,306 - INFO - Upload completed successfully: ampl.py
2026-02-12 01:53:39,306 - INFO - Starting upload: lib/pygments/lexers/amdgpu.py -> /home/kevin/test/lib/pygments/lexers/amdgpu.py (1723 bytes)
2026-02-12 01:53:39,307 - DEBUG - [chan 0] open(b'/home/kevin/test/lib/pygments/lexers/amdgpu.py', 'wb')
2026-02-12 01:53:39,308 - DEBUG - [chan 0] open(b'/home/kevin/test/lib/pygments/lexers/amdgpu.py', 'wb') -> 00000000
2026-02-12 01:53:39,308 - DEBUG - Progress: 1723/1723 bytes
2026-02-12 01:53:39,308 - DEBUG - [chan 0] close(00000000)
2026-02-12 01:53:39,309 - DEBUG - [chan 0] stat(b'/home/kevin/test/lib/pygments/lexers/amdgpu.py')
2026-02-12 01:53:39,311 - INFO - Upload completed successfully: amdgpu.py
2026-02-12 01:53:39,311 - INFO - Starting upload: lib/pygments/lexers/ambient.py -> /home/kevin/test/lib/pygments/lexers/ambient.py (2605 bytes)
2026-02-12 01:53:39,312 - DEBUG - [chan 0] open(b'/home/kevin/test/lib/pygments/lexers/ambient.py', 'wb')
2026-02-12 01:53:39,313 - DEBUG - [chan 0] open(b'/home/kevin/test/lib/pygments/lexers/ambient.py', 'wb') -> 00000000
2026-02-12 01:53:39,313 - DEBUG - Progress: 2605/2605 bytes
2026-02-12 01:53:39,313 - DEBUG - [chan 0] close(00000000)
2026-02-12 01:53:39,314 - DEBUG - [chan 0] stat(b'/home/kevin/test/lib/pygments/lexers/ambient.py')
2026-02-12 01:53:39,316 - INFO - Upload completed successfully: ambient.py
2026-02-12 01:53:39,316 - INFO - Starting upload: lib/pygments/lexers/algebra.py -> /home/kevin/test/lib/pygments/lexers/algebra.py (9952 bytes)
2026-02-12 01:53:39,318 - DEBUG - [chan 0] open(b'/home/kevin/test/lib/pygments/lexers/algebra.py', 'wb')
2026-02-12 01:53:39,318 - DEBUG - [chan 0] open(b'/home/kevin/test/lib/pygments/lexers/algebra.py', 'wb') -> 00000000
2026-02-12 01:53:39,319 - DEBUG - Progress: 9952/9952 bytes
2026-02-12 01:53:39,319 - DEBUG - [chan 0] close(00000000)
2026-02-12 01:53:39,320 - DEBUG - [chan 0] stat(b'/home/kevin/test/lib/pygments/lexers/algebra.py')
2026-02-12 01:53:39,323 - INFO - Upload completed successfully: algebra.py
2026-02-12 01:53:39,323 - INFO - Starting upload: lib/pygments/lexers/agile.py -> /home/kevin/test/lib/pygments/lexers/agile.py (896 bytes)
2026-02-12 01:53:39,324 - DEBUG - [chan 0] open(b'/home/kevin/test/lib/pygments/lexers/agile.py', 'wb')
2026-02-12 01:53:39,325 - DEBUG - [chan 0] open(b'/home/kevin/test/lib/pygments/lexers/agile.py', 'wb') -> 00000000
2026-02-12 01:53:39,325 - DEBUG - Progress: 896/896 bytes
2026-02-12 01:53:39,325 - DEBUG - [chan 0] close(00000000)
2026-02-12 01:53:39,326 - DEBUG - [chan 0] stat(b'/home/kevin/test/lib/pygments/lexers/agile.py')
2026-02-12 01:53:39,327 - INFO - Upload completed successfully: agile.py
2026-02-12 01:53:39,327 - INFO - Starting upload: lib/pygments/lexers/ada.py -> /home/kevin/test/lib/pygments/lexers/ada.py (5353 bytes)
2026-02-12 01:53:39,329 - DEBUG - [chan 0] open(b'/home/kevin/test/lib/pygments/lexers/ada.py', 'wb')
2026-02-12 01:53:39,329 - DEBUG - [chan 0] open(b'/home/kevin/test/lib/pygments/lexers/ada.py', 'wb') -> 00000000
2026-02-12 01:53:39,329 - DEBUG - Progress: 5353/5353 bytes
2026-02-12 01:53:39,329 - DEBUG - [chan 0] close(00000000)
2026-02-12 01:53:39,331 - DEBUG - [chan 0] stat(b'/home/kevin/test/lib/pygments/lexers/ada.py')
2026-02-12 01:53:39,332 - INFO - Upload completed successfully: ada.py
2026-02-12 01:53:39,332 - INFO - Starting upload: lib/pygments/lexers/actionscript.py -> /home/kevin/test/lib/pygments/lexers/actionscript.py (11727 bytes)
2026-02-12 01:53:39,334 - DEBUG - [chan 0] open(b'/home/kevin/test/lib/pygments/lexers/actionscript.py', 'wb')
2026-02-12 01:53:39,334 - DEBUG - [chan 0] open(b'/home/kevin/test/lib/pygments/lexers/actionscript.py', 'wb') -> 00000000
2026-02-12 01:53:39,334 - DEBUG - Progress: 11727/11727 bytes
2026-02-12 01:53:39,334 - DEBUG - [chan 0] close(00000000)
2026-02-12 01:53:39,336 - DEBUG - [chan 0] stat(b'/home/kevin/test/lib/pygments/lexers/actionscript.py')
2026-02-12 01:53:39,338 - INFO - Upload completed successfully: actionscript.py
2026-02-12 01:53:39,338 - INFO - Starting upload: lib/pygments/lexers/_vim_builtins.py -> /home/kevin/test/lib/pygments/lexers/_vim_builtins.py (57066 bytes)
2026-02-12 01:53:39,339 - DEBUG - [chan 0] open(b'/home/kevin/test/lib/pygments/lexers/_vim_builtins.py', 'wb')
2026-02-12 01:53:39,340 - DEBUG - [chan 0] open(b'/home/kevin/test/lib/pygments/lexers/_vim_builtins.py', 'wb') -> 00000000
2026-02-12 01:53:39,340 - DEBUG - Progress: 32768/57066 bytes
2026-02-12 01:53:39,340 - DEBUG - [chan 0] close(00000000)
2026-02-12 01:53:39,350 - DEBUG - [chan 0] stat(b'/home/kevin/test/lib/pygments/lexers/_vim_builtins.py')
2026-02-12 01:53:39,352 - INFO - Upload completed successfully: _vim_builtins.py
2026-02-12 01:53:39,353 - INFO - Starting upload: lib/pygments/lexers/_vbscript_builtins.py -> /home/kevin/test/lib/pygments/lexers/_vbscript_builtins.py (4225 bytes)
2026-02-12 01:53:39,354 - DEBUG - [chan 0] open(b'/home/kevin/test/lib/pygments/lexers/_vbscript_builtins.py', 'wb')
2026-02-12 01:53:39,355 - DEBUG - [chan 0] open(b'/home/kevin/test/lib/pygments/lexers/_vbscript_builtins.py', 'wb') -> 00000000
2026-02-12 01:53:39,355 - DEBUG - Progress: 4225/4225 bytes
2026-02-12 01:53:39,355 - DEBUG - [chan 0] close(00000000)
2026-02-12 01:53:39,357 - DEBUG - [chan 0] stat(b'/home/kevin/test/lib/pygments/lexers/_vbscript_builtins.py')
2026-02-12 01:53:39,359 - INFO - Upload completed successfully: _vbscript_builtins.py
2026-02-12 01:53:39,359 - INFO - Starting upload: lib/pygments/lexers/_usd_builtins.py -> /home/kevin/test/lib/pygments/lexers/_usd_builtins.py (1658 bytes)
2026-02-12 01:53:39,361 - DEBUG - [chan 0] open(b'/home/kevin/test/lib/pygments/lexers/_usd_builtins.py', 'wb')
2026-02-12 01:53:39,362 - DEBUG - [chan 0] open(b'/home/kevin/test/lib/pygments/lexers/_usd_builtins.py', 'wb') -> 00000000
2026-02-12 01:53:39,362 - DEBUG - Progress: 1658/1658 bytes
2026-02-12 01:53:39,362 - DEBUG - [chan 0] close(00000000)
2026-02-12 01:53:39,363 - DEBUG - [chan 0] stat(b'/home/kevin/test/lib/pygments/lexers/_usd_builtins.py')
2026-02-12 01:53:39,365 - INFO - Upload completed successfully: _usd_builtins.py
2026-02-12 01:53:39,365 - INFO - Starting upload: lib/pygments/lexers/_tsql_builtins.py -> /home/kevin/test/lib/pygments/lexers/_tsql_builtins.py (15460 bytes)
2026-02-12 01:53:39,367 - DEBUG - [chan 0] open(b'/home/kevin/test/lib/pygments/lexers/_tsql_builtins.py', 'wb')
2026-02-12 01:53:39,368 - DEBUG - [chan 0] open(b'/home/kevin/test/lib/pygments/lexers/_tsql_builtins.py', 'wb') -> 00000000
2026-02-12 01:53:39,368 - DEBUG - Progress: 15460/15460 bytes
2026-02-12 01:53:39,368 - DEBUG - [chan 0] close(00000000)
2026-02-12 01:53:39,370 - DEBUG - [chan 0] stat(b'/home/kevin/test/lib/pygments/lexers/_tsql_builtins.py')
2026-02-12 01:53:39,372 - INFO - Upload completed successfully: _tsql_builtins.py
2026-02-12 01:53:39,372 - INFO - Starting upload: lib/pygments/lexers/_stata_builtins.py -> /home/kevin/test/lib/pygments/lexers/_stata_builtins.py (27227 bytes)
2026-02-12 01:53:39,374 - DEBUG - [chan 0] open(b'/home/kevin/test/lib/pygments/lexers/_stata_builtins.py', 'wb')
2026-02-12 01:53:39,375 - DEBUG - [chan 0] open(b'/home/kevin/test/lib/pygments/lexers/_stata_builtins.py', 'wb') -> 00000000
2026-02-12 01:53:39,375 - DEBUG - Progress: 27227/27227 bytes
2026-02-12 01:53:39,375 - DEBUG - [chan 0] close(00000000)
2026-02-12 01:53:39,378 - DEBUG - [chan 0] stat(b'/home/kevin/test/lib/pygments/lexers/_stata_builtins.py')
2026-02-12 01:53:39,380 - INFO - Upload completed successfully: _stata_builtins.py
2026-02-12 01:53:39,381 - INFO - Starting upload: lib/pygments/lexers/_stan_builtins.py -> /home/kevin/test/lib/pygments/lexers/_stan_builtins.py (13445 bytes)
2026-02-12 01:53:39,383 - DEBUG - [chan 0] open(b'/home/kevin/test/lib/pygments/lexers/_stan_builtins.py', 'wb')
2026-02-12 01:53:39,383 - DEBUG - [chan 0] open(b'/home/kevin/test/lib/pygments/lexers/_stan_builtins.py', 'wb') -> 00000000
2026-02-12 01:53:39,384 - DEBUG - Progress: 13445/13445 bytes
2026-02-12 01:53:39,384 - DEBUG - [chan 0] close(00000000)
2026-02-12 01:53:39,386 - DEBUG - [chan 0] stat(b'/home/kevin/test/lib/pygments/lexers/_stan_builtins.py')
2026-02-12 01:53:39,388 - INFO - Upload completed successfully: _stan_builtins.py
2026-02-12 01:53:39,388 - INFO - Starting upload: lib/pygments/lexers/_sql_builtins.py -> /home/kevin/test/lib/pygments/lexers/_sql_builtins.py (6767 bytes)
2026-02-12 01:53:39,390 - DEBUG - [chan 0] open(b'/home/kevin/test/lib/pygments/lexers/_sql_builtins.py', 'wb')
2026-02-12 01:53:39,390 - DEBUG - [chan 0] open(b'/home/kevin/test/lib/pygments/lexers/_sql_builtins.py', 'wb') -> 00000000
2026-02-12 01:53:39,390 - DEBUG - Progress: 6767/6767 bytes
2026-02-12 01:53:39,391 - DEBUG - [chan 0] close(00000000)
2026-02-12 01:53:39,392 - DEBUG - [chan 0] stat(b'/home/kevin/test/lib/pygments/lexers/_sql_builtins.py')
2026-02-12 01:53:39,394 - INFO - Upload completed successfully: _sql_builtins.py
2026-02-12 01:53:39,394 - INFO - Starting upload: lib/pygments/lexers/_sourcemod_builtins.py -> /home/kevin/test/lib/pygments/lexers/_sourcemod_builtins.py (26777 bytes)
2026-02-12 01:53:39,396 - DEBUG - [chan 0] open(b'/home/kevin/test/lib/pygments/lexers/_sourcemod_builtins.py', 'wb')
2026-02-12 01:53:39,397 - DEBUG - [chan 0] open(b'/home/kevin/test/lib/pygments/lexers/_sourcemod_builtins.py', 'wb') -> 00000000
2026-02-12 01:53:39,397 - DEBUG - Progress: 26777/26777 bytes
2026-02-12 01:53:39,397 - DEBUG - [chan 0] close(00000000)
2026-02-12 01:53:39,401 - DEBUG - [chan 0] stat(b'/home/kevin/test/lib/pygments/lexers/_sourcemod_builtins.py')
2026-02-12 01:53:39,403 - INFO - Upload completed successfully: _sourcemod_builtins.py
2026-02-12 01:53:39,403 - INFO - Starting upload: lib/pygments/lexers/_scilab_builtins.py -> /home/kevin/test/lib/pygments/lexers/_scilab_builtins.py (52411 bytes)
2026-02-12 01:53:39,405 - DEBUG - [chan 0] open(b'/home/kevin/test/lib/pygments/lexers/_scilab_builtins.py', 'wb')
2026-02-12 01:53:39,406 - DEBUG - [chan 0] open(b'/home/kevin/test/lib/pygments/lexers/_scilab_builtins.py', 'wb') -> 00000000
2026-02-12 01:53:39,406 - DEBUG - Progress: 32768/52411 bytes
2026-02-12 01:53:39,406 - DEBUG - [chan 0] close(00000000)
2026-02-12 01:53:39,413 - DEBUG - [chan 0] stat(b'/home/kevin/test/lib/pygments/lexers/_scilab_builtins.py')
2026-02-12 01:53:39,415 - INFO - Upload completed successfully: _scilab_builtins.py
2026-02-12 01:53:39,415 - INFO - Starting upload: lib/pygments/lexers/_scheme_builtins.py -> /home/kevin/test/lib/pygments/lexers/_scheme_builtins.py (32564 bytes)
2026-02-12 01:53:39,417 - DEBUG - [chan 0] open(b'/home/kevin/test/lib/pygments/lexers/_scheme_builtins.py', 'wb')
2026-02-12 01:53:39,417 - DEBUG - [chan 0] open(b'/home/kevin/test/lib/pygments/lexers/_scheme_builtins.py', 'wb') -> 00000000
2026-02-12 01:53:39,417 - DEBUG - Progress: 32564/32564 bytes
2026-02-12 01:53:39,417 - DEBUG - [chan 0] close(00000000)
2026-02-12 01:53:39,421 - DEBUG - [chan 0] stat(b'/home/kevin/test/lib/pygments/lexers/_scheme_builtins.py')
2026-02-12 01:53:39,424 - INFO - Upload completed successfully: _scheme_builtins.py
2026-02-12 01:53:39,424 - INFO - Starting upload: lib/pygments/lexers/_qlik_builtins.py -> /home/kevin/test/lib/pygments/lexers/_qlik_builtins.py (12595 bytes)
2026-02-12 01:53:39,426 - DEBUG - [chan 0] open(b'/home/kevin/test/lib/pygments/lexers/_qlik_builtins.py', 'wb')
2026-02-12 01:53:39,427 - DEBUG - [chan 0] open(b'/home/kevin/test/lib/pygments/lexers/_qlik_builtins.py', 'wb') -> 00000000
2026-02-12 01:53:39,427 - DEBUG - Progress: 12595/12595 bytes
2026-02-12 01:53:39,427 - DEBUG - [chan 0] close(00000000)
2026-02-12 01:53:39,430 - DEBUG - [chan 0] stat(b'/home/kevin/test/lib/pygments/lexers/_qlik_builtins.py')
2026-02-12 01:53:39,431 - INFO - Upload completed successfully: _qlik_builtins.py
2026-02-12 01:53:39,432 - INFO - Starting upload: lib/pygments/lexers/_postgres_builtins.py -> /home/kevin/test/lib/pygments/lexers/_postgres_builtins.py (13343 bytes)
2026-02-12 01:53:39,434 - DEBUG - [chan 0] open(b'/home/kevin/test/lib/pygments/lexers/_postgres_builtins.py', 'wb')
2026-02-12 01:53:39,434 - DEBUG - [chan 0] open(b'/home/kevin/test/lib/pygments/lexers/_postgres_builtins.py', 'wb') -> 00000000
2026-02-12 01:53:39,435 - DEBUG - Progress: 13343/13343 bytes
2026-02-12 01:53:39,435 - DEBUG - [chan 0] close(00000000)
2026-02-12 01:53:39,437 - DEBUG - [chan 0] stat(b'/home/kevin/test/lib/pygments/lexers/_postgres_builtins.py')
2026-02-12 01:53:39,438 - INFO - Upload completed successfully: _postgres_builtins.py
2026-02-12 01:53:39,439 - INFO - Starting upload: lib/pygments/lexers/_php_builtins.py -> /home/kevin/test/lib/pygments/lexers/_php_builtins.py (107922 bytes)
2026-02-12 01:53:39,440 - DEBUG - [chan 0] open(b'/home/kevin/test/lib/pygments/lexers/_php_builtins.py', 'wb')
2026-02-12 01:53:39,441 - DEBUG - [chan 0] open(b'/home/kevin/test/lib/pygments/lexers/_php_builtins.py', 'wb') -> 00000000
2026-02-12 01:53:39,441 - DEBUG - Progress: 32768/107922 bytes
2026-02-12 01:53:39,442 - DEBUG - [chan 0] close(00000000)
2026-02-12 01:53:39,454 - DEBUG - [chan 0] stat(b'/home/kevin/test/lib/pygments/lexers/_php_builtins.py')
2026-02-12 01:53:39,456 - INFO - Upload completed successfully: _php_builtins.py
2026-02-12 01:53:39,456 - INFO - Starting upload: lib/pygments/lexers/_openedge_builtins.py -> /home/kevin/test/lib/pygments/lexers/_openedge_builtins.py (49398 bytes)
2026-02-12 01:53:39,458 - DEBUG - [chan 0] open(b'/home/kevin/test/lib/pygments/lexers/_openedge_builtins.py', 'wb')
2026-02-12 01:53:39,458 - DEBUG - [chan 0] open(b'/home/kevin/test/lib/pygments/lexers/_openedge_builtins.py', 'wb') -> 00000000
2026-02-12 01:53:39,459 - DEBUG - Progress: 32768/49398 bytes
2026-02-12 01:53:39,459 - DEBUG - [chan 0] close(00000000)
2026-02-12 01:53:39,467 - DEBUG - [chan 0] stat(b'/home/kevin/test/lib/pygments/lexers/_openedge_builtins.py')
2026-02-12 01:54:08,328 - DEBUG - Using selector: EpollSelector
2026-02-12 02:03:01,343 - DEBUG - Using selector: EpollSelector
2026-02-12 02:03:14,257 - INFO - Initiating SSH connection to 192.168.1.5:22
2026-02-12 02:03:14,257 - INFO - Attempting login for user: kevin
2026-02-12 02:03:14,259 - DEBUG - starting thread (client mode): 0x74e1eba0
2026-02-12 02:03:14,259 - DEBUG - Local version/idstring: SSH-2.0-paramiko_4.0.0
2026-02-12 02:03:14,273 - DEBUG - Remote version/idstring: SSH-2.0-OpenSSH_9.6p1 Ubuntu-3ubuntu13.11
2026-02-12 02:03:14,274 - INFO - Connected (version 2.0, client OpenSSH_9.6p1)
2026-02-12 02:03:14,276 - DEBUG - === Key exchange possibilities ===
2026-02-12 02:03:14,276 - DEBUG - kex algos: sntrup761x25519-sha512@openssh.com, curve25519-sha256, curve25519-sha256@libssh.org, ecdh-sha2-nistp256, ecdh-sha2-nistp384, ecdh-sha2-nistp521, diffie-hellman-group-exchange-sha256, diffie-hellman-group16-sha512, diffie-hellman-group18-sha512, diffie-hellman-group14-sha256, ext-info-s, kex-strict-s-v00@openssh.com
2026-02-12 02:03:14,276 - DEBUG - server key: rsa-sha2-512, rsa-sha2-256, ecdsa-sha2-nistp256, ssh-ed25519
2026-02-12 02:03:14,276 - DEBUG - client encrypt: chacha20-poly1305@openssh.com, aes128-ctr, aes192-ctr, aes256-ctr, aes128-gcm@openssh.com, aes256-gcm@openssh.com
2026-02-12 02:03:14,276 - DEBUG - server encrypt: chacha20-poly1305@openssh.com, aes128-ctr, aes192-ctr, aes256-ctr, aes128-gcm@openssh.com, aes256-gcm@openssh.com
2026-02-12 02:03:14,276 - DEBUG - client mac: umac-64-etm@openssh.com, umac-128-etm@openssh.com, hmac-sha2-256-etm@openssh.com, hmac-sha2-512-etm@openssh.com, hmac-sha1-etm@openssh.com, umac-64@openssh.com, umac-128@openssh.com, hmac-sha2-256, hmac-sha2-512, hmac-sha1
2026-02-12 02:03:14,276 - DEBUG - server mac: umac-64-etm@openssh.com, umac-128-etm@openssh.com, hmac-sha2-256-etm@openssh.com, hmac-sha2-512-etm@openssh.com, hmac-sha1-etm@openssh.com, umac-64@openssh.com, umac-128@openssh.com, hmac-sha2-256, hmac-sha2-512, hmac-sha1
2026-02-12 02:03:14,276 - DEBUG - client compress: none, zlib@openssh.com
2026-02-12 02:03:14,276 - DEBUG - server compress: none, zlib@openssh.com
2026-02-12 02:03:14,276 - DEBUG - client lang: <none>
2026-02-12 02:03:14,276 - DEBUG - server lang: <none>
2026-02-12 02:03:14,276 - DEBUG - kex follows: False
2026-02-12 02:03:14,276 - DEBUG - === Key exchange agreements ===
2026-02-12 02:03:14,276 - DEBUG - Strict kex mode: True
2026-02-12 02:03:14,276 - DEBUG - Kex: curve25519-sha256@libssh.org
2026-02-12 02:03:14,276 - DEBUG - HostKey: ssh-ed25519
2026-02-12 02:03:14,276 - DEBUG - Cipher: aes128-ctr
2026-02-12 02:03:14,277 - DEBUG - MAC: hmac-sha2-256
2026-02-12 02:03:14,277 - DEBUG - Compression: none
2026-02-12 02:03:14,277 - DEBUG - === End of kex handshake ===
2026-02-12 02:03:14,286 - DEBUG - Resetting outbound seqno after NEWKEYS due to strict mode
2026-02-12 02:03:14,286 - DEBUG - kex engine KexCurve25519 specified hash_algo <built-in function openssl_sha256>
2026-02-12 02:03:14,286 - DEBUG - Switch to new keys ...
2026-02-12 02:03:14,286 - DEBUG - Resetting inbound seqno after NEWKEYS due to strict mode
2026-02-12 02:03:14,287 - DEBUG - Adding ssh-ed25519 host key for 192.168.1.5: b'05b4c881009e843d53172fd7a680af53'
2026-02-12 02:03:14,287 - DEBUG - Got EXT_INFO: {'server-sig-algs': b'ssh-ed25519,ecdsa-sha2-nistp256,ecdsa-sha2-nistp384,ecdsa-sha2-nistp521,sk-ssh-ed25519@openssh.com,sk-ecdsa-sha2-nistp256@openssh.com,rsa-sha2-512,rsa-sha2-256', 'publickey-hostbound@openssh.com': b'0', 'ping@openssh.com': b'0'}
2026-02-12 02:03:14,327 - DEBUG - userauth is OK
2026-02-12 02:03:14,348 - INFO - Authentication (password) successful!
2026-02-12 02:03:14,349 - INFO - SSH connection established. Opening SFTP session...
2026-02-12 02:03:14,349 - DEBUG - [chan 0] Max packet in: 32768 bytes
2026-02-12 02:03:14,784 - DEBUG - Received global request "hostkeys-00@openssh.com"
2026-02-12 02:03:14,784 - DEBUG - Rejecting "hostkeys-00@openssh.com" global request from server.
2026-02-12 02:03:14,824 - DEBUG - [chan 0] Max packet out: 32768 bytes
2026-02-12 02:03:14,824 - DEBUG - Secsh channel 0 opened.
2026-02-12 02:03:14,826 - DEBUG - [chan 0] Sesch channel 0 request ok
2026-02-12 02:03:14,829 - INFO - [chan 0] Opened sftp connection (server version 3)
2026-02-12 02:03:14,829 - INFO - SFTP session opened successfully.
2026-02-12 02:03:14,829 - INFO - Scanning directory: core
2026-02-12 02:03:14,829 - DEBUG - [chan 0] mkdir(b'/home/kevin/test/core', 511)
2026-02-12 02:03:14,830 - INFO - Created remote folder: /home/kevin/test/core
2026-02-12 02:03:14,831 - INFO - Closing SFTP and SSH connections.
2026-02-12 02:03:14,831 - INFO - [chan 0] sftp session closed.
2026-02-12 02:03:14,831 - DEBUG - [chan 0] EOF sent (0)
2026-02-12 02:03:52,971 - DEBUG - Using selector: EpollSelector
2026-02-12 02:03:54,763 - INFO - Initiating SSH connection to 192.168.1.5:22
2026-02-12 02:03:54,763 - INFO - Attempting login for user: kevin
2026-02-12 02:03:54,767 - DEBUG - starting thread (client mode): 0x7adc6ba0
2026-02-12 02:03:54,767 - DEBUG - Local version/idstring: SSH-2.0-paramiko_4.0.0
2026-02-12 02:03:54,780 - DEBUG - Remote version/idstring: SSH-2.0-OpenSSH_9.6p1 Ubuntu-3ubuntu13.11
2026-02-12 02:03:54,781 - INFO - Connected (version 2.0, client OpenSSH_9.6p1)
2026-02-12 02:03:54,782 - DEBUG - === Key exchange possibilities ===
2026-02-12 02:03:54,783 - DEBUG - kex algos: sntrup761x25519-sha512@openssh.com, curve25519-sha256, curve25519-sha256@libssh.org, ecdh-sha2-nistp256, ecdh-sha2-nistp384, ecdh-sha2-nistp521, diffie-hellman-group-exchange-sha256, diffie-hellman-group16-sha512, diffie-hellman-group18-sha512, diffie-hellman-group14-sha256, ext-info-s, kex-strict-s-v00@openssh.com
2026-02-12 02:03:54,783 - DEBUG - server key: rsa-sha2-512, rsa-sha2-256, ecdsa-sha2-nistp256, ssh-ed25519
2026-02-12 02:03:54,783 - DEBUG - client encrypt: chacha20-poly1305@openssh.com, aes128-ctr, aes192-ctr, aes256-ctr, aes128-gcm@openssh.com, aes256-gcm@openssh.com
2026-02-12 02:03:54,783 - DEBUG - server encrypt: chacha20-poly1305@openssh.com, aes128-ctr, aes192-ctr, aes256-ctr, aes128-gcm@openssh.com, aes256-gcm@openssh.com
2026-02-12 02:03:54,783 - DEBUG - client mac: umac-64-etm@openssh.com, umac-128-etm@openssh.com, hmac-sha2-256-etm@openssh.com, hmac-sha2-512-etm@openssh.com, hmac-sha1-etm@openssh.com, umac-64@openssh.com, umac-128@openssh.com, hmac-sha2-256, hmac-sha2-512, hmac-sha1
2026-02-12 02:03:54,783 - DEBUG - server mac: umac-64-etm@openssh.com, umac-128-etm@openssh.com, hmac-sha2-256-etm@openssh.com, hmac-sha2-512-etm@openssh.com, hmac-sha1-etm@openssh.com, umac-64@openssh.com, umac-128@openssh.com, hmac-sha2-256, hmac-sha2-512, hmac-sha1
2026-02-12 02:03:54,783 - DEBUG - client compress: none, zlib@openssh.com
2026-02-12 02:03:54,783 - DEBUG - server compress: none, zlib@openssh.com
2026-02-12 02:03:54,783 - DEBUG - client lang: <none>
2026-02-12 02:03:54,783 - DEBUG - server lang: <none>
2026-02-12 02:03:54,783 - DEBUG - kex follows: False
2026-02-12 02:03:54,783 - DEBUG - === Key exchange agreements ===
2026-02-12 02:03:54,783 - DEBUG - Strict kex mode: True
2026-02-12 02:03:54,783 - DEBUG - Kex: curve25519-sha256@libssh.org
2026-02-12 02:03:54,783 - DEBUG - HostKey: ssh-ed25519
2026-02-12 02:03:54,783 - DEBUG - Cipher: aes128-ctr
2026-02-12 02:03:54,783 - DEBUG - MAC: hmac-sha2-256
2026-02-12 02:03:54,783 - DEBUG - Compression: none
2026-02-12 02:03:54,783 - DEBUG - === End of kex handshake ===
2026-02-12 02:03:54,792 - DEBUG - Resetting outbound seqno after NEWKEYS due to strict mode
2026-02-12 02:03:54,793 - DEBUG - kex engine KexCurve25519 specified hash_algo <built-in function openssl_sha256>
2026-02-12 02:03:54,793 - DEBUG - Switch to new keys ...
2026-02-12 02:03:54,793 - DEBUG - Resetting inbound seqno after NEWKEYS due to strict mode
2026-02-12 02:03:54,794 - DEBUG - Adding ssh-ed25519 host key for 192.168.1.5: b'05b4c881009e843d53172fd7a680af53'
2026-02-12 02:03:54,794 - DEBUG - Got EXT_INFO: {'server-sig-algs': b'ssh-ed25519,ecdsa-sha2-nistp256,ecdsa-sha2-nistp384,ecdsa-sha2-nistp521,sk-ssh-ed25519@openssh.com,sk-ecdsa-sha2-nistp256@openssh.com,rsa-sha2-512,rsa-sha2-256', 'publickey-hostbound@openssh.com': b'0', 'ping@openssh.com': b'0'}
2026-02-12 02:03:54,834 - DEBUG - userauth is OK
2026-02-12 02:03:54,855 - INFO - Authentication (password) successful!
2026-02-12 02:03:54,856 - INFO - SSH connection established. Opening SFTP session...
2026-02-12 02:03:54,856 - DEBUG - [chan 0] Max packet in: 32768 bytes
2026-02-12 02:03:54,922 - DEBUG - Received global request "hostkeys-00@openssh.com"
2026-02-12 02:03:54,922 - DEBUG - Rejecting "hostkeys-00@openssh.com" global request from server.
2026-02-12 02:03:54,963 - DEBUG - [chan 0] Max packet out: 32768 bytes
2026-02-12 02:03:54,963 - DEBUG - Secsh channel 0 opened.
2026-02-12 02:03:54,965 - DEBUG - [chan 0] Sesch channel 0 request ok
2026-02-12 02:03:54,969 - INFO - [chan 0] Opened sftp connection (server version 3)
2026-02-12 02:03:54,969 - INFO - SFTP session opened successfully.
2026-02-12 02:03:54,969 - INFO - Scanning directory: __pycache__
2026-02-12 02:03:54,969 - DEBUG - [chan 0] mkdir(b'/home/kevin/test/__pycache__', 511)
2026-02-12 02:03:54,970 - INFO - Created remote folder: /home/kevin/test/__pycache__
2026-02-12 02:03:54,970 - INFO - Starting upload: __pycache__/setup.cpython-314.pyc -> /home/kevin/test/__pycache__/setup.cpython-314.pyc (1219 bytes)
2026-02-12 02:03:54,975 - DEBUG - [chan 0] open(b'/home/kevin/test/__pycache__/setup.cpython-314.pyc', 'wb')
2026-02-12 02:03:54,976 - DEBUG - [chan 0] open(b'/home/kevin/test/__pycache__/setup.cpython-314.pyc', 'wb') -> 00000000
2026-02-12 02:03:54,977 - DEBUG - Progress: 1219/1219 bytes
2026-02-12 02:03:54,977 - DEBUG - [chan 0] close(00000000)
2026-02-12 02:03:54,978 - DEBUG - [chan 0] stat(b'/home/kevin/test/__pycache__/setup.cpython-314.pyc')
2026-02-12 02:03:54,981 - INFO - Upload completed successfully: setup.cpython-314.pyc
2026-02-12 02:03:54,982 - INFO - Starting upload: __pycache__/initSync.cpython-314.pyc -> /home/kevin/test/__pycache__/initSync.cpython-314.pyc (4463 bytes)
2026-02-12 02:03:54,985 - DEBUG - [chan 0] open(b'/home/kevin/test/__pycache__/initSync.cpython-314.pyc', 'wb')
2026-02-12 02:03:54,986 - DEBUG - [chan 0] open(b'/home/kevin/test/__pycache__/initSync.cpython-314.pyc', 'wb') -> 00000000
2026-02-12 02:03:54,986 - DEBUG - Progress: 4463/4463 bytes
2026-02-12 02:03:54,986 - DEBUG - [chan 0] close(00000000)
2026-02-12 02:03:54,988 - DEBUG - [chan 0] stat(b'/home/kevin/test/__pycache__/initSync.cpython-314.pyc')
2026-02-12 02:03:54,991 - INFO - Upload completed successfully: initSync.cpython-314.pyc
2026-02-12 02:03:54,991 - INFO - Starting upload: __pycache__/sync.cpython-314.pyc -> /home/kevin/test/__pycache__/sync.cpython-314.pyc (2675 bytes)
2026-02-12 02:03:54,994 - DEBUG - [chan 0] open(b'/home/kevin/test/__pycache__/sync.cpython-314.pyc', 'wb')
2026-02-12 02:03:54,995 - DEBUG - [chan 0] open(b'/home/kevin/test/__pycache__/sync.cpython-314.pyc', 'wb') -> 00000000
2026-02-12 02:03:54,996 - DEBUG - Progress: 2675/2675 bytes
2026-02-12 02:03:54,996 - DEBUG - [chan 0] close(00000000)
2026-02-12 02:03:54,997 - DEBUG - [chan 0] stat(b'/home/kevin/test/__pycache__/sync.cpython-314.pyc')
2026-02-12 02:03:55,000 - INFO - Upload completed successfully: sync.cpython-314.pyc
2026-02-12 02:03:55,000 - INFO - Closing SFTP and SSH connections.
2026-02-12 02:03:55,000 - INFO - [chan 0] sftp session closed.
2026-02-12 02:03:55,001 - DEBUG - [chan 0] EOF sent (0)
2026-02-12 02:05:35,235 - DEBUG - Using selector: EpollSelector
2026-02-12 02:07:35,655 - DEBUG - Using selector: EpollSelector
2026-02-12 02:08:45,662 - DEBUG - Using selector: EpollSelector
